timestamp,device,router_latency_ms,router_packet_loss,dns_latency_ms,dns_packet_loss,rssi_dbm,tx_rate_mbps,jitter_ms,nic_errors_per_sec,traffic_kbps,router_latency_rolling5,dns_latency_rolling5,rssi_rolling5,router_trend,dns_trend,rssi_trend,is_failure,failure_type,minutes_to_failure
1789892816.765546,Router,11.3,0.0,41.42,0.0,-55.1,240.5,0.28,0.01,49.46,11.3,41.42,-55.1,0.0,0.0,0.0,0,none,10.0
1789892816.7684891,Router,11.97,0.0,42.27,0.0,-55.4,241.2,0.28,0.25,49.4,11.64,41.84,-55.25,0.0,0.0,0.0,0,none,10.0
1789892816.7711356,Router,12.1,0.0,43.19,0.0,-55.1,244.2,0.29,0.27,45.2,11.79,42.29,-55.2,0.0,0.0,0.0,0,none,10.0
1789892816.7737226,Router,11.67,0.0,41.99,0.0,-54.8,245.6,0.29,0.45,47.81,11.76,42.22,-55.1,0.0,0.0,0.0,0,none,10.0
1789892816.7763093,Router,12.09,0.0,41.62,0.0,-55.2,245.3,0.3,0.58,45.89,11.83,42.1,-55.12,0.0,0.0,0.0,0,none,10.0
1789892816.778869,Router,11.52,0.0,40.42,0.0,-54.8,248.7,0.24,0.62,47.03,11.87,41.9,-55.06,0.22,-1.0,0.3,0,none,10.0
1789892816.7813942,Router,11.89,0.0,41.58,0.0,-54.8,248.2,0.23,0.58,41.72,11.85,41.76,-54.94,-0.08,-0.69,0.6,0,none,10.0
1789892816.7839363,Router,231.56,0.0,41.13,0.0,-54.5,246.2,87.91,0.41,40.17,55.75,41.35,-54.82,219.46,-2.06,0.6,1,router_latency_spike,0.0
1789892816.7864435,Router,412.5,0.0,40.19,0.0,-54.7,243.0,162.38,0.54,35.78,135.91,40.99,-54.8,400.83,-1.8,0.1,1,router_latency_spike,0.0
1789892816.7889538,Router,523.13,0.0,39.96,0.0,-54.6,239.9,206.98,0.7,30.39,238.12,40.66,-54.68,511.04,-1.66,0.6,1,router_latency_spike,0.0
1789892816.7915366,Router,9999.0,12.5,39.47,0.0,-54.5,238.6,206.98,0.64,31.74,2235.62,40.47,-54.62,9987.48,-0.95,0.3,1,router_latency_spike,0.0
1789892816.793769,Router,771.15,12.5,40.55,0.0,-54.5,241.5,257.52,0.67,29.78,2387.47,40.26,-54.56,759.26,-1.03,0.3,1,router_latency_spike,0.0
1789892816.7959962,Router,9999.0,25.0,41.03,0.0,-54.6,244.3,257.52,0.69,34.45,4340.96,40.24,-54.58,9767.44,-0.1,-0.1,1,router_latency_spike,0.0
1789892816.7985299,Router,1081.05,25.0,41.46,0.0,-54.8,242.1,295.78,0.64,30.14,4474.67,40.49,-54.6,668.55,1.27,-0.1,1,router_latency_spike,0.0
1789892816.8013148,Router,9999.0,37.5,41.03,0.0,-55.0,245.2,295.78,0.67,28.41,6369.84,40.71,-54.68,9475.87,1.07,-0.4,1,router_latency_spike,0.0
1789892816.8038054,Router,1422.46,37.5,41.06,0.0,-55.3,243.2,370.2,0.58,29.15,4654.53,41.03,-54.84,-8576.54,1.59,-0.8,1,router_latency_spike,0.0
1789892816.8063984,Router,1533.43,37.5,40.41,0.0,-55.1,245.5,381.43,0.68,31.13,4806.99,41.0,-54.96,762.28,-0.14,-0.6,1,router_latency_spike,0.0
1789892816.8090448,Router,1742.64,37.5,40.24,0.0,-54.8,249.2,344.24,0.53,34.41,3155.72,40.84,-55.0,-8256.36,-0.79,-0.2,1,router_latency_spike,0.0
1789892816.8116567,Router,9999.0,37.5,40.27,0.0,-54.8,251.1,344.24,0.58,38.53,4939.31,40.6,-55.0,8917.95,-1.19,0.0,1,router_latency_spike,0.0
1789892816.8144329,Router,1952.24,37.5,39.17,0.0,-55.1,251.8,295.06,0.57,41.32,3329.95,40.23,-55.02,-8046.76,-1.86,-0.1,1,,0.0
1789892816.8172574,Router,1952.16,25.0,38.95,0.0,-54.9,250.0,215.26,0.49,46.93,3435.89,39.81,-54.94,529.7,-2.11,0.4,1,none,0.67
1789892816.819838,Router,1952.01,25.0,38.5,0.0,-54.8,250.1,167.5,0.34,43.67,3519.61,39.43,-54.88,418.58,-1.91,0.3,1,none,0.5
1789892816.82245,Router,1952.09,12.5,39.97,0.0,-54.5,247.3,83.8,0.45,42.81,3561.5,39.37,-54.82,209.45,-0.27,0.3,1,none,0.33
1789892816.8250585,Router,1952.35,12.5,38.69,0.0,-54.9,244.8,0.12,0.51,48.32,1952.17,39.06,-54.84,-8046.65,-1.58,-0.1,1,none,0.2
1789892816.8276603,Router,1952.74,12.5,39.25,0.0,-54.6,244.1,0.26,0.4,54.27,1952.27,39.07,-54.74,0.5,0.08,0.5,1,none,0.2
1789892816.8304732,Router,1952.46,12.5,38.24,0.0,-54.6,246.0,0.26,0.57,52.62,1952.33,38.93,-54.68,0.3,-0.71,0.3,0,none,10.0
1789892816.8330398,Router,1953.05,0.0,36.85,0.0,-54.7,246.2,0.33,0.66,49.91,1952.54,38.6,-54.66,1.04,-1.65,0.1,0,none,10.0
1789892816.8355443,Router,1952.35,0.0,36.51,0.0,-54.9,245.8,0.27,0.5,44.87,1952.59,37.91,-54.74,0.26,-3.46,-0.4,0,none,10.0
1789892816.8380334,Router,1952.19,0.0,37.41,0.0,-55.0,241.9,0.31,0.61,47.03,1952.56,37.65,-54.76,-0.16,-1.28,-0.1,0,none,10.0
1789892816.8408492,Router,1951.71,0.0,35.93,0.0,-55.1,242.3,0.43,0.44,41.43,1952.35,36.99,-54.86,-1.03,-3.32,-0.5,0,none,10.0
1789892816.843384,Router,1952.17,0.0,36.88,0.0,-55.5,242.1,0.44,0.59,43.2,1952.29,36.72,-55.04,-0.29,-1.36,-0.9,0,none,10.0
1789892816.8459475,Router,1952.81,0.0,37.12,0.0,-55.4,245.4,0.36,0.41,43.76,1952.25,36.77,-55.18,-0.24,0.27,-0.7,0,none,10.0
1789892816.8488028,Router,1953.0,0.0,37.38,0.0,-55.1,244.3,0.47,0.28,47.26,1952.38,36.94,-55.22,0.65,0.87,-0.2,0,none,10.0
1789892816.8514369,Router,1952.22,0.0,38.47,0.0,-55.0,248.0,0.47,0.49,47.84,1952.38,37.16,-55.22,0.03,1.06,0.0,0,none,10.0
1789892816.8542323,Router,1951.87,0.0,38.66,0.0,-54.6,246.7,0.42,0.38,41.87,1952.41,37.7,-55.12,0.16,2.73,0.5,0,none,10.0
1789892816.8568304,Router,1951.95,0.0,38.06,0.0,-54.3,246.2,0.45,0.43,42.77,1952.37,37.94,-54.88,-0.22,1.18,1.2,0,none,10.0
1789892816.8594365,Router,1951.74,0.0,37.59,0.0,-54.6,247.9,0.45,0.4,48.37,1952.16,38.03,-54.72,-1.07,0.47,0.8,0,none,10.0
1789892816.8618662,Router,1951.06,0.0,37.6,0.0,-54.4,245.3,0.39,0.48,47.11,1951.77,38.08,-54.58,-1.94,0.22,0.7,0,none,10.0
1789892816.864672,Router,1951.74,0.0,38.2,0.0,-54.0,241.8,0.32,0.59,48.82,1951.67,38.02,-54.38,-0.48,-0.27,1.0,0,none,10.0
1789892816.8672633,Router,1950.95,0.0,39.54,0.0,-53.8,245.0,0.41,0.48,43.21,1951.49,38.2,-54.22,-0.92,0.88,0.8,0,none,10.0
1789892816.8698635,Router,1950.69,0.0,39.83,0.0,-53.8,246.7,0.43,0.62,39.42,1951.24,38.55,-54.12,-1.26,1.77,0.5,0,none,10.0
1789892816.87247,Router,1951.41,0.0,38.7,0.0,-53.8,244.7,0.37,0.66,33.91,1951.17,38.77,-53.96,-0.33,1.11,0.8,0,none,10.0
1789892816.875173,Router,1951.26,0.0,38.51,0.0,-54.0,242.7,0.36,0.54,34.03,1951.21,38.96,-53.88,0.2,0.91,0.4,0,none,10.0
1789892816.8779817,Router,1951.14,0.0,39.3,0.0,-54.3,243.3,0.25,0.34,39.23,1951.09,39.18,-53.94,-0.6,1.1,-0.3,0,none,10.0
1789892816.8808384,Router,1951.03,0.0,40.0,0.0,-54.0,240.0,0.24,0.41,35.46,1951.11,39.27,-53.98,0.08,0.46,-0.2,0,none,10.0
1789892816.8837044,Router,1950.64,0.0,40.79,0.0,-54.3,242.7,0.26,0.47,36.76,1951.1,39.46,-54.08,-0.05,0.96,-0.5,0,none,10.0
1789892816.8862584,Router,1949.89,0.0,41.77,0.0,-54.4,239.6,0.49,0.35,35.24,1950.79,40.07,-54.2,-1.52,3.07,-0.6,0,none,10.0
1789892816.8888557,Router,1950.28,0.0,42.88,0.0,-54.5,237.0,0.46,0.4,41.16,1950.6,40.95,-54.3,-0.98,4.37,-0.5,0,none,10.0
1789892816.8914516,Router,1950.37,0.0,43.92,0.0,-54.7,235.3,0.38,0.63,43.67,1950.44,41.87,-54.38,-0.77,4.62,-0.4,0,none,10.0
1789892816.8942218,Router,1950.85,0.0,44.09,0.0,-54.8,238.8,0.33,0.56,44.08,1950.41,42.69,-54.54,-0.18,4.09,-0.8,0,none,10.0
1789892816.8967724,Router,1950.97,0.0,44.16,0.0,-54.7,240.6,0.39,0.58,40.91,1950.47,43.36,-54.62,0.33,3.37,-0.4,0,none,10.0
1789892816.8993304,Router,1951.71,0.0,45.45,0.0,-54.4,242.5,0.51,0.41,38.6,1950.84,44.1,-54.62,1.82,3.68,0.0,0,none,10.0
1789892816.9019008,Router,1952.0,0.0,46.64,0.0,-54.3,238.6,0.59,0.48,36.58,1951.18,44.85,-54.58,1.72,3.76,0.2,0,none,10.0
1789892816.904161,Router,1951.51,0.0,45.15,0.0,-54.5,238.4,0.43,0.4,33.84,1951.41,45.1,-54.54,1.14,1.23,0.2,0,none,10.0
1789892816.906615,Router,1950.85,0.0,44.09,0.0,-54.3,235.5,0.44,0.35,28.35,1951.41,45.1,-54.44,0.0,0.0,0.5,0,none,10.0
1789892816.9091127,Router,1950.28,0.0,43.69,0.0,-54.1,231.9,0.62,0.31,26.5,1951.27,45.0,-54.32,-0.69,-0.47,0.6,0,none,10.0
1789892816.9117098,Router,1951.03,0.0,43.27,0.0,-53.9,232.9,0.58,0.54,31.83,1951.13,44.57,-54.22,-0.68,-2.18,0.5,0,none,10.0
1789892816.9142914,Router,1975.41,0.0,43.95,0.0,-72.5,175.4,9.8,0.42,35.66,1955.82,44.03,-57.86,23.41,-2.69,-18.2,1,wifi_ap_degrade,0.0
1789892816.9169333,Router,2021.67,0.0,45.12,0.0,-95.6,51.1,27.62,0.46,37.53,1969.85,44.02,-66.08,70.16,-0.03,-41.1,1,wifi_ap_degrade,0.0
1789892816.9191911,Router,2047.0,0.0,44.62,0.0,-100.0,2.7,38.88,0.62,37.95,1989.08,44.13,-75.22,96.15,0.53,-45.7,1,wifi_ap_degrade,0.0
1789892816.9214582,Router,2082.84,0.0,44.34,0.0,-100.0,1.0,47.6,0.6,41.91,2015.59,44.26,-84.4,132.56,0.65,-45.9,1,wifi_ap_degrade,0.0
1789892816.9240546,Router,2107.57,0.0,44.83,0.0,-100.0,1.0,46.3,0.51,41.05,2046.9,44.57,-93.62,156.54,1.56,-46.1,1,wifi_ap_degrade,0.0
1789892816.9265206,Router,2156.86,0.0,46.33,0.0,-100.0,1.0,47.15,0.35,38.03,2083.19,45.05,-99.12,181.45,2.38,-27.5,1,wifi_ap_degrade,0.0
1789892816.9292364,Router,2202.5,0.0,46.0,0.0,-100.0,1.0,54.82,0.34,40.81,2119.35,45.22,-100.0,180.83,0.88,-4.4,1,wifi_ap_degrade,0.0
1789892816.9318368,Router,2242.26,0.0,45.44,0.0,-100.0,1.0,58.77,0.41,43.02,2158.41,45.39,-100.0,195.26,0.82,0.0,1,wifi_ap_degrade,0.0
1789892816.9344764,Router,2259.4,0.0,45.69,0.0,-100.0,1.0,55.73,0.49,37.57,2193.72,45.66,-100.0,176.56,1.35,0.0,1,wifi_ap_degrade,0.0
1789892816.9370835,Router,2285.27,0.0,45.0,0.0,-100.0,1.0,45.1,0.56,32.96,2229.26,45.69,-100.0,177.7,0.17,0.0,1,wifi_ap_degrade,0.0
1789892816.9400592,Router,2330.98,0.0,44.87,0.0,-100.0,1.0,42.93,0.58,36.97,2264.08,45.4,-100.0,174.12,-1.46,0.0,1,wifi_ap_degrade,0.0
1789892816.9431274,Router,2358.58,0.0,45.39,0.0,-100.0,1.0,43.55,0.36,40.1,2295.3,45.28,-100.0,156.08,-0.61,0.0,1,wifi_ap_degrade,0.0
1789892816.9461713,Router,2399.23,0.0,45.05,0.0,-100.0,1.0,50.08,0.44,45.46,2326.69,45.2,-100.0,156.97,-0.39,0.0,1,wifi_ap_degrade,0.0
1789892816.9485724,Router,2436.73,0.0,44.37,0.0,-100.0,1.0,52.6,0.64,42.03,2362.16,44.94,-100.0,177.33,-1.32,0.0,1,wifi_ap_degrade,0.0
1789892816.9512637,Router,2466.22,0.0,43.81,0.0,-100.0,1.0,49.4,0.7,40.66,2398.35,44.7,-100.0,180.95,-1.19,0.0,1,,0.0
1789892816.9537618,Router,2465.72,0.0,42.56,0.0,-100.0,3.0,41.4,0.72,35.56,2425.3,44.24,-100.0,134.74,-2.31,0.0,1,none,0.67
1789892816.9561422,Router,2466.16,0.0,42.25,0.0,-100.0,1.9,26.36,0.68,34.84,2446.81,43.61,-100.0,107.58,-3.14,0.0,1,none,0.5
1789892816.9584787,Router,2466.23,0.0,42.12,0.0,-99.7,3.9,11.74,0.76,32.67,2460.21,43.02,-99.94,67.0,-2.93,0.3,1,none,0.33
1789892816.961228,Router,2465.69,0.0,41.2,0.0,-99.5,5.4,0.25,0.59,34.9,2466.0,42.39,-99.84,28.96,-3.17,0.5,1,none,0.2
1789892816.9639766,Router,2466.09,0.0,40.08,0.0,-99.8,1.5,0.23,0.61,40.55,2465.98,41.64,-99.8,-0.13,-3.73,0.2,1,none,0.2
1789892816.9665663,Router,2466.04,0.0,40.32,0.0,-99.9,1.0,0.19,0.65,45.25,2466.04,41.19,-99.78,0.32,-2.24,0.1,0,none,10.0
1789892816.9691346,Router,2465.27,0.0,39.7,0.0,-100.0,4.7,0.35,0.67,45.3,2465.86,40.68,-99.78,-0.89,-2.55,0.0,0,none,10.0
1789892816.9717126,Router,2465.21,0.0,39.43,0.0,-100.0,7.2,0.37,0.48,46.21,2465.66,40.15,-99.84,-1.02,-2.69,-0.3,0,none,10.0
1789892816.974381,Router,2464.95,0.0,39.61,0.0,-99.7,3.5,0.47,0.57,47.72,2465.51,39.83,-99.88,-0.74,-1.59,-0.2,0,none,10.0
1789892816.9770641,Router,2464.19,0.0,38.72,0.0,-99.5,1.0,0.6,0.56,43.37,2465.13,39.56,-99.82,-1.9,-1.36,0.3,0,none,10.0
1789892816.9798067,Router,2463.66,0.0,37.25,0.0,-99.5,1.0,0.63,0.5,39.4,2464.66,38.94,-99.74,-2.38,-3.07,0.4,0,none,10.0
1789892816.9826558,Router,2464.37,0.0,36.49,0.0,-99.6,4.1,0.55,0.6,44.38,2464.48,38.3,-99.66,-0.9,-3.21,0.4,0,none,10.0
1789892816.9851549,Router,2463.81,0.0,35.43,0.0,-99.9,6.6,0.45,0.4,39.04,2464.2,37.5,-99.64,-1.4,-4.0,0.1,0,none,10.0
1789892816.9877234,Router,2464.38,0.0,36.74,0.0,-100.0,10.4,0.3,0.48,42.6,2464.08,36.93,-99.7,-0.57,-2.87,-0.3,0,none,10.0
1789892816.9903843,Router,2464.48,0.0,36.69,0.0,-99.9,8.3,0.34,0.57,40.01,2464.14,36.52,-99.78,0.29,-2.03,-0.4,0,none,10.0
1789892816.9934182,Router,2463.81,0.0,36.08,0.0,-99.9,5.3,0.3,0.72,34.34,2464.17,36.29,-99.86,0.15,-1.17,-0.4,0,none,10.0
1789892816.9964585,Router,2464.03,0.0,35.54,0.0,-99.8,2.7,0.28,0.75,28.54,2464.1,36.1,-99.9,-0.34,-0.95,-0.2,0,none,10.0
1789892816.9994836,Router,2464.77,0.0,34.17,0.0,-100.0,6.6,0.34,0.63,27.2,2464.29,35.84,-99.92,0.96,-1.26,-0.1,0,none,10.0
1789892817.0025136,Router,2464.07,0.0,33.84,0.0,-100.0,8.3,0.35,0.45,31.39,2464.23,35.26,-99.92,-0.31,-2.9,0.0,0,none,10.0
1789892817.0055094,Router,2464.13,0.0,34.18,0.0,-100.0,7.7,0.32,0.48,32.42,2464.16,34.76,-99.94,-0.35,-2.51,-0.1,0,none,10.0
1789892817.0082238,Router,9999.0,12.5,34.63,0.0,-99.6,7.2,0.32,0.67,31.42,3971.2,34.47,-99.88,7535.19,-1.45,0.3,1,router_packet_loss,0.0
1789892817.0108562,Router,9999.0,25.0,34.15,0.0,-99.5,6.7,0.32,0.76,29.18,5478.19,34.19,-99.82,7534.97,-1.39,0.3,1,router_packet_loss,0.0
1789892817.0132582,Router,9999.0,37.5,34.95,0.0,-99.7,9.2,0.32,0.64,32.03,6985.04,34.35,-99.76,7534.23,0.78,0.3,1,router_packet_loss,0.0
1789892817.0161371,Router,9999.0,50.0,35.88,0.0,-99.7,7.1,0.32,0.77,35.25,8492.03,34.76,-99.7,7534.93,2.04,0.3,1,router_packet_loss,0.0
1789892817.0183854,Router,9999.0,62.5,35.83,0.0,-99.8,4.5,0.32,0.68,34.32,9999.0,35.09,-99.66,7534.87,1.65,0.2,1,router_packet_loss,0.0
1789892817.0211775,Router,2909.1,62.5,35.17,0.0,-99.7,3.7,177.94,0.57,31.47,8581.02,35.2,-99.68,-7089.9,0.54,-0.1,1,router_packet_loss,0.0
1789892817.0239828,Router,3013.67,62.5,34.1,0.0,-99.4,4.5,245.74,0.42,26.32,7183.95,35.19,-99.66,-6985.33,-0.05,0.1,1,router_packet_loss,0.0
1789892817.0267801,Router,3091.85,62.5,33.15,0.0,-99.7,2.6,271.2,0.54,22.7,5802.52,34.83,-99.66,-6907.15,-1.8,0.0,1,router_packet_loss,0.0
1789892817.0296192,Router,3194.72,50.0,33.11,0.0,-99.3,3.1,253.23,0.49,25.3,4441.67,34.27,-99.58,-6804.28,-2.77,0.4,1,router_packet_loss,0.0
1789892817.0325055,Router,9999.0,50.0,33.43,0.0,-99.2,3.4,253.23,0.37,27.49,4441.67,33.79,-99.46,0.0,-2.4,0.6,1,router_packet_loss,0.0
1789892817.0353408,Router,9999.0,50.0,34.4,0.0,-99.3,7.1,253.23,0.55,28.27,5859.65,33.64,-99.38,7089.9,-0.77,0.4,1,router_packet_loss,0.0
1789892817.0378635,Router,3498.83,37.5,35.86,0.0,-99.2,4.1,201.66,0.54,22.99,5956.68,33.99,-99.34,485.16,1.76,0.2,1,router_packet_loss,0.0
1789892817.0403862,Router,9999.0,37.5,36.32,0.0,-99.1,2.7,201.66,0.33,24.58,7338.11,34.62,-99.22,6907.15,3.17,0.6,1,router_packet_loss,0.0
1789892817.0429072,Router,9999.0,50.0,36.19,0.0,-99.0,2.5,201.66,0.54,26.15,8698.97,35.24,-99.16,6804.28,3.08,0.3,1,router_packet_loss,0.0
1789892817.045425,Router,9999.0,62.5,35.67,0.0,-98.9,5.4,201.66,0.7,31.31,8698.97,35.69,-99.1,0.0,2.24,0.3,1,router_packet_loss,0.0
1789892817.0479853,Router,9999.0,75.0,36.02,0.0,-98.9,7.6,201.66,0.58,28.79,8698.97,36.01,-99.02,0.0,1.62,0.4,1,router_packet_loss,0.0
1789892817.0507607,Router,9999.0,87.5,35.41,0.0,-99.2,11.0,201.66,0.65,32.38,9999.0,35.92,-99.02,6500.17,-0.45,0.0,1,,0.0
1789892817.0533104,Router,3890.38,75.0,34.61,0.0,-99.0,14.2,321.65,0.5,26.6,8777.28,35.58,-99.0,-6108.62,-1.71,0.1,0,none,10.0
1789892817.0559306,Router,3890.45,62.5,36.0,0.0,-99.3,17.6,335.78,0.39,23.28,7555.57,35.54,-99.06,-6108.55,-0.19,-0.3,0,none,10.0
1789892817.0585318,Router,3890.54,62.5,36.93,0.0,-99.1,18.0,283.18,0.4,17.56,6333.87,35.79,-99.1,-6108.46,1.26,-0.2,0,none,10.0
1789892817.061177,Router,3890.3,50.0,38.34,0.0,-99.1,15.9,156.64,0.62,13.11,5112.13,36.26,-99.14,-6108.7,2.32,-0.2,0,none,10.0
1789892817.0639226,Router,3889.8,37.5,39.16,0.0,-98.8,12.8,0.26,0.49,8.25,3890.29,37.01,-99.06,-6109.2,3.75,0.4,0,none,10.0
1789892817.0667014,Router,3890.31,25.0,40.54,0.0,-99.0,14.7,0.26,0.48,12.95,3890.28,38.19,-99.06,-0.07,5.93,0.0,0,none,10.0
1789892817.0691535,Router,3890.55,12.5,41.77,0.0,-98.6,17.3,0.27,0.41,12.18,3890.3,39.35,-98.92,0.1,5.77,0.7,0,none,10.0
1789892817.0717545,Router,3890.84,0.0,41.0,0.0,-99.0,13.9,0.34,0.53,14.98,3890.36,40.16,-98.9,0.3,4.07,0.1,0,none,10.0
1789892817.0743673,Router,3891.6,0.0,41.78,0.0,-99.2,15.1,0.6,0.6,10.9,3890.62,40.85,-98.92,1.3,3.44,-0.1,0,none,10.0
1789892817.0769765,Router,3891.37,0.0,41.44,0.0,-99.6,15.7,0.49,0.69,15.45,3890.93,41.31,-99.08,1.57,2.28,-0.8,0,none,10.0
1789892817.0799336,Router,3891.1,0.0,42.6,0.0,-100.0,16.7,0.37,0.64,16.47,3891.09,41.72,-99.28,0.79,2.06,-1.0,0,none,10.0
1789892817.0827074,Router,3891.83,0.0,42.48,0.0,-99.7,17.6,0.35,0.65,16.2,3891.35,41.86,-99.5,1.28,0.71,-1.1,0,none,10.0
1789892817.0852513,Router,3891.89,0.0,42.49,0.0,-99.4,18.3,0.29,0.54,16.22,3891.56,42.16,-99.58,1.05,1.49,-0.4,0,none,10.0
1789892817.0878584,Router,3892.43,0.0,41.61,0.0,-99.2,16.7,0.46,0.46,21.72,3891.72,42.12,-99.58,0.83,-0.17,0.0,0,none,10.0
1789892817.090476,Router,3892.49,0.0,42.34,0.0,-99.5,17.3,0.5,0.4,22.37,3891.95,42.3,-99.56,1.12,0.9,0.1,0,none,10.0
1789892817.093162,Router,3893.28,0.0,42.79,0.0,-99.2,14.8,0.52,0.46,26.04,3892.38,42.34,-99.4,2.18,0.19,0.8,0,none,10.0
1789892817.095974,Router,3893.85,0.0,43.64,0.0,-99.3,15.4,0.69,0.37,25.47,3892.79,42.57,-99.32,2.02,1.16,0.4,0,none,10.0
1789892817.0988603,Router,3893.16,0.0,42.98,0.0,-99.0,14.4,0.53,0.44,26.27,3893.04,42.67,-99.24,1.27,0.49,0.4,0,none,10.0
1789892817.101481,Router,3893.07,0.0,43.71,0.0,-98.9,11.2,0.44,0.65,24.88,3893.17,43.09,-99.18,0.64,2.1,0.3,0,none,10.0
1789892817.1040788,Router,3935.47,0.0,42.25,0.0,-100.0,1.0,16.86,0.56,26.72,3901.77,43.07,-99.28,42.98,-0.09,-0.5,1,wifi_ap_degrade,0.0
1789892817.1067219,Router,3973.91,0.0,42.83,0.0,-100.0,1.0,32.41,0.49,21.76,3917.89,43.08,-99.44,80.63,0.04,-0.8,1,wifi_ap_degrade,0.0
1789892817.1094372,Router,4001.19,0.0,43.19,0.0,-100.0,1.0,43.15,0.63,15.92,3939.36,42.99,-99.58,107.34,-0.45,-0.7,1,wifi_ap_degrade,0.0
1789892817.1118772,Router,9999.0,12.5,44.68,0.0,-100.0,1.0,43.15,0.62,12.58,5160.53,43.33,-99.78,6105.84,1.7,-1.0,1,wifi_ap_degrade,0.0
1789892817.1148117,Router,4071.49,12.5,43.95,0.0,-100.0,1.0,60.45,0.55,15.05,5196.21,43.38,-100.0,178.42,0.24,-1.1,1,wifi_ap_degrade,0.0
1789892817.1174464,Router,4101.09,12.5,45.22,0.0,-100.0,1.0,61.31,0.51,14.62,5229.34,43.97,-100.0,165.62,2.97,0.0,1,wifi_ap_degrade,0.0
1789892817.120082,Router,9999.0,25.0,44.52,0.0,-100.0,1.0,61.31,0.32,12.83,6434.35,44.31,-100.0,6025.09,1.69,0.0,1,wifi_ap_degrade,0.0
1789892817.122799,Router,4168.42,25.0,43.1,0.0,-100.0,1.0,69.85,0.42,12.81,6467.8,44.29,-100.0,167.23,-0.09,0.0,1,wifi_ap_degrade,0.0
1789892817.1254566,Router,4198.15,25.0,44.59,0.0,-100.0,1.0,70.1,0.65,18.02,5307.63,44.28,-100.0,-5800.85,-0.09,0.0,1,wifi_ap_degrade,0.0
1789892817.1282606,Router,9999.0,37.5,43.31,0.0,-100.0,1.0,70.1,0.66,21.25,6493.13,44.15,-100.0,5927.51,-0.64,0.0,1,wifi_ap_degrade,0.0
1789892817.1306243,Router,4258.52,37.5,42.19,0.0,-100.0,1.0,67.14,0.53,18.11,6524.62,43.54,-100.0,157.43,-3.03,0.0,1,wifi_ap_degrade,0.0
1789892817.1332574,Router,4306.33,25.0,42.99,0.0,-100.0,1.0,71.14,0.71,22.32,5386.08,43.24,-100.0,-5692.67,-1.53,0.0,1,wifi_ap_degrade,0.0
1789892817.1357667,Router,4350.66,25.0,42.32,0.0,-100.0,1.0,67.1,0.68,23.43,5422.53,43.08,-100.0,182.24,-0.78,0.0,1,,0.0
1789892817.138271,Router,4351.28,25.0,42.39,0.0,-100.0,1.0,58.45,0.63,20.37,5453.16,42.64,-100.0,153.13,-2.2,0.0,1,none,0.2
1789892817.1407049,Router,4390.38,12.5,42.15,0.0,-100.0,1.0,45.13,0.61,20.35,4331.43,42.41,-100.0,-5608.62,-1.16,0.0,1,wifi_ap_degrade,0.0
1789892817.1431353,Router,4426.53,12.5,42.55,0.0,-100.0,1.0,40.66,0.69,25.08,4365.04,42.48,-100.0,168.01,0.36,0.0,1,wifi_ap_degrade,0.0
1789892817.1457915,Router,4476.15,12.5,43.22,0.0,-100.0,1.0,47.75,0.5,19.54,4399.0,42.53,-100.0,169.82,0.23,0.0,1,wifi_ap_degrade,0.0
1789892817.1485174,Router,9999.0,12.5,43.66,0.0,-100.0,1.0,47.75,0.33,14.81,5528.67,42.79,-100.0,5648.34,1.34,0.0,1,wifi_ap_degrade,0.0
1789892817.1511607,Router,9999.0,25.0,42.4,0.0,-100.0,1.0,47.75,0.51,14.24,6658.21,42.8,-100.0,5647.72,0.01,0.0,1,wifi_ap_degrade,0.0
1789892817.1539578,Router,4577.6,25.0,43.19,0.0,-100.0,1.0,78.31,0.33,14.31,6695.66,43.0,-100.0,187.22,1.04,0.0,1,wifi_ap_degrade,0.0
1789892817.1566,Router,9999.0,37.5,41.89,0.0,-100.0,1.0,78.31,0.51,9.04,7810.15,42.87,-100.0,5572.47,-0.66,0.0,1,wifi_ap_degrade,0.0
1789892817.159416,Router,9999.0,50.0,40.89,0.0,-100.0,1.0,78.31,0.43,7.87,8914.72,42.41,-100.0,5522.85,-2.33,0.0,1,wifi_ap_degrade,0.0
1789892817.1618834,Router,4643.67,50.0,40.62,0.0,-100.0,1.0,94.45,0.62,8.48,7843.65,41.8,-100.0,-5355.33,-3.04,0.0,1,wifi_ap_degrade,0.0
1789892817.1645398,Router,4663.18,50.0,41.58,0.0,-100.0,1.0,92.49,0.56,4.32,6776.49,41.63,-100.0,-5335.82,-0.82,0.0,1,wifi_ap_degrade,0.0
1789892817.1671836,Router,9999.0,62.5,40.96,0.0,-100.0,1.0,92.49,0.65,8.24,7860.77,41.19,-100.0,5421.4,-2.23,0.0,1,wifi_ap_degrade,0.0
1789892817.1698363,Router,4726.11,50.0,41.42,0.0,-100.0,1.0,85.02,0.63,12.59,6806.19,41.09,-100.0,-5272.89,-0.47,0.0,1,wifi_ap_degrade,0.0
1789892817.1725516,Router,4773.71,37.5,42.09,0.0,-100.0,1.0,67.75,0.47,15.99,5761.13,41.33,-100.0,-5225.29,1.2,0.0,1,wifi_ap_degrade,0.0
1789892817.1751316,Router,4816.75,37.5,42.73,0.0,-100.0,1.0,65.16,0.64,13.16,5795.75,41.76,-100.0,173.08,2.11,0.0,1,wifi_ap_degrade,0.0
1789892817.1776838,Router,4864.14,25.0,43.49,0.0,-100.0,1.0,69.84,0.46,8.62,5835.94,42.14,-100.0,200.96,1.91,0.0,1,wifi_ap_degrade,0.0
1789892817.1801002,Router,4898.53,12.5,44.23,0.0,-100.0,1.0,61.64,0.31,6.71,4815.85,42.79,-100.0,-5100.47,3.27,0.0,1,wifi_ap_degrade,0.0
1789892817.1828508,Router,4927.28,12.5,45.08,0.0,-100.0,1.0,55.26,0.37,12.52,4856.08,43.52,-100.0,201.17,3.66,0.0,1,,0.0
1789892817.185623,Router,4926.99,12.5,44.09,0.0,-100.0,1.0,41.98,0.31,11.74,4886.74,43.92,-100.0,153.28,2.0,0.0,0,none,10.0
1789892817.1884725,Router,4927.69,0.0,45.27,0.0,-99.8,1.0,25.02,0.29,11.92,4908.93,44.43,-99.96,110.94,2.54,0.2,0,none,10.0
1789892817.1913733,Router,4927.86,0.0,44.76,0.0,-99.8,1.0,11.57,0.38,11.19,4921.67,44.69,-99.92,63.72,1.27,0.2,0,none,10.0
1789892817.1941338,Router,4927.62,0.0,44.57,0.0,-100.0,1.0,0.31,0.4,11.14,4927.49,44.75,-99.92,29.09,0.34,0.0,0,none,10.0
1789892817.1967351,Router,4927.4,0.0,45.18,0.0,-99.9,3.6,0.3,0.33,6.6,4927.51,44.77,-99.9,0.12,0.1,0.1,0,none,10.0
1789892817.1993194,Router,4927.39,0.0,45.65,0.0,-100.0,3.9,0.18,0.46,4.31,4927.59,45.09,-99.9,0.4,1.56,0.0,0,none,10.0
1789892817.201906,Router,4927.43,0.0,44.2,0.0,-99.6,1.0,0.18,0.3,0.0,4927.54,44.87,-99.86,-0.26,-1.07,0.2,0,none,10.0
1789892817.20449,Router,4927.66,0.0,44.86,0.0,-99.3,2.2,0.11,0.2,1.73,4927.5,44.89,-99.76,-0.2,0.1,0.5,0,none,10.0
1789892817.2072606,Router,4927.95,0.0,44.45,0.0,-99.0,2.8,0.22,0.34,7.05,4927.57,44.87,-99.56,0.33,-0.12,1.0,0,none,10.0
1789892817.2101097,Router,4927.38,0.0,43.78,0.0,-98.6,1.0,0.22,0.36,1.37,4927.56,44.59,-99.3,-0.02,-1.4,1.3,0,none,10.0
1789892817.2128274,Router,4928.12,0.0,43.36,0.0,-98.7,3.7,0.29,0.29,0.0,4927.71,44.13,-99.04,0.73,-2.29,1.3,0,none,10.0
1789892817.215525,Router,4927.34,0.0,42.1,0.0,-98.5,4.9,0.31,0.19,3.66,4927.69,43.71,-98.82,-0.09,-2.1,1.1,0,none,10.0
1789892817.2182796,Router,4927.6,0.0,40.95,0.0,-98.2,3.1,0.31,0.15,3.56,4927.68,42.93,-98.6,-0.06,-3.91,1.1,0,none,10.0
1789892817.2211502,Router,4927.13,0.0,39.61,0.0,-98.4,1.6,0.34,0.45,0.0,4927.51,41.96,-98.48,-0.82,-4.84,0.6,0,none,10.0
1789892817.2235835,Router,4926.92,0.0,38.83,0.0,-98.0,2.1,0.42,0.57,0.0,4927.42,40.97,-98.36,-0.46,-4.95,0.6,0,none,10.0
1789892817.2262208,Router,4927.69,0.0,38.49,0.0,-98.1,1.0,0.29,0.46,4.8,4927.34,40.0,-98.24,-0.43,-4.87,0.6,0,none,10.0
1789892817.228861,Router,4927.32,0.0,38.73,0.0,-98.4,1.0,0.29,0.66,5.91,4927.33,39.32,-98.22,-0.02,-3.37,0.1,0,none,10.0
1789892817.2314644,Router,4927.34,0.0,37.39,0.0,-98.2,1.0,0.26,0.43,7.1,4927.28,38.61,-98.22,-0.26,-3.56,0.0,0,none,10.0
1789892817.2341077,Router,4927.48,0.0,38.39,0.0,-98.5,1.0,0.25,0.46,10.92,4927.35,38.37,-98.24,0.35,-1.22,-0.1,0,none,10.0
1789892817.2369614,Router,4926.7,0.0,37.9,0.0,-98.5,1.0,0.33,0.29,10.75,4927.31,38.18,-98.34,-0.22,-0.93,-0.5,0,none,10.0
1789892817.2395787,Router,4926.05,0.0,39.01,0.0,-98.3,2.5,0.54,0.38,16.01,4926.98,38.28,-98.38,-1.64,0.52,-0.2,0,none,10.0
1789892817.2424338,Router,4926.54,0.0,38.29,0.0,-97.9,1.4,0.53,0.34,11.37,4926.82,38.2,-98.28,-0.78,-0.44,0.5,0,none,10.0
1789892817.2454286,Router,4926.77,0.0,37.14,0.0,-98.0,3.6,0.46,0.57,16.66,4926.71,38.15,-98.24,-0.57,-0.25,0.2,0,none,10.0
1789892817.2485158,Router,4926.33,0.0,38.08,0.0,-98.1,1.0,0.26,0.73,11.02,4926.48,38.08,-98.16,-1.15,-0.31,0.4,0,none,10.0
1789892817.2515297,Router,4926.97,0.0,38.26,0.0,-98.2,1.4,0.32,0.66,7.99,4926.53,38.16,-98.1,0.27,0.36,0.3,0,none,10.0
1789892817.2544892,Router,4927.41,0.0,38.8,0.0,-98.4,1.0,0.37,0.76,10.47,4926.8,38.11,-98.12,1.36,-0.21,-0.1,0,none,10.0
1789892817.2574363,Router,4927.82,0.0,38.21,0.0,-98.3,1.5,0.51,0.79,13.62,4927.06,38.1,-98.2,1.28,-0.08,-0.4,0,none,10.0
1789892817.2599845,Router,4927.41,0.0,38.07,0.0,-98.3,1.0,0.5,0.53,16.17,4927.19,38.28,-98.26,0.64,0.93,-0.3,0,none,10.0
1789892817.2625768,Router,4927.19,0.0,39.12,0.0,-98.1,1.0,0.28,0.63,18.33,4927.36,38.49,-98.26,0.86,1.04,0.0,0,none,10.0
1789892817.2655084,Router,4927.19,0.0,39.69,0.0,-97.9,1.0,0.23,0.45,13.68,4927.4,38.78,-98.2,0.22,1.43,0.3,0,none,10.0
1789892817.26818,Router,4927.06,0.0,39.0,0.0,-98.0,4.4,0.27,0.48,12.32,4927.33,38.82,-98.12,-0.35,0.2,0.4,0,none,10.0
1789892817.2709298,Router,4927.05,0.0,39.88,0.0,-97.8,3.0,0.13,0.6,15.74,4927.18,39.15,-98.02,-0.77,1.67,0.5,0,none,10.0
1789892817.273627,Router,4926.98,0.0,38.74,0.0,-98.0,4.9,0.08,0.73,10.39,4927.09,39.29,-97.96,-0.43,0.67,0.3,0,none,10.0
1789892817.2763813,Router,4927.14,0.0,39.0,0.0,-97.7,3.2,0.07,0.63,7.42,4927.08,39.26,-97.88,-0.05,-0.12,0.4,0,none,10.0
1789892817.2792895,Router,4926.82,0.0,39.01,0.0,-98.0,1.2,0.11,0.69,10.83,4927.01,39.13,-97.9,-0.37,-0.68,-0.1,0,none,10.0
1789892817.281825,Router,4927.04,0.0,39.34,0.0,-97.7,4.5,0.1,0.52,13.49,4927.01,39.19,-97.84,-0.02,0.34,0.3,0,none,10.0
1789892817.284449,Router,4927.49,0.0,39.96,0.0,-97.6,1.0,0.22,0.46,12.46,4927.09,39.21,-97.8,0.44,0.08,0.2,0,none,10.0
1789892817.2869866,Router,4927.05,0.0,41.21,0.0,-97.4,2.3,0.22,0.4,12.6,4927.11,39.7,-97.68,0.07,2.47,0.6,0,none,10.0
1789892817.2901125,Router,4927.12,0.0,42.19,0.0,-97.2,1.0,0.22,0.37,10.3,4927.1,40.34,-97.58,-0.02,3.19,0.5,0,none,10.0
1789892817.2931376,Router,4927.21,0.0,42.15,0.0,-96.9,3.2,0.16,0.42,11.53,4927.18,40.97,-97.36,0.39,3.14,1.1,0,none,10.0
1789892817.2958822,Router,4927.79,0.0,42.52,0.0,-97.2,2.8,0.27,0.47,6.16,4927.33,41.61,-97.26,0.75,3.18,0.5,0,none,10.0
1789892817.2987804,Router,4927.13,0.0,41.19,0.0,-97.2,1.0,0.27,0.53,6.1,4927.26,41.85,-97.18,-0.36,1.23,0.4,0,none,10.0
1789892817.301654,Router,4927.52,0.0,41.64,0.0,-96.9,1.0,0.26,0.42,2.47,4927.35,41.94,-97.08,0.47,0.43,0.5,0,none,10.0
1789892817.3044357,Router,4928.03,0.0,42.42,0.0,-97.0,2.0,0.34,0.59,0.0,4927.54,41.98,-97.04,0.91,0.23,0.2,0,none,10.0
1789892817.3069885,Router,4928.47,0.0,43.76,0.0,-96.8,5.7,0.46,0.46,1.71,4927.79,42.31,-97.02,1.26,1.61,0.1,0,none,10.0
1789892817.3096056,Router,4928.09,0.0,42.39,0.0,-97.1,9.1,0.47,0.57,0.0,4927.85,42.28,-97.0,0.3,-0.13,0.1,0,none,10.0
1789892817.3125446,Router,4928.52,0.0,42.13,0.0,-97.1,11.2,0.36,0.62,0.0,4928.13,42.47,-96.98,1.39,0.94,0.1,0,none,10.0
1789892817.3150842,Router,4928.14,0.0,43.18,0.0,-97.1,7.8,0.2,0.7,0.0,4928.25,42.78,-97.02,0.62,1.54,-0.2,0,none,10.0
1789892817.3173766,Router,4928.23,0.0,41.72,0.0,-97.5,6.5,0.18,0.45,1.35,4928.29,42.64,-97.12,0.2,-0.7,-0.5,0,none,10.0
1789892817.3199215,Router,4928.34,0.0,41.61,0.0,-97.6,5.2,0.15,0.44,1.58,4928.26,42.21,-97.28,-0.13,-2.15,-0.8,0,none,10.0
1789892817.322563,Router,4928.74,0.0,40.13,0.0,-97.3,2.8,0.22,0.31,4.17,4928.39,41.75,-97.32,0.65,-2.26,-0.2,0,none,10.0
1789892817.3253753,Router,4929.49,0.0,40.09,0.0,-97.2,3.1,0.49,0.19,8.5,4928.59,41.35,-97.34,0.97,-2.04,-0.1,0,none,10.0
1789892817.3279777,Router,4929.44,0.0,41.42,0.0,-97.5,1.8,0.53,0.29,12.05,4928.85,40.99,-97.42,1.3,-1.76,-0.4,0,none,10.0
1789892817.331176,Router,4929.34,0.0,42.38,0.0,-97.6,3.0,0.45,0.42,7.73,4929.07,41.13,-97.44,1.11,0.66,-0.1,0,none,10.0
1789892817.3339422,Router,4929.49,0.0,41.12,0.0,-97.3,3.7,0.28,0.42,12.4,4929.3,41.03,-97.38,1.15,-0.49,0.3,0,none,10.0
1789892817.336649,Router,4930.2,0.0,39.7,0.0,-97.3,7.5,0.31,0.48,8.4,4929.59,40.94,-97.38,1.46,-0.43,0.0,0,none,10.0
1789892817.339238,Router,4929.87,0.0,39.25,0.0,-97.6,9.2,0.32,0.66,10.05,4929.67,40.77,-97.46,0.38,-0.84,-0.4,0,none,10.0
1789892817.341825,Router,4930.57,0.0,38.63,0.0,-98.0,10.5,0.45,0.56,14.24,4929.89,40.22,-97.56,1.13,-2.79,-0.5,0,none,10.0
1789892817.3449066,Router,4931.31,0.0,37.74,0.0,-97.7,7.4,0.62,0.48,13.48,4930.29,39.29,-97.58,1.97,-4.64,-0.1,0,none,10.0
1789892817.3476043,Router,4930.69,0.0,38.29,0.0,-97.9,6.2,0.49,0.44,13.34,4930.53,38.72,-97.7,1.2,-2.83,-0.6,0,none,10.0
1789892817.3501709,Router,4931.2,0.0,37.58,0.0,-97.9,6.9,0.51,0.64,8.2,4930.73,38.3,-97.82,1.0,-2.12,-0.6,0,none,10.0
1789892817.3531182,Router,4931.59,0.0,36.72,0.0,-97.7,9.2,0.38,0.54,10.37,4931.07,37.79,-97.84,1.72,-2.53,-0.1,0,none,10.0
1789892817.3561423,Router,4932.26,0.0,35.54,0.0,-98.0,10.6,0.51,0.34,9.34,4931.41,37.17,-97.84,1.69,-3.09,0.0,0,none,10.0
1789892817.3591394,Router,4932.95,0.0,35.54,0.0,-98.0,8.6,0.79,0.41,4.8,4931.74,36.73,-97.9,1.64,-2.2,-0.3,0,none,10.0
1789892817.361942,Router,4933.41,0.0,36.17,0.0,-97.9,5.1,0.82,0.44,6.04,4932.28,36.31,-97.9,2.72,-2.12,0.0,0,none,10.0
1789892817.3648722,Router,4933.88,0.0,35.15,0.0,-97.8,4.6,0.82,0.32,9.13,4932.82,35.82,-97.88,2.68,-2.43,0.1,0,none,10.0
1789892817.367581,Router,4934.26,0.0,36.6,0.0,-97.7,4.3,0.7,0.45,8.97,4933.35,35.8,-97.88,2.67,-0.12,0.0,0,none,10.0
1789892817.3702152,Router,4934.84,0.0,37.82,0.0,-97.8,4.2,0.65,0.61,10.74,4933.87,36.26,-97.84,2.58,2.28,0.2,0,none,10.0
1789892817.3728175,Router,4934.94,0.0,38.21,0.0,-98.2,5.8,0.58,0.56,8.13,4934.27,36.79,-97.88,1.99,2.67,-0.2,0,none,10.0
1789892817.375426,Router,4934.56,0.0,37.19,0.0,-98.2,2.1,0.39,0.56,11.72,4934.5,36.99,-97.94,1.15,1.02,-0.3,0,none,10.0
1789892817.3780746,Router,4933.93,0.0,36.66,0.0,-98.2,4.0,0.37,0.61,16.53,4934.51,37.3,-98.02,0.05,1.51,-0.4,0,none,10.0
1789892817.3809783,Router,4934.1,0.0,35.79,0.0,-98.0,1.0,0.4,0.6,15.39,4934.47,37.13,-98.08,-0.16,-0.81,-0.3,0,none,10.0
1789892817.383623,Router,4933.31,0.0,36.7,0.0,-98.1,1.0,0.56,0.63,17.66,4934.17,36.91,-98.14,-1.53,-1.12,-0.3,0,none,10.0
1789892817.3862479,Router,4932.86,0.0,36.93,0.0,-98.4,2.1,0.6,0.67,15.78,4933.75,36.65,-98.18,-2.08,-1.28,-0.2,0,none,10.0
1789892817.3888838,Router,4933.17,0.0,36.0,0.0,-98.5,4.6,0.47,0.43,10.07,4933.47,36.42,-98.24,-1.39,-1.19,-0.3,0,none,10.0
1789892817.3914957,Router,4932.72,0.0,34.85,0.0,-98.4,7.9,0.48,0.43,10.33,4933.23,36.05,-98.28,-1.21,-1.81,-0.2,0,none,10.0
1789892817.3942158,Router,4933.15,0.0,36.15,0.0,-98.5,7.4,0.22,0.4,14.39,4933.04,36.13,-98.38,-0.95,0.36,-0.5,0,none,10.0
1789892817.3972754,Router,4932.55,0.0,35.31,0.0,-98.9,5.9,0.24,0.33,18.06,4932.89,35.85,-98.54,-0.76,-1.39,-0.8,0,none,10.0
1789892817.399795,Router,4932.59,0.0,35.62,0.0,-99.0,5.2,0.27,0.3,20.44,4932.84,35.59,-98.66,-0.27,-1.31,-0.6,0,none,10.0
1789892817.4023235,Router,4932.01,0.0,36.72,0.0,-98.7,2.1,0.36,0.37,18.29,4932.6,35.73,-98.7,-1.16,0.72,-0.2,0,none,10.0
1789892817.404842,Router,4931.83,0.0,36.21,0.0,-98.3,3.4,0.47,0.61,22.54,4932.43,36.0,-98.68,-0.89,1.36,0.1,0,none,10.0
1789892817.4075842,Router,4931.27,0.0,36.23,0.0,-98.1,3.1,0.49,0.71,18.29,4932.05,36.02,-98.6,-1.88,0.08,0.4,0,none,10.0
1789892817.4100876,Router,4931.53,0.0,37.45,0.0,-97.9,6.5,0.45,0.52,17.24,4931.85,36.45,-98.4,-1.02,2.14,1.0,0,none,10.0
1789892817.4124045,Router,4978.98,0.0,37.64,0.0,-100.0,1.0,18.93,0.56,20.81,4941.12,36.85,-98.6,46.39,2.02,-1.0,1,wifi_ap_degrade,0.0
1789892817.4147658,Router,9999.0,12.5,38.84,0.0,-100.0,1.0,18.93,0.44,20.48,5954.52,37.27,-98.86,5066.99,2.12,-1.3,1,wifi_ap_degrade,0.0
1789892817.4177837,Router,5054.88,12.5,40.08,0.0,-100.0,1.0,48.23,0.62,21.67,5979.13,38.05,-99.2,123.05,3.87,-1.7,1,wifi_ap_degrade,0.0
1789892817.4204106,Router,5103.91,12.5,39.95,0.0,-100.0,1.0,68.79,0.4,17.67,6013.66,38.79,-99.58,172.64,3.72,-1.9,1,wifi_ap_degrade,0.0
1789892817.422833,Router,5142.34,12.5,40.04,0.0,-100.0,1.0,77.77,0.52,22.53,6055.82,39.31,-100.0,210.81,2.59,-2.1,1,wifi_ap_degrade,0.0
1789892817.4255247,Router,5172.58,12.5,38.72,0.0,-100.0,1.0,68.28,0.32,24.38,6094.54,39.53,-100.0,193.6,1.08,0.0,1,wifi_ap_degrade,0.0
1789892817.427816,Router,9999.0,25.0,40.18,0.0,-100.0,1.0,68.28,0.34,28.6,6094.54,39.79,-100.0,0.0,1.34,0.0,1,wifi_ap_degrade,0.0
1789892817.4299948,Router,5237.29,25.0,40.73,0.0,-100.0,1.0,61.73,0.21,25.04,6131.02,39.92,-100.0,182.41,0.65,0.0,1,wifi_ap_degrade,0.0
1789892817.4323542,Router,5272.73,25.0,41.16,0.0,-100.0,1.0,61.61,0.19,23.65,6164.79,40.17,-100.0,168.82,1.21,0.0,1,wifi_ap_degrade,0.0
1789892817.435005,Router,5288.24,12.5,41.61,0.0,-100.0,1.0,56.54,0.4,18.24,6193.97,40.48,-100.0,145.9,1.57,0.0,1,wifi_ap_degrade,0.0
1789892817.4371598,Router,9999.0,25.0,40.49,0.0,-100.0,1.0,56.54,0.39,20.62,7159.25,40.83,-100.0,4826.42,1.77,0.0,1,,0.0
1789892817.4398036,Router,5331.0,25.0,39.31,0.0,-99.6,1.0,53.21,0.62,16.98,6225.65,40.66,-99.92,-4668.0,-0.87,0.4,1,none,1.5
1789892817.442128,Router,5330.92,25.0,39.07,0.0,-99.8,4.2,35.82,0.56,11.25,6244.38,40.33,-99.88,93.63,-1.66,0.2,1,none,1.33
1789892817.444824,Router,5330.2,25.0,39.43,0.0,-99.8,5.7,25.09,0.72,6.59,6255.87,39.98,-99.84,57.47,-1.73,0.2,1,none,1.17
1789892817.4474666,Router,5330.6,12.5,38.17,0.0,-100.0,7.9,16.98,0.44,4.38,6264.34,39.29,-99.84,42.36,-3.44,0.0,1,none,1.0
1789892817.4501266,Router,5330.91,12.5,38.11,0.0,-99.7,11.2,0.3,0.51,0.0,5330.73,38.82,-99.78,-4668.09,-2.38,0.3,1,none,0.83
1789892817.4523876,Router,5330.89,12.5,39.47,0.0,-100.0,9.4,0.28,0.4,4.08,5330.7,38.85,-99.86,-0.11,0.16,-0.4,1,none,0.67
1789892817.454849,Router,5330.73,12.5,38.79,0.0,-99.7,12.8,0.26,0.6,0.0,5330.67,38.79,-99.84,-0.19,-0.28,0.1,1,none,0.5
1789892817.4575145,Router,5330.06,0.0,38.72,0.0,-99.9,9.3,0.31,0.47,1.86,5330.64,38.65,-99.86,-0.14,-0.71,-0.1,1,none,0.33
1789892817.4600723,Router,5330.66,0.0,40.08,0.0,-99.8,9.7,0.31,0.41,7.23,5330.65,39.03,-99.82,0.06,1.91,0.2,1,none,0.2
1789892817.4626544,Router,5330.57,0.0,41.33,0.0,-100.0,7.2,0.28,0.6,11.77,5330.58,39.68,-99.88,-0.34,3.22,-0.3,1,none,0.2
1789892817.4651954,Router,5330.28,0.0,40.35,0.0,-100.0,8.8,0.25,0.68,10.88,5330.46,39.85,-99.88,-0.61,0.88,0.0,0,none,10.0
1789892817.4677145,Router,5330.67,0.0,39.02,0.0,-100.0,7.5,0.24,0.77,7.73,5330.45,39.9,-99.94,-0.06,0.23,-0.3,0,none,10.0
1789892817.4700787,Router,5330.7,0.0,38.17,0.0,-100.0,5.2,0.15,0.84,5.91,5330.58,39.79,-99.96,0.64,-0.55,-0.1,0,none,10.0
1789892817.4723067,Router,5331.39,0.0,38.76,0.0,-99.7,8.0,0.36,0.58,7.97,5330.72,39.53,-99.94,0.73,-1.32,0.1,0,none,10.0
1789892817.4748046,Router,5330.81,0.0,39.71,0.0,-99.9,9.7,0.36,0.57,9.51,5330.77,39.2,-99.92,0.24,-1.62,0.1,0,none,10.0
1789892817.4771109,Router,5330.55,0.0,40.49,0.0,-99.6,7.9,0.29,0.35,7.89,5330.82,39.23,-99.84,0.27,0.14,0.4,0,none,10.0
1789892817.4793496,Router,5329.75,0.0,40.32,0.0,-99.6,5.4,0.53,0.5,7.9,5330.64,39.49,-99.76,-0.92,1.3,0.4,0,none,10.0
1789892817.4818707,Router,5329.01,0.0,41.21,0.0,-99.6,6.6,0.83,0.64,1.91,5330.3,40.1,-99.68,-1.69,3.04,0.4,0,none,10.0
1789892817.4843018,Router,5328.84,0.0,42.43,0.0,-99.7,9.1,0.79,0.44,1.72,5329.79,40.83,-99.68,-2.55,3.67,0.0,0,none,10.0
1789892817.4866474,Router,5329.4,0.0,41.35,0.0,-100.0,12.2,0.61,0.61,0.0,5329.51,41.16,-99.7,-1.41,1.64,-0.1,0,none,10.0
1789892817.4889083,Router,5329.85,0.0,41.43,0.0,-99.8,10.4,0.4,0.76,5.64,5329.37,41.35,-99.74,-0.7,0.94,-0.2,0,none,10.0
1789892817.4911609,Router,5330.33,0.0,40.6,0.0,-99.4,8.7,0.55,0.58,4.88,5329.49,41.4,-99.7,0.58,0.28,0.2,0,none,10.0
1789892817.4938326,Router,5329.58,0.0,39.14,0.0,-99.3,6.8,0.49,0.38,6.16,5329.6,40.99,-99.64,0.57,-2.07,0.3,0,none,10.0
1789892817.4960809,Router,5329.24,0.0,38.26,0.0,-99.5,4.9,0.38,0.62,7.27,5329.68,40.16,-99.6,0.4,-4.17,0.2,0,none,10.0
1789892817.4986856,Router,5328.77,0.0,37.55,0.0,-99.4,3.2,0.53,0.64,4.73,5329.55,39.4,-99.48,-0.63,-3.8,0.6,0,none,10.0
1789892817.5009828,Router,5328.87,0.0,37.26,0.0,-99.7,1.0,0.57,0.71,7.5,5329.36,38.56,-99.46,-0.98,-4.17,0.1,0,none,10.0
1789892817.503292,Router,5329.26,0.0,37.14,0.0,-99.7,4.5,0.3,0.61,4.91,5329.14,37.87,-99.52,-1.07,-3.46,-0.3,0,none,10.0
1789892817.5059328,Router,5329.62,0.0,38.22,0.0,-99.6,4.4,0.31,0.65,6.56,5329.15,37.69,-99.58,0.04,-0.92,-0.3,0,none,10.0
1789892817.5085764,Router,5329.48,0.0,37.76,0.0,-99.9,7.1,0.33,0.4,7.55,5329.2,37.59,-99.66,0.24,-0.5,-0.4,0,none,10.0
1789892817.5111425,Router,5328.8,0.0,38.77,0.0,-99.9,10.5,0.33,0.62,10.8,5329.21,37.83,-99.76,0.03,1.22,-0.5,0,none,10.0
1789892817.513787,Router,5329.43,0.0,37.45,0.0,-99.9,13.0,0.28,0.46,7.15,5329.32,37.87,-99.8,0.56,0.19,-0.2,0,none,10.0
1789892817.516035,Router,5329.74,0.0,36.35,0.0,-100.0,13.6,0.32,0.55,3.05,5329.41,37.71,-99.86,0.48,-0.79,-0.3,0,none,10.0
1789892817.5182292,Router,5329.04,0.0,36.44,0.0,-99.6,13.5,0.33,0.56,0.0,5329.3,37.35,-99.86,-0.58,-1.78,0.0,0,none,10.0
1789892817.5208745,Router,5328.41,0.0,36.76,0.0,-99.6,16.6,0.47,0.47,5.94,5329.08,37.15,-99.8,-1.07,-1.0,0.3,0,none,10.0
1789892817.523611,Router,5328.44,0.0,36.39,0.0,-99.9,18.9,0.53,0.53,5.51,5329.01,36.68,-99.8,-0.36,-2.38,0.0,0,none,10.0
1789892817.5264108,Router,5328.49,0.0,37.55,0.0,-99.9,17.4,0.51,0.36,6.07,5328.82,36.7,-99.8,-0.94,0.1,0.0,0,none,10.0
1789892817.5290816,Router,5328.83,0.0,37.37,0.0,-99.6,19.8,0.25,0.58,0.46,5328.64,36.9,-99.72,-0.91,1.02,0.4,0,none,10.0
1789892817.531766,Router,5329.46,0.0,37.38,0.0,-99.7,21.5,0.4,0.35,0.0,5328.73,37.09,-99.74,0.42,0.94,-0.1,0,none,10.0
1789892817.5341449,Router,5329.86,0.0,37.03,0.0,-99.4,18.5,0.56,0.48,0.0,5329.02,37.14,-99.7,1.45,0.27,0.2,0,none,10.0
1789892817.5369813,Router,5330.05,0.0,35.91,0.0,-99.3,18.5,0.6,0.38,5.82,5329.34,37.05,-99.58,1.61,-0.48,0.6,0,none,10.0
1789892817.539321,Router,5330.29,0.0,36.68,0.0,-99.2,22.5,0.51,0.49,3.84,5329.7,36.87,-99.44,1.8,-0.87,0.7,0,none,10.0
1789892817.5416698,Router,5361.24,0.0,35.31,0.0,-100.0,1.0,12.53,0.46,1.1,5336.18,36.46,-99.52,32.41,-2.06,-0.4,1,wifi_ap_degrade,0.0
1789892817.5442252,Router,5396.43,0.0,36.34,0.0,-100.0,1.0,26.35,0.46,0.0,5349.57,36.25,-99.58,66.97,-1.04,-0.3,1,wifi_ap_degrade,0.0
1789892817.5470011,Router,5431.98,0.0,35.36,0.0,-100.0,1.0,39.47,0.55,0.0,5370.0,35.92,-99.7,102.12,-1.67,-0.6,1,wifi_ap_degrade,0.0
1789892817.5498328,Router,5457.35,0.0,36.29,0.0,-100.0,1.0,46.01,0.63,0.0,5395.46,36.0,-99.84,127.3,0.38,-0.7,1,wifi_ap_degrade,0.0
1789892817.5522342,Router,5475.37,0.0,37.22,0.0,-100.0,1.0,41.26,0.69,5.44,5424.47,36.1,-100.0,145.08,0.54,-0.8,1,wifi_ap_degrade,0.0
1789892817.5545774,Router,5497.89,0.0,36.68,0.0,-100.0,1.0,35.13,0.59,0.42,5451.8,36.38,-100.0,136.65,1.37,0.0,1,wifi_ap_degrade,0.0
1789892817.5569751,Router,5522.54,0.0,35.52,0.0,-100.0,1.0,31.39,0.55,0.0,5477.03,36.21,-100.0,126.11,-0.82,0.0,1,wifi_ap_degrade,0.0
1789892817.559406,Router,5539.67,0.0,35.46,0.0,-100.0,1.0,30.01,0.5,0.0,5498.56,36.23,-100.0,107.69,0.1,0.0,1,wifi_ap_degrade,0.0
1789892817.5621197,Router,5582.29,0.0,34.57,0.0,-100.0,1.0,36.58,0.6,5.54,5523.55,35.89,-100.0,124.94,-1.72,0.0,1,wifi_ap_degrade,0.0
1789892817.5645447,Router,5607.87,0.0,34.95,0.0,-100.0,1.0,39.92,0.5,3.56,5550.05,35.44,-100.0,132.5,-2.27,0.0,1,wifi_ap_degrade,0.0
1789892817.5669672,Router,5643.3,0.0,36.13,0.0,-100.0,1.0,44.07,0.44,8.9,5579.13,35.33,-100.0,145.41,-0.55,0.0,1,wifi_ap_degrade,0.0
1789892817.5696177,Router,5681.57,0.0,36.93,0.0,-100.0,1.0,48.88,0.56,4.38,5610.94,35.61,-100.0,159.03,1.41,0.0,1,wifi_ap_degrade,0.0
1789892817.5722911,Router,5707.9,0.0,38.38,0.0,-100.0,1.0,46.06,0.35,0.36,5644.59,36.19,-100.0,168.23,2.92,0.0,1,wifi_ap_degrade,0.0
1789892817.5749815,Router,5727.01,0.0,36.95,0.0,-100.0,1.0,43.2,0.37,0.0,5673.53,36.67,-100.0,144.72,2.38,0.0,1,wifi_ap_degrade,0.0
1789892817.577631,Router,5773.37,0.0,38.44,0.0,-100.0,1.0,43.61,0.49,0.0,5706.63,37.37,-100.0,165.5,3.49,0.0,1,wifi_ap_degrade,0.0
1789892817.5802956,Router,5806.23,0.0,39.8,0.0,-100.0,1.0,44.97,0.67,3.46,5739.22,38.1,-100.0,162.93,3.67,0.0,1,wifi_ap_degrade,0.0
1789892817.582567,Router,5853.76,0.0,38.47,0.0,-100.0,1.0,52.87,0.61,5.01,5773.65,38.41,-100.0,172.19,1.54,0.0,1,wifi_ap_degrade,0.0
1789892817.5853672,Router,5898.61,0.0,38.09,0.0,-100.0,1.0,59.99,0.57,0.13,5811.8,38.35,-100.0,190.71,-0.29,0.0,1,,0.0
1789892817.5877926,Router,5898.65,0.0,37.92,0.0,-99.7,1.0,49.91,0.72,0.0,5846.12,38.54,-99.94,171.64,0.97,0.3,0,none,10.0
1789892817.5904117,Router,5899.08,0.0,37.23,0.0,-99.5,2.9,36.9,0.49,0.99,5871.27,38.3,-99.84,125.71,-1.21,0.5,0,none,10.0
1789892817.5927365,Router,5973.41,0.0,36.78,0.0,-99.4,6.0,38.53,0.57,0.0,5904.7,37.7,-99.72,167.18,-3.02,0.6,1,router_packet_loss,0.0
1789892817.5949035,Router,6063.96,0.0,37.49,0.0,-99.3,9.1,65.35,0.6,0.0,5946.74,37.5,-99.58,210.2,-0.98,0.7,1,router_packet_loss,0.0
1789892817.5973349,Router,6149.39,0.0,36.5,0.0,-99.1,12.4,97.49,0.67,0.0,5996.9,37.18,-99.4,250.78,-1.59,0.9,1,router_packet_loss,0.0
1789892817.6000466,Router,6230.83,0.0,37.98,0.0,-99.2,15.3,118.77,0.53,0.0,6063.33,37.2,-99.3,332.18,0.06,0.5,1,router_packet_loss,0.0
1789892817.6023057,Router,6311.61,0.0,38.99,0.0,-98.9,15.2,119.29,0.39,0.02,6145.84,37.55,-99.18,412.53,1.76,0.6,1,router_packet_loss,0.0
1789892817.6045706,Router,9999.0,12.5,38.72,0.0,-98.9,18.7,119.29,0.43,0.0,6950.96,37.94,-99.08,4025.59,1.94,0.5,1,router_packet_loss,0.0
1789892817.607199,Router,9999.0,25.0,39.77,0.0,-98.9,17.3,119.29,0.53,0.0,7737.97,38.39,-99.0,3935.04,2.28,0.4,1,router_packet_loss,0.0
1789892817.6094651,Router,9999.0,37.5,38.5,0.0,-99.0,20.7,119.29,0.54,0.0,8507.89,38.79,-98.98,3849.61,2.0,0.1,1,router_packet_loss,0.0
1789892817.6116939,Router,6692.6,37.5,37.97,0.0,-98.6,17.5,217.68,0.52,2.45,8600.24,38.79,-98.86,461.77,-0.01,0.6,1,router_packet_loss,0.0
1789892817.6141715,Router,9999.0,50.0,37.33,0.0,-98.6,17.0,217.68,0.69,8.19,9337.72,38.46,-98.8,3687.39,-1.66,0.3,1,router_packet_loss,0.0
1789892817.6166706,Router,6892.97,50.0,38.63,0.0,-98.3,14.3,287.22,0.46,13.97,8716.51,38.44,-98.68,-3106.03,-0.09,0.6,1,router_packet_loss,0.0
1789892817.619059,Router,9999.0,62.5,37.22,0.0,-98.6,12.1,287.22,0.45,18.88,8716.51,37.93,-98.62,0.0,-2.55,0.3,1,router_packet_loss,0.0
1789892817.6215162,Router,9999.0,75.0,38.31,0.0,-98.2,12.9,287.22,0.35,24.69,8716.51,37.89,-98.46,0.0,-0.19,0.8,1,router_packet_loss,0.0
1789892817.6240988,Router,7173.06,62.5,39.09,0.0,-98.0,13.1,353.31,0.56,25.03,8812.61,38.12,-98.34,480.46,1.12,0.6,1,router_packet_loss,0.0
1789892817.6264324,Router,9999.0,62.5,39.09,0.0,-97.6,15.2,353.31,0.56,19.51,8812.61,38.47,-98.14,0.0,1.76,1.0,1,,0.0
1789892817.6287718,Router,7231.67,50.0,40.37,0.0,-97.6,13.3,336.45,0.46,22.17,8880.35,38.82,-98.0,338.7,1.74,0.7,1,none,0.5
1789892817.631114,Router,7231.52,50.0,39.73,0.0,-97.3,10.3,216.02,0.44,21.24,8326.85,39.32,-97.74,-2767.48,2.51,1.3,1,none,0.33
1789892817.633937,Router,7232.06,37.5,39.08,0.0,-97.1,7.6,131.62,0.45,23.74,7773.46,39.47,-97.52,-2766.94,0.77,1.1,1,none,0.2
1789892817.6367283,Router,7231.67,37.5,38.66,0.0,-96.8,11.0,23.47,0.55,26.65,7785.18,39.39,-97.28,58.61,-0.43,1.2,1,none,0.2
1789892817.6390977,Router,7231.98,25.0,39.13,0.0,-97.2,14.5,0.21,0.53,27.68,7231.78,39.39,-97.2,-2767.02,0.04,0.4,0,none,10.0
1789892817.6418514,Router,7232.53,12.5,39.61,0.0,-96.9,10.6,0.35,0.39,27.43,7231.95,39.24,-97.06,0.86,-0.76,0.7,0,none,10.0
1789892817.6446044,Router,7232.44,12.5,38.11,0.0,-97.2,13.6,0.31,0.63,29.24,7232.14,38.92,-97.04,0.92,-1.62,0.1,0,none,10.0
1789892817.647347,Router,7231.85,0.0,36.98,0.0,-97.2,12.2,0.33,0.43,27.89,7232.09,38.5,-97.06,-0.21,-2.1,-0.1,0,none,10.0
1789892817.6502566,Router,7231.4,0.0,37.39,0.0,-97.5,9.4,0.41,0.37,27.23,7232.04,38.24,-97.2,-0.27,-1.27,-0.7,0,none,10.0
1789892817.6529698,Router,7231.97,0.0,38.89,0.0,-97.4,7.7,0.41,0.28,26.29,7232.04,38.2,-97.24,-0.01,-0.24,-0.2,0,none,10.0
1789892817.6556044,Router,7231.89,0.0,39.11,0.0,-97.2,7.9,0.33,0.47,20.33,7231.91,38.1,-97.3,-0.64,-0.5,-0.3,0,none,10.0
1789892817.6582317,Router,7231.76,0.0,38.7,0.0,-97.2,5.1,0.2,0.61,18.37,7231.77,38.21,-97.3,-0.68,0.59,0.0,0,none,10.0
1789892817.6608477,Router,7232.27,0.0,39.65,0.0,-97.4,3.8,0.29,0.53,22.8,7231.86,38.75,-97.34,0.42,2.67,-0.2,0,none,10.0
1789892817.6637406,Router,7232.82,0.0,40.59,0.0,-97.0,3.3,0.38,0.38,23.61,7232.14,39.39,-97.24,1.42,3.2,0.5,0,none,10.0
1789892817.6663916,Router,7233.26,0.0,39.46,0.0,-97.1,5.1,0.57,0.3,26.37,7232.4,39.5,-97.18,1.29,0.57,0.3,0,none,10.0
1789892817.669177,Router,7233.82,0.0,38.14,0.0,-97.3,6.3,0.72,0.48,31.05,7232.79,39.31,-97.2,1.93,-0.97,-0.1,0,none,10.0
1789892817.6718144,Router,7233.91,0.0,36.78,0.0,-96.9,5.4,0.61,0.64,33.47,7233.22,38.92,-97.14,2.15,-1.92,0.3,0,none,10.0
1789892817.6744487,Router,7234.2,0.0,35.33,0.0,-96.9,8.6,0.5,0.48,33.83,7233.6,38.06,-97.04,1.93,-4.32,0.5,0,none,10.0
1789892817.6771927,Router,7233.83,0.0,35.44,0.0,-96.6,11.5,0.3,0.34,33.07,7233.8,37.03,-96.96,1.01,-5.15,0.4,0,none,10.0
1789892817.6798074,Router,7234.6,0.0,35.68,0.0,-96.9,13.5,0.3,0.22,36.04,7234.07,36.27,-96.92,1.34,-3.78,0.2,0,none,10.0
1789892817.6826437,Router,7234.55,0.0,35.6,0.0,-96.5,16.3,0.32,0.18,37.05,7234.22,35.77,-96.76,0.73,-2.54,0.8,0,none,10.0
1789892817.6852837,Router,7235.28,0.0,34.86,0.0,-96.2,14.9,0.48,0.13,37.28,7234.49,35.38,-96.62,1.37,-1.92,0.7,0,none,10.0
1789892817.6879003,Router,7234.59,0.0,35.92,0.0,-95.9,14.6,0.46,0.34,32.4,7234.57,35.5,-96.42,0.39,0.59,1.0,0,none,10.0
1789892817.6905344,Router,7234.07,0.0,35.09,0.0,-96.2,11.5,0.39,0.23,33.26,7234.62,35.43,-96.34,0.24,-0.35,0.4,0,none,10.0
1789892817.6934311,Router,7234.11,0.0,33.6,0.0,-95.8,13.2,0.44,0.16,34.36,7234.52,35.01,-96.12,-0.49,-2.08,1.1,0,none,10.0
1789892817.6960564,Router,7233.59,0.0,33.41,0.0,-96.1,11.1,0.57,0.17,28.93,7234.33,34.58,-96.04,-0.96,-2.19,0.4,0,none,10.0
1789892817.6987345,Router,7233.57,0.0,34.85,0.0,-96.0,14.7,0.38,0.43,32.74,7233.99,34.57,-96.0,-1.71,-0.01,0.2,0,none,10.0
1789892817.701337,Router,7234.0,0.0,35.42,0.0,-95.9,12.8,0.24,0.57,31.95,7233.87,34.47,-96.0,-0.59,-0.5,0.0,0,none,10.0
1789892817.7039623,Router,7234.17,0.0,35.96,0.0,-95.9,15.4,0.26,0.57,28.45,7233.89,34.65,-95.94,0.1,0.87,0.3,0,none,10.0
1789892817.7065828,Router,7233.61,0.0,37.32,0.0,-96.1,19.1,0.25,0.37,25.25,7233.79,35.39,-96.0,-0.5,3.72,-0.3,0,none,10.0
1789892817.709267,Router,7233.04,0.0,38.76,0.0,-96.3,17.7,0.39,0.56,20.4,7233.68,36.46,-96.04,-0.55,5.35,-0.2,0,none,10.0
1789892817.711883,Router,7233.18,0.0,38.21,0.0,-96.1,19.9,0.44,0.57,17.38,7233.6,37.13,-96.06,-0.39,3.36,-0.1,0,none,10.0
1789892817.7150488,Router,7233.3,0.0,38.13,0.0,-96.4,21.7,0.4,0.66,17.39,7233.46,37.68,-96.16,-0.7,2.71,-0.5,0,none,10.0
1789892817.7176967,Router,7233.98,0.0,37.4,0.0,-96.4,22.3,0.34,0.64,17.08,7233.42,37.96,-96.26,-0.19,1.44,-0.5,0,none,10.0
1789892817.7203372,Router,7234.6,0.0,36.49,0.0,-96.3,21.3,0.59,0.39,11.28,7233.62,37.8,-96.3,0.99,-0.83,-0.2,0,none,10.0
1789892817.7231357,Router,7234.17,0.0,35.52,0.0,-96.7,17.6,0.54,0.29,15.04,7233.85,37.15,-96.38,1.13,-3.24,-0.4,0,none,10.0
1789892817.72576,Router,7234.1,0.0,34.89,0.0,-96.9,20.3,0.42,0.27,12.86,7234.03,36.49,-96.54,0.92,-3.32,-0.8,0,none,10.0
1789892817.7281215,Router,7233.61,0.0,35.62,0.0,-96.8,18.6,0.32,0.47,8.48,7234.09,35.98,-96.62,0.31,-2.51,-0.4,0,none,10.0
1789892817.7311273,Router,7232.96,0.0,36.89,0.0,-96.5,15.8,0.56,0.41,9.59,7233.89,35.88,-96.64,-1.02,-0.51,-0.1,0,none,10.0
1789892817.733798,Router,7232.62,0.0,37.84,0.0,-96.2,16.5,0.61,0.33,15.26,7233.49,36.15,-96.62,-1.98,1.35,0.1,0,none,10.0
1789892817.736785,Router,7232.47,0.0,38.53,0.0,-95.9,20.4,0.62,0.31,12.04,7233.15,36.75,-96.46,-1.7,3.01,0.8,0,none,10.0
1789892817.739602,Router,7231.88,0.0,39.69,0.0,-96.0,19.0,0.57,0.43,9.59,7232.71,37.71,-96.28,-2.22,4.8,0.9,0,none,10.0
1789892817.7423255,Router,7231.47,0.0,38.92,0.0,-95.9,17.5,0.53,0.45,13.05,7232.28,38.37,-96.1,-2.14,3.3,0.9,0,none,10.0
1789892817.7449589,Router,7230.73,0.0,39.96,0.0,-95.7,16.4,0.69,0.27,16.12,7231.83,38.99,-95.94,-2.23,3.07,0.8,0,none,10.0
1789892817.747366,Router,7231.47,0.0,40.89,0.0,-96.0,17.2,0.57,0.38,12.51,7231.6,39.6,-95.9,-1.15,3.05,0.2,0,none,10.0
1789892817.7499785,Router,7231.44,0.0,40.05,0.0,-95.9,15.3,0.37,0.47,15.12,7231.4,39.9,-95.9,-1.03,1.52,0.0,0,none,10.0
1789892817.7526212,Router,7231.8,0.0,39.52,0.0,-96.0,11.9,0.35,0.33,9.93,7231.38,39.87,-95.9,-0.08,-0.17,0.0,0,none,10.0
1789892817.7555711,Router,7232.38,0.0,39.17,0.0,-95.8,8.9,0.53,0.57,12.19,7231.56,39.92,-95.88,0.91,0.25,0.1,0,none,10.0
1789892817.7582934,Router,7231.76,0.0,38.29,0.0,-96.0,10.0,0.34,0.64,9.21,7231.77,39.58,-95.94,1.03,-1.67,-0.3,0,none,10.0
1789892817.7612286,Router,7231.16,0.0,36.8,0.0,-95.9,7.6,0.41,0.53,4.51,7231.71,38.77,-95.92,-0.31,-4.09,0.1,0,none,10.0
1789892817.7638733,Router,7230.55,0.0,37.2,0.0,-96.0,8.7,0.62,0.45,7.61,7231.53,38.2,-95.94,-0.89,-2.85,-0.1,0,none,10.0
1789892817.7665188,Router,7230.84,0.0,35.94,0.0,-96.0,8.2,0.66,0.41,7.56,7231.34,37.48,-95.94,-0.96,-3.58,0.0,0,none,10.0
1789892817.7690344,Router,7230.6,0.0,35.38,0.0,-96.2,8.2,0.44,0.34,10.06,7230.98,36.72,-96.02,-1.78,-3.79,-0.4,0,none,10.0
1789892817.7719443,Router,7231.39,0.0,34.98,0.0,-96.0,10.6,0.32,0.57,5.03,7230.91,36.06,-96.02,-0.37,-3.31,0.0,0,none,10.0
1789892817.7745557,Router,7230.8,0.0,34.73,0.0,-96.3,7.3,0.3,0.57,10.67,7230.84,35.65,-96.1,-0.36,-2.07,-0.4,0,none,10.0
1789892817.7769558,Router,7230.41,0.0,35.23,0.0,-96.5,3.9,0.33,0.71,15.39,7230.81,35.25,-96.2,-0.14,-1.97,-0.5,0,none,10.0
1789892817.7793763,Router,7231.06,0.0,36.67,0.0,-96.4,2.1,0.35,0.52,16.93,7230.85,35.4,-96.28,0.22,0.73,-0.4,0,none,10.0
1789892817.7819686,Router,7231.08,0.0,37.97,0.0,-96.2,1.2,0.33,0.45,18.42,7230.95,35.92,-96.28,0.48,2.59,0.0,0,none,10.0
1789892817.7850864,Router,7230.71,0.0,37.43,0.0,-96.2,3.6,0.25,0.67,22.9,7230.81,36.41,-96.32,-0.68,2.45,-0.2,0,none,10.0
1789892817.7875552,Router,7231.05,0.0,38.46,0.0,-95.9,6.3,0.27,0.74,22.32,7230.86,37.15,-96.24,0.25,3.73,0.4,0,none,10.0
1789892817.7901647,Router,7231.69,0.0,39.72,0.0,-95.8,2.7,0.32,0.49,23.14,7231.12,38.05,-96.1,1.28,4.49,0.7,0,none,10.0
1789892817.792785,Router,7231.55,0.0,39.16,0.0,-96.1,1.0,0.36,0.67,17.88,7231.22,38.55,-96.04,0.49,2.49,0.3,0,none,10.0
1789892817.7952476,Router,7230.88,0.0,38.89,0.0,-96.3,2.3,0.38,0.56,21.26,7231.18,38.73,-96.06,-0.2,0.92,-0.1,0,none,10.0
1789892817.7979515,Router,7231.27,0.0,38.05,0.0,-96.6,5.3,0.3,0.39,18.41,7231.29,38.86,-96.14,0.56,0.62,-0.4,0,none,10.0
1789892817.80059,Router,7231.5,0.0,37.81,0.0,-96.4,8.4,0.28,0.39,16.71,7231.38,38.73,-96.24,0.45,-0.65,-0.5,0,none,10.0
1789892817.8034577,Router,7231.63,0.0,38.49,0.0,-96.1,5.6,0.27,0.48,22.26,7231.37,38.48,-96.3,-0.06,-1.23,-0.3,0,none,10.0
1789892817.8056862,Router,7232.05,0.0,37.89,0.0,-96.2,3.9,0.39,0.47,17.25,7231.47,38.23,-96.32,0.5,-1.27,-0.1,0,none,10.0
1789892817.8078983,Router,7232.71,0.0,36.76,0.0,-96.5,1.0,0.51,0.62,19.46,7231.83,37.8,-96.36,1.83,-2.13,-0.2,0,none,10.0
1789892817.8101194,Router,7232.76,0.0,35.66,0.0,-96.6,3.7,0.52,0.38,14.22,7232.13,37.32,-96.36,1.49,-2.39,0.0,0,none,10.0
1789892817.8128412,Router,7232.97,0.0,35.51,0.0,-96.7,1.0,0.5,0.35,16.52,7232.42,36.86,-96.42,1.47,-2.3,-0.3,0,none,10.0
1789892817.8155594,Router,7232.4,0.0,35.76,0.0,-97.1,3.3,0.32,0.24,21.45,7232.58,36.32,-96.62,0.77,-2.73,-1.0,0,none,10.0
1789892817.8181796,Router,7232.64,0.0,37.0,0.0,-97.1,5.3,0.19,0.43,20.03,7232.7,36.14,-96.8,0.59,-0.89,-0.9,0,none,10.0
1789892817.8208156,Router,7232.95,0.0,36.32,0.0,-97.4,2.2,0.21,0.32,16.64,7232.74,36.05,-96.98,0.24,-0.44,-0.9,0,none,10.0
1789892817.8234892,Router,7233.09,0.0,35.95,0.0,-97.0,1.0,0.25,0.4,15.26,7232.81,36.11,-97.06,0.33,0.29,-0.4,0,none,10.0
1789892817.8261044,Router,7233.46,0.0,34.75,0.0,-96.8,1.2,0.37,0.42,18.67,7232.91,35.96,-97.08,0.49,-0.76,-0.1,0,none,10.0
1789892817.8285697,Router,7233.66,0.0,35.83,0.0,-96.4,1.0,0.36,0.3,18.55,7233.16,35.97,-96.94,1.26,0.07,0.7,0,none,10.0
1789892817.8312726,Router,7233.88,0.0,34.93,0.0,-96.6,1.0,0.35,0.52,24.06,7233.41,35.56,-96.84,1.24,-2.07,0.5,0,none,10.0
1789892817.833862,Router,7233.46,0.0,33.84,0.0,-96.8,1.0,0.26,0.57,20.23,7233.51,35.06,-96.72,0.51,-2.48,0.6,0,none,10.0
1789892817.836502,Router,7233.57,0.0,33.0,0.0,-97.0,1.0,0.16,0.39,14.87,7233.61,34.47,-96.72,0.48,-2.95,0.0,0,none,10.0
1789892817.8391123,Router,7233.09,0.0,31.9,0.0,-96.8,1.0,0.26,0.47,10.37,7233.53,33.9,-96.72,-0.37,-2.85,0.0,0,none,10.0
1789892817.8417683,Router,7233.78,0.0,30.58,0.0,-96.6,4.7,0.28,0.34,14.76,7233.56,32.85,-96.76,0.12,-5.25,-0.2,0,none,10.0
1789892817.844608,Router,7233.85,0.0,29.44,0.0,-97.0,2.1,0.27,0.23,12.58,7233.55,31.75,-96.84,-0.03,-5.49,-0.4,0,none,10.0
1789892817.8469954,Router,7233.65,0.0,27.99,0.0,-96.6,5.2,0.27,0.32,13.44,7233.59,30.58,-96.8,0.19,-5.85,0.2,0,none,10.0
1789892817.8496482,Router,7233.78,0.0,28.54,0.0,-96.3,7.7,0.28,0.59,13.09,7233.63,29.69,-96.66,0.21,-4.46,0.7,0,none,10.0
1789892817.852118,Router,7233.1,0.0,27.66,0.0,-96.5,7.2,0.28,0.54,14.04,7233.63,28.84,-96.6,0.01,-4.24,0.3,0,none,10.0
1789892817.854773,Router,7233.1,0.0,28.39,0.0,-96.2,8.1,0.33,0.49,14.08,7233.5,28.4,-96.52,-0.68,-2.19,0.4,0,none,10.0
1789892817.8576024,Router,7232.98,0.0,28.13,0.0,-96.3,9.3,0.33,0.55,18.28,7233.32,28.14,-96.38,-0.87,-1.31,0.7,0,none,10.0
1789892817.860289,Router,7233.78,0.0,27.83,0.0,-96.5,8.1,0.36,0.67,17.73,7233.35,28.11,-96.36,0.13,-0.16,0.1,0,none,10.0
1789892817.8626862,Router,7233.08,0.0,27.66,0.0,-96.7,4.2,0.29,0.43,15.55,7233.21,27.93,-96.44,-0.7,-0.88,-0.4,0,none,10.0
1789892817.8657486,Router,7233.57,0.0,27.94,0.0,-96.3,7.9,0.31,0.6,10.57,7233.3,27.99,-96.4,0.47,0.28,0.2,0,none,10.0
1789892817.8684978,Router,7234.08,0.0,26.47,0.0,-96.0,11.5,0.42,0.54,12.24,7233.5,27.61,-96.36,0.98,-1.92,0.2,0,none,10.0
1789892817.871067,Router,7233.81,0.0,26.15,0.0,-95.8,9.5,0.33,0.64,10.61,7233.66,27.21,-96.26,0.83,-1.98,0.5,0,none,10.0
1789892817.8738213,Router,7234.47,0.0,25.56,0.0,-95.5,6.9,0.47,0.45,6.22,7233.8,26.76,-96.06,0.69,-2.27,1.0,0,none,10.0
1789892817.8765366,Router,7234.25,0.0,25.05,0.0,-95.5,9.2,0.31,0.47,11.38,7234.04,26.23,-95.82,1.17,-2.61,1.2,0,none,10.0
1789892817.8792372,Router,7234.7,0.0,25.63,0.0,-95.8,11.2,0.3,0.43,8.81,7234.26,25.77,-95.72,1.13,-2.31,0.5,0,none,10.0
1789892817.881998,Router,7235.0,0.0,26.97,0.0,-95.6,10.9,0.4,0.63,8.59,7234.45,25.87,-95.64,0.92,0.5,0.4,0,none,10.0
1789892817.8844311,Router,7235.72,0.0,28.38,0.0,-95.3,8.8,0.51,0.71,11.57,7234.83,26.32,-95.54,1.91,2.23,0.5,0,none,10.0
1789892817.8870256,Router,7235.01,0.0,27.52,0.0,-95.4,7.3,0.48,0.51,7.64,7234.94,26.71,-95.52,0.54,1.96,0.1,0,none,10.0
1789892817.8897552,Router,7234.88,0.0,27.85,0.0,-95.7,8.3,0.35,0.32,10.39,7235.06,27.27,-95.56,0.63,2.8,-0.2,0,none,10.0
1789892817.8923812,Router,7235.38,0.0,26.96,0.0,-95.4,10.4,0.31,0.24,15.56,7235.2,27.54,-95.48,0.68,1.33,0.4,0,none,10.0
1789892817.8950295,Router,7235.58,0.0,27.21,0.0,-95.6,12.0,0.32,0.38,13.88,7235.31,27.58,-95.48,0.58,0.24,0.0,0,none,10.0
1789892817.8980992,Router,7235.79,0.0,26.4,0.0,-95.3,13.4,0.34,0.35,12.14,7235.33,27.19,-95.48,0.07,-1.98,0.0,0,none,10.0
1789892817.9007647,Router,7235.81,0.0,26.51,0.0,-95.5,14.6,0.34,0.55,16.05,7235.49,26.99,-95.5,0.8,-1.01,-0.1,0,none,10.0
1789892817.9035277,Router,7235.75,0.0,25.75,0.0,-95.4,13.9,0.16,0.49,10.25,7235.66,26.57,-95.44,0.87,-2.1,0.3,0,none,10.0
1789892817.9061453,Router,7235.88,0.0,25.25,0.0,-95.3,15.0,0.1,0.65,12.93,7235.76,26.22,-95.42,0.5,-1.71,0.1,0,none,10.0
1789892817.908772,Router,7235.65,0.0,26.53,0.0,-95.6,12.6,0.07,0.53,11.53,7235.78,26.09,-95.42,0.07,-0.68,0.0,0,none,10.0
1789892817.9111843,Router,7235.53,0.0,26.62,0.0,-95.7,11.8,0.12,0.56,9.33,7235.72,26.13,-95.5,-0.26,0.22,-0.4,0,none,10.0
1789892817.914366,Router,7282.38,0.0,27.57,0.0,-100.0,1.0,18.67,0.55,14.84,7245.04,26.34,-96.4,46.57,1.06,-4.5,1,wifi_ap_degrade,0.0
1789892817.9168713,Router,7299.42,0.0,27.06,0.0,-100.0,1.0,27.58,0.65,10.69,7257.77,26.61,-97.32,63.67,1.31,-4.6,1,wifi_ap_degrade,0.0
1789892817.919613,Router,9999.0,12.5,26.4,0.0,-100.0,1.0,27.58,0.52,6.24,7810.4,26.84,-98.26,2763.12,1.15,-4.7,1,wifi_ap_degrade,0.0
1789892817.9223542,Router,7368.3,12.5,26.33,0.0,-100.0,1.0,49.06,0.63,5.63,7836.93,26.8,-99.14,132.65,-0.2,-4.4,1,wifi_ap_degrade,0.0
1789892817.9251482,Router,7386.79,12.5,24.86,0.0,-100.0,1.0,55.88,0.6,4.41,7867.18,26.44,-100.0,151.26,-1.76,-4.3,1,wifi_ap_degrade,0.0
1789892817.9277322,Router,9999.0,25.0,26.02,0.0,-100.0,1.0,55.88,0.36,0.0,8410.5,26.13,-100.0,2716.62,-1.55,0.0,1,wifi_ap_degrade,0.0
1789892817.9303486,Router,9999.0,37.5,25.99,0.0,-100.0,1.0,55.88,0.53,0.0,8950.42,25.92,-100.0,2699.58,-1.07,0.0,1,wifi_ap_degrade,0.0
1789892817.9329004,Router,7504.06,37.5,26.89,0.0,-100.0,1.0,78.61,0.34,0.0,8451.43,26.02,-100.0,-2494.94,0.49,0.0,1,wifi_ap_degrade,0.0
1789892817.935428,Router,7518.74,37.5,28.2,0.0,-100.0,1.0,83.7,0.4,0.0,8481.52,26.39,-100.0,150.44,1.87,0.0,1,wifi_ap_degrade,0.0
1789892817.9376988,Router,7539.2,37.5,29.64,0.0,-100.0,1.0,71.24,0.61,0.0,8512.0,27.35,-100.0,152.41,4.78,0.0,1,wifi_ap_degrade,0.0
1789892817.9404466,Router,7583.93,25.0,30.72,0.0,-100.0,1.0,65.65,0.74,4.01,8028.99,28.29,-100.0,-2415.07,4.7,0.0,1,wifi_ap_degrade,0.0
1789892817.943452,Router,9999.0,37.5,31.04,0.0,-100.0,1.0,65.65,0.79,0.0,8028.99,29.3,-100.0,0.0,5.05,0.0,1,wifi_ap_degrade,0.0
1789892817.9459753,Router,9999.0,50.0,30.54,0.0,-100.0,1.0,65.65,0.76,0.0,8527.97,30.03,-100.0,2494.94,3.65,0.0,1,wifi_ap_degrade,0.0
1789892817.9485106,Router,7676.96,37.5,31.83,0.0,-100.0,1.0,62.31,0.58,0.0,8559.62,30.75,-100.0,158.22,3.63,0.0,1,wifi_ap_degrade,0.0
1789892817.9512374,Router,7710.37,25.0,30.33,0.0,-100.0,1.0,75.49,0.47,2.95,8593.85,30.89,-100.0,171.17,0.69,0.0,1,wifi_ap_degrade,0.0
1789892817.9539742,Router,7743.81,25.0,29.57,0.0,-100.0,1.0,77.22,0.52,4.26,8625.83,30.66,-100.0,159.88,-1.15,0.0,1,wifi_ap_degrade,0.0
1789892817.9567373,Router,7791.9,25.0,29.18,0.0,-100.0,1.0,69.95,0.61,9.09,8184.41,30.29,-100.0,-2207.1,-1.86,0.0,1,,0.0
1789892817.9592173,Router,7791.74,25.0,29.56,0.0,-100.0,3.8,45.15,0.59,14.32,7742.96,30.09,-100.0,-2207.26,-0.98,0.0,0,none,10.0
1789892817.9624045,Router,7792.48,25.0,29.07,0.0,-100.0,1.0,33.53,0.66,9.81,7766.06,29.54,-100.0,115.52,-2.76,0.0,0,none,10.0
1789892817.9650927,Router,7792.84,12.5,29.23,0.0,-99.9,2.8,19.37,0.67,4.39,7782.55,29.32,-99.98,82.47,-1.1,0.1,0,none,10.0
1789892817.9676712,Router,7793.61,0.0,27.88,0.0,-99.8,1.0,0.68,0.56,1.62,7792.51,28.98,-99.94,49.8,-1.69,0.2,0,none,10.0
1789892817.970301,Router,7792.84,0.0,27.68,0.0,-99.5,1.0,0.61,0.64,4.05,7792.7,28.68,-99.84,0.94,-1.5,0.5,0,none,10.0
1789892817.9729106,Router,7793.62,0.0,28.19,0.0,-99.4,1.0,0.46,0.67,6.99,7793.08,28.41,-99.72,1.88,-1.37,0.6,0,none,10.0
1789892817.975695,Router,7793.74,0.0,26.91,0.0,-99.3,1.3,0.4,0.71,12.16,7793.33,27.98,-99.58,1.26,-2.16,0.7,0,none,10.0
1789892817.9785104,Router,7793.68,0.0,26.03,0.0,-99.3,5.2,0.33,0.75,14.27,7793.5,27.34,-99.46,0.84,-3.2,0.6,0,none,10.0
1789892817.981199,Router,7793.93,0.0,26.68,0.0,-98.9,2.8,0.38,0.56,18.49,7793.56,27.1,-99.28,0.32,-1.2,0.9,0,none,10.0
1789892817.9838772,Router,7793.34,0.0,26.1,0.0,-98.9,1.1,0.19,0.6,22.04,7793.66,26.78,-99.16,0.5,-1.58,0.6,0,none,10.0
1789892817.9868457,Router,7793.84,0.0,25.04,0.0,-99.1,1.0,0.2,0.52,25.48,7793.71,26.15,-99.1,0.22,-3.15,0.3,0,none,10.0
1789892817.9898486,Router,7793.42,0.0,25.82,0.0,-99.0,2.9,0.23,0.32,25.56,7793.64,25.93,-99.04,-0.32,-1.09,0.3,0,none,10.0
1789892817.992511,Router,7793.71,0.0,26.93,0.0,-99.4,5.6,0.23,0.27,30.33,7793.65,26.11,-99.06,0.03,0.9,-0.1,0,none,10.0
1789892817.9951108,Router,7793.38,0.0,27.8,0.0,-99.1,1.9,0.2,0.31,28.14,7793.54,26.34,-99.1,-0.55,1.12,-0.2,0,none,10.0
1789892817.9977326,Router,7793.31,0.0,28.74,0.0,-98.9,1.0,0.21,0.55,25.85,7793.53,26.87,-99.1,-0.03,2.64,0.0,0,none,10.0
1789892818.0003443,Router,7793.6,0.0,27.87,0.0,-99.2,1.7,0.15,0.47,30.88,7793.48,27.43,-99.12,-0.24,2.83,-0.1,0,none,10.0
1789892818.002988,Router,7793.91,0.0,26.98,0.0,-98.9,1.0,0.22,0.36,25.44,7793.58,27.66,-99.1,0.49,1.16,0.1,0,none,10.0
1789892818.0057008,Router,7793.91,0.0,28.3,0.0,-98.9,1.0,0.26,0.41,22.46,7793.62,27.94,-99.0,0.2,1.37,0.5,0,none,10.0
1789892818.0083094,Router,7793.55,0.0,29.4,0.0,-98.9,1.0,0.23,0.33,17.5,7793.66,28.26,-98.96,0.17,1.6,0.2,0,none,10.0
1789892818.0113006,Router,7794.31,0.0,27.96,0.0,-98.5,4.2,0.27,0.22,16.84,7793.86,28.1,-98.88,1.0,-0.78,0.4,0,none,10.0
1789892818.013922,Router,7793.61,0.0,27.99,0.0,-98.9,7.6,0.27,0.46,18.17,7793.86,28.13,-98.82,0.01,0.12,0.3,0,none,10.0
1789892818.01653,Router,7792.88,0.0,28.37,0.0,-98.9,6.9,0.47,0.65,16.33,7793.65,28.4,-98.82,-1.03,1.39,0.0,0,none,10.0
1789892818.019155,Router,7793.38,0.0,27.22,0.0,-99.2,10.8,0.46,0.41,15.48,7793.55,28.19,-98.88,-0.53,-1.08,-0.3,0,none,10.0
1789892818.0217562,Router,7793.42,0.0,26.81,0.0,-99.2,7.4,0.46,0.32,18.21,7793.52,27.67,-98.94,-0.13,-2.59,-0.3,0,none,10.0
1789892818.0244877,Router,7793.15,0.0,26.62,0.0,-99.5,11.1,0.25,0.52,15.69,7793.29,27.4,-99.14,-1.16,-1.34,-1.0,0,none,10.0
1789892818.0271628,Router,7792.77,0.0,25.19,0.0,-99.1,9.1,0.26,0.34,15.27,7793.12,26.84,-99.18,-0.84,-2.8,-0.2,0,none,10.0
1789892818.0299845,Router,7792.99,0.0,26.08,0.0,-98.8,11.4,0.24,0.47,11.47,7793.14,26.38,-99.16,0.11,-2.29,0.1,0,none,10.0
1789892818.0329373,Router,7793.62,0.0,25.24,0.0,-98.4,7.6,0.3,0.65,6.12,7793.19,25.99,-99.0,0.24,-1.98,0.8,0,none,10.0
1789892818.0359704,Router,7794.4,0.0,24.76,0.0,-98.1,6.7,0.58,0.43,7.43,7793.39,25.58,-98.78,0.98,-2.05,1.1,0,none,10.0
1789892818.0390346,Router,7794.93,0.0,25.42,0.0,-97.8,7.3,0.82,0.58,11.76,7793.74,25.34,-98.44,1.78,-1.2,1.7,0,none,10.0
1789892818.0416694,Router,7794.37,0.0,25.5,0.0,-97.9,4.3,0.68,0.48,17.69,7794.06,25.4,-98.2,1.6,0.31,1.2,0,none,10.0
1789892818.0440917,Router,7794.67,0.0,24.13,0.0,-97.5,2.5,0.44,0.38,12.43,7794.4,25.01,-97.94,1.68,-1.95,1.3,0,none,10.0
1789892818.0468004,Router,7794.23,0.0,24.6,0.0,-97.4,1.0,0.25,0.49,15.95,7794.52,24.88,-97.74,0.61,-0.64,1.0,0,none,10.0
1789892818.049235,Router,7794.28,0.0,25.64,0.0,-97.6,1.6,0.26,0.6,10.62,7794.5,25.06,-97.64,-0.12,0.88,0.5,0,none,10.0
1789892818.0518537,Router,7793.63,0.0,25.63,0.0,-97.5,1.0,0.34,0.65,4.73,7794.24,25.1,-97.58,-1.3,0.21,0.3,0,none,10.0
1789892818.0545974,Router,7793.8,0.0,24.82,0.0,-97.5,1.0,0.37,0.71,6.81,7794.12,24.96,-97.5,-0.57,-0.68,0.4,0,none,10.0
1789892818.0571215,Router,7793.23,0.0,25.77,0.0,-97.8,1.0,0.39,0.66,9.36,7793.83,25.29,-97.56,-1.44,1.64,-0.3,0,none,10.0
1789892818.0599914,Router,7793.84,0.0,25.79,0.0,-97.5,1.0,0.34,0.53,7.94,7793.76,25.53,-97.58,-0.39,1.19,-0.1,0,none,10.0
1789892818.0629766,Router,7793.52,0.0,24.94,0.0,-97.1,1.9,0.22,0.57,3.8,7793.6,25.39,-97.48,-0.76,-0.7,0.5,0,none,10.0
1789892818.066043,Router,7793.41,0.0,24.29,0.0,-97.2,3.0,0.23,0.49,7.49,7793.56,25.12,-97.42,-0.22,-1.34,0.3,0,none,10.0
1789892818.068944,Router,7793.63,0.0,24.36,0.0,-97.2,1.0,0.21,0.48,8.97,7793.53,25.03,-97.36,-0.17,-0.46,0.3,0,none,10.0
1789892818.0716386,Router,7794.38,0.0,24.47,0.0,-97.2,1.0,0.34,0.54,9.68,7793.76,24.77,-97.24,1.15,-1.3,0.6,0,none,10.0
1789892818.0743284,Router,7795.14,0.0,23.29,0.0,-97.1,1.0,0.66,0.33,8.88,7794.02,24.27,-97.16,1.3,-2.5,0.4,0,none,10.0
1789892818.0768847,Router,7794.46,0.0,21.86,0.0,-96.7,1.0,0.62,0.34,11.45,7794.2,23.65,-97.08,0.94,-3.08,0.4,0,none,10.0
1789892818.079516,Router,7794.57,0.0,22.18,0.0,-97.0,1.0,0.48,0.47,10.51,7794.44,23.23,-97.04,1.16,-2.11,0.2,0,none,10.0
1789892818.0828698,Router,7795.09,0.0,22.91,0.0,-97.1,1.0,0.32,0.49,5.76,7794.73,22.94,-97.02,1.46,-1.45,0.1,0,none,10.0
1789892818.0856495,Router,7794.76,0.0,22.77,0.0,-96.8,3.2,0.27,0.52,11.1,7794.8,22.6,-96.94,0.38,-1.7,0.4,0,none,10.0
1789892818.0882597,Router,7795.21,0.0,23.53,0.0,-96.9,5.2,0.29,0.54,12.84,7794.82,22.65,-96.9,0.07,0.24,0.2,0,none,10.0
1789892818.0910838,Router,7795.0,0.0,24.22,0.0,-97.2,1.3,0.23,0.52,7.06,7794.93,23.12,-97.0,0.54,2.36,-0.5,0,none,10.0
1789892818.0935335,Router,7794.64,0.0,25.26,0.0,-97.2,2.0,0.21,0.48,2.97,7794.94,23.74,-97.04,0.07,3.08,-0.2,0,none,10.0
1789892818.096347,Router,7794.97,0.0,25.72,0.0,-96.9,5.3,0.2,0.47,7.86,7794.92,24.3,-97.0,-0.12,2.81,0.2,0,none,10.0
1789892818.0988944,Router,7794.56,0.0,26.24,0.0,-96.7,5.2,0.24,0.38,7.07,7794.88,24.99,-96.98,-0.2,3.47,0.1,0,none,10.0
1789892818.1012702,Router,7794.77,0.0,25.93,0.0,-96.7,3.2,0.17,0.54,1.75,7794.79,25.47,-96.94,-0.44,2.4,0.2,0,none,10.0
1789892818.1037905,Router,7794.43,0.0,27.2,0.0,-96.4,2.9,0.18,0.66,0.0,7794.67,26.07,-96.78,-0.57,2.98,0.8,0,none,10.0
1789892818.1066644,Router,7793.99,0.0,28.61,0.0,-96.1,6.1,0.33,0.46,2.76,7794.54,26.74,-96.56,-0.65,3.35,1.1,0,none,10.0
1789892818.109491,Router,7793.44,0.0,29.53,0.0,-96.3,7.7,0.47,0.33,8.66,7794.24,27.5,-96.44,-1.53,3.81,0.6,0,none,10.0
1789892818.1119664,Router,7792.93,0.0,29.58,0.0,-96.7,5.9,0.66,0.35,3.08,7793.91,28.17,-96.44,-1.63,3.34,0.0,0,none,10.0
1789892818.1149259,Router,7792.26,0.0,29.31,0.0,-96.4,6.9,0.77,0.42,3.51,7793.41,28.85,-96.38,-2.51,3.38,0.3,0,none,10.0
1789892818.1175468,Router,7792.4,0.0,29.88,0.0,-96.7,8.4,0.65,0.52,6.31,7793.0,29.38,-96.44,-2.03,2.68,-0.3,0,none,10.0
1789892818.120187,Router,7792.29,0.0,30.39,0.0,-97.0,7.9,0.46,0.65,3.24,7792.66,29.74,-96.62,-1.7,1.78,-0.9,0,none,10.0
1789892818.123029,Router,7791.76,0.0,31.79,0.0,-97.0,10.6,0.37,0.66,3.87,7792.33,30.19,-96.76,-1.68,2.26,-0.7,0,none,10.0
1789892818.1256597,Router,7791.62,0.0,31.52,0.0,-97.2,14.3,0.31,0.59,0.0,7792.07,30.58,-96.86,-1.31,1.94,-0.5,0,none,10.0
1789892818.1282988,Router,7791.42,0.0,31.53,0.0,-97.6,15.7,0.38,0.44,0.0,7791.9,31.02,-97.1,-0.84,2.22,-1.2,0,none,10.0
1789892818.1311243,Router,7792.01,0.0,32.46,0.0,-97.2,14.4,0.3,0.54,4.45,7791.82,31.54,-97.2,-0.39,2.58,-0.5,0,none,10.0
1789892818.133762,Router,7791.23,0.0,33.45,0.0,-97.2,12.4,0.27,0.58,4.26,7791.61,32.15,-97.24,-1.06,3.06,-0.2,0,none,10.0
1789892818.1363838,Router,7791.21,0.0,33.75,0.0,-97.5,9.0,0.3,0.38,5.57,7791.5,32.54,-97.34,-0.55,1.96,-0.5,0,none,10.0
1789892818.1400752,Router,7790.64,0.0,34.07,0.0,-97.8,6.0,0.44,0.32,8.97,7791.3,33.05,-97.46,-0.98,2.55,-0.6,0,none,10.0
1789892818.14279,Router,7790.89,0.0,34.5,0.0,-97.9,6.6,0.46,0.56,3.63,7791.2,33.65,-97.52,-0.53,2.97,-0.3,0,none,10.0
1789892818.1452386,Router,7791.22,0.0,34.31,0.0,-98.2,3.7,0.23,0.7,4.87,7791.04,34.02,-97.72,-0.79,1.85,-1.0,0,none,10.0
1789892818.147877,Router,7791.22,0.0,35.67,0.0,-98.2,3.3,0.23,0.76,4.96,7791.04,34.46,-97.92,-0.01,2.22,-1.0,0,none,10.0
1789892818.150302,Router,7791.51,0.0,36.66,0.0,-98.2,4.7,0.3,0.77,1.74,7791.1,35.04,-98.06,0.3,2.91,-0.7,0,none,10.0
1789892818.1529062,Router,7791.75,0.0,35.7,0.0,-98.5,2.5,0.29,0.74,7.5,7791.32,35.37,-98.2,1.11,1.63,-0.7,0,none,10.0
1789892818.1555667,Router,7792.48,0.0,37.08,0.0,-98.3,1.4,0.47,0.7,8.59,7791.64,35.88,-98.28,1.59,2.58,-0.4,0,none,10.0
1789892818.1581833,Router,7792.45,0.0,37.2,0.0,-98.4,4.3,0.5,0.56,3.47,7791.88,36.46,-98.32,1.23,2.89,-0.2,0,none,10.0
1789892818.160795,Router,7791.88,0.0,38.55,0.0,-98.0,3.1,0.39,0.73,5.92,7792.01,37.04,-98.28,0.66,2.88,0.2,0,none,10.0
1789892818.1641998,Router,7792.55,0.0,39.54,0.0,-98.1,1.0,0.34,0.64,4.25,7792.22,37.61,-98.26,1.04,2.88,0.1,0,none,10.0
1789892818.1668146,Router,7793.0,0.0,38.06,0.0,-97.7,4.1,0.36,0.42,0.0,7792.47,38.09,-98.1,1.25,2.36,0.8,0,none,10.0
1789892818.1694357,Router,7792.81,0.0,39.21,0.0,-98.0,7.8,0.38,0.32,5.46,7792.54,38.51,-98.04,0.33,2.13,0.3,0,none,10.0
1789892818.1720524,Router,7792.08,0.0,38.56,0.0,-97.7,5.1,0.42,0.26,1.66,7792.46,38.78,-97.9,-0.37,1.36,0.7,0,none,10.0
1789892818.1745698,Router,7792.3,0.0,39.28,0.0,-97.8,3.9,0.33,0.44,1.16,7792.55,38.93,-97.86,0.42,0.73,0.2,0,none,10.0
1789892818.1772525,Router,7792.42,0.0,38.9,0.0,-97.4,1.4,0.34,0.39,0.0,7792.52,38.8,-97.72,-0.13,-0.64,0.7,0,none,10.0
1789892818.1797886,Router,7792.54,0.0,39.17,0.0,-97.2,1.0,0.24,0.61,1.92,7792.43,39.02,-97.62,-0.46,1.11,0.5,0,none,10.0
1789892818.1821537,Router,7792.49,0.0,40.28,0.0,-97.0,2.5,0.16,0.54,0.23,7792.37,39.24,-97.42,-0.32,1.07,1.0,0,none,10.0
1789892818.184784,Router,7792.49,0.0,40.53,0.0,-97.0,1.0,0.08,0.6,0.1,7792.45,39.63,-97.28,0.41,1.97,0.7,0,none,10.0
1789892818.187414,Router,7792.31,0.0,40.11,0.0,-96.9,1.0,0.08,0.44,0.0,7792.45,39.8,-97.1,0.01,0.83,0.9,0,none,10.0
1789892818.1900156,Router,7792.66,0.0,41.17,0.0,-97.1,1.0,0.11,0.28,4.39,7792.5,40.25,-97.04,0.24,2.27,0.3,0,none,10.0
1789892818.1926453,Router,7793.33,0.0,42.23,0.0,-96.7,1.2,0.36,0.24,4.49,7792.66,40.86,-96.94,0.79,3.06,0.5,0,none,10.0
1789892818.1961703,Router,7793.79,0.0,41.77,0.0,-96.8,3.6,0.56,0.31,8.99,7792.92,41.16,-96.9,1.3,1.49,0.2,0,none,10.0
1789892818.1987748,Router,7794.27,0.0,40.46,0.0,-96.7,5.4,0.72,0.26,13.66,7793.27,41.15,-96.84,1.78,-0.07,0.3,0,none,10.0
1789892818.2014039,Router,7794.44,0.0,41.65,0.0,-96.9,8.4,0.65,0.45,19.35,7793.7,41.46,-96.84,2.13,1.54,0.0,0,none,10.0
1789892818.2041595,Router,7795.0,0.0,42.9,0.0,-96.6,8.5,0.57,0.47,16.09,7794.17,41.8,-96.74,2.34,1.73,0.5,0,none,10.0
1789892818.206782,Router,7828.45,0.0,44.12,0.0,-100.0,1.0,13.63,0.37,18.63,7801.19,42.18,-97.4,35.12,1.89,-3.3,1,wifi_ap_degrade,0.0
1789892818.209456,Router,7876.7,0.0,43.5,0.0,-100.0,1.0,32.26,0.45,19.62,7817.77,42.53,-98.04,82.91,1.73,-3.2,1,wifi_ap_degrade,0.0
1789892818.2118344,Router,9999.0,12.5,43.59,0.0,-100.0,1.0,32.26,0.52,21.16,8258.72,43.15,-98.7,2204.73,3.13,-3.3,1,wifi_ap_degrade,0.0
1789892818.2145052,Router,7965.25,12.5,43.99,0.0,-100.0,1.0,64.11,0.67,19.67,8292.88,43.62,-99.32,170.81,2.34,-3.1,1,wifi_ap_degrade,0.0
1789892818.2172232,Router,7992.25,12.5,43.2,0.0,-100.0,1.0,76.29,0.62,20.11,8332.33,43.68,-100.0,197.25,0.3,-3.4,1,wifi_ap_degrade,0.0
1789892818.219947,Router,8016.55,12.5,42.85,0.0,-100.0,1.0,71.54,0.57,14.36,8369.95,43.43,-100.0,188.1,-1.27,0.0,1,wifi_ap_degrade,0.0
1789892818.222882,Router,8043.93,12.5,44.01,0.0,-100.0,1.0,57.37,0.69,14.12,8403.4,43.53,-100.0,167.23,0.51,0.0,1,wifi_ap_degrade,0.0
1789892818.2255678,Router,8085.43,12.5,44.35,0.0,-100.0,1.0,41.54,0.6,10.35,8020.68,43.68,-100.0,-1913.57,0.76,0.0,1,wifi_ap_degrade,0.0
1789892818.228232,Router,9999.0,25.0,43.45,0.0,-100.0,1.0,41.54,0.65,14.14,8427.43,43.57,-100.0,2033.75,-0.54,0.0,1,wifi_ap_degrade,0.0
1789892818.230908,Router,9999.0,37.5,43.15,0.0,-100.0,1.0,41.54,0.59,19.22,8828.78,43.56,-100.0,2006.75,-0.05,0.0,1,wifi_ap_degrade,0.0
1789892818.2337208,Router,8188.07,25.0,41.77,0.0,-100.0,1.0,68.77,0.53,18.64,8863.09,43.35,-100.0,171.52,-1.08,0.0,1,wifi_ap_degrade,0.0
1789892818.23636,Router,8232.21,25.0,40.6,0.0,-100.0,1.0,83.28,0.42,14.69,8900.74,42.66,-100.0,188.28,-3.41,0.0,1,wifi_ap_degrade,0.0
1789892818.2389698,Router,8248.79,25.0,39.34,0.0,-100.0,1.0,81.14,0.42,9.83,8933.41,41.66,-100.0,163.36,-5.01,0.0,1,wifi_ap_degrade,0.0
1789892818.2417483,Router,8295.52,25.0,38.8,0.0,-100.0,1.0,71.15,0.54,7.42,8592.72,40.73,-100.0,-1703.48,-4.65,0.0,1,,0.0
1789892818.2447455,Router,8296.21,25.0,39.45,0.0,-100.0,1.0,40.83,0.48,3.12,8252.16,39.99,-100.0,-1702.79,-3.7,0.0,1,none,0.5
1789892818.2474396,Router,8296.12,25.0,39.63,0.0,-99.9,1.0,27.67,0.68,0.0,8273.77,39.56,-99.98,108.05,-2.14,0.1,1,none,0.33
1789892818.2498355,Router,8296.91,12.5,39.86,0.0,-100.0,1.0,18.96,0.41,1.55,8286.71,39.42,-99.98,64.7,-0.74,0.0,1,none,0.2
1789892818.252402,Router,8297.11,0.0,38.76,0.0,-100.0,1.0,0.57,0.51,4.27,8296.37,39.3,-99.98,48.32,-0.58,0.0,1,none,0.2
1789892818.2551725,Router,8297.23,0.0,38.5,0.0,-99.8,1.0,0.46,0.42,9.63,8296.72,39.24,-99.94,1.71,-0.3,0.2,0,none,10.0
1789892818.2577746,Router,8297.03,0.0,39.93,0.0,-99.6,3.7,0.4,0.54,10.71,8296.88,39.34,-99.86,0.82,0.48,0.4,0,none,10.0
1789892818.2601342,Router,8297.54,0.0,40.45,0.0,-99.9,6.5,0.21,0.37,11.13,8297.16,39.5,-99.86,1.42,0.82,0.0,0,none,10.0
1789892818.262659,Router,8298.0,0.0,39.3,0.0,-99.6,4.5,0.35,0.55,16.24,8297.38,39.39,-99.78,1.09,-0.56,0.4,0,none,10.0
1789892818.2652745,Router,8298.51,0.0,40.11,0.0,-99.8,8.3,0.53,0.43,20.97,8297.66,39.66,-99.74,1.4,1.35,0.2,0,none,10.0
1789892818.267895,Router,8299.24,0.0,39.93,0.0,-99.5,6.9,0.76,0.42,22.06,8298.06,39.94,-99.68,2.01,1.43,0.3,0,none,10.0
1789892818.270496,Router,8406.85,0.0,40.45,0.0,-99.4,10.4,43.42,0.57,24.3,8320.03,40.05,-99.64,109.82,0.52,0.2,1,router_packet_loss,0.0
1789892818.2731576,Router,9999.0,12.5,41.56,0.0,-99.4,6.8,43.42,0.7,20.37,8660.32,40.27,-99.54,1701.46,1.11,0.5,1,router_packet_loss,0.0
1789892818.2762873,Router,8607.29,12.5,40.13,0.0,-99.2,8.3,120.21,0.44,14.54,8722.18,40.44,-99.46,309.29,0.83,0.4,1,router_packet_loss,0.0
1789892818.2787328,Router,8675.02,12.5,39.77,0.0,-98.8,4.9,156.62,0.38,19.99,8797.48,40.37,-99.26,376.51,-0.34,1.0,1,router_packet_loss,0.0
1789892818.281405,Router,9999.0,25.0,40.8,0.0,-98.7,1.1,156.62,0.46,24.13,9137.43,40.54,-99.1,1699.76,0.87,0.8,1,router_packet_loss,0.0
1789892818.284022,Router,9999.0,37.5,39.89,0.0,-98.6,2.7,156.62,0.42,25.89,9455.86,40.43,-98.94,1592.15,-0.56,0.8,1,router_packet_loss,0.0
1789892818.2866452,Router,9999.0,50.0,39.53,0.0,-98.3,1.0,156.62,0.32,28.37,9455.86,40.02,-98.72,0.0,-2.03,1.1,1,router_packet_loss,0.0
1789892818.2892847,Router,9999.0,62.5,39.96,0.0,-98.6,1.0,156.62,0.28,33.15,9734.2,39.99,-98.6,1391.71,-0.17,0.6,1,router_packet_loss,0.0
1789892818.2929733,Router,9144.74,62.5,40.82,0.0,-98.4,1.0,156.62,0.22,32.26,9828.15,40.2,-98.52,469.72,1.05,0.4,1,router_packet_loss,0.0
1789892818.2955186,Router,9999.0,62.5,40.27,0.0,-98.3,1.0,156.62,0.15,29.48,9828.15,40.09,-98.44,0.0,-0.53,0.4,1,router_packet_loss,0.0
1789892818.2979846,Router,9999.0,75.0,41.69,0.0,-98.3,4.3,156.62,0.24,25.05,9828.15,40.45,-98.38,0.0,1.8,0.3,1,router_packet_loss,0.0
1789892818.3013427,Router,9999.0,87.5,43.11,0.0,-98.0,1.4,156.62,0.38,28.07,9828.15,41.17,-98.32,0.0,3.58,0.3,1,router_packet_loss,0.0
1789892818.3039818,Router,9999.0,87.5,42.77,0.0,-97.7,1.0,156.62,0.26,22.92,9828.15,41.73,-98.14,0.0,2.81,0.9,1,router_packet_loss,0.0
1789892818.306594,Router,9629.77,75.0,42.81,0.0,-97.8,1.0,156.62,0.28,23.25,9925.15,42.13,-98.02,485.03,1.99,0.6,1,router_packet_loss,0.0
1789892818.309231,Router,9999.0,75.0,41.6,0.0,-98.2,3.0,156.62,0.4,24.81,9925.15,42.4,-98.0,0.0,1.33,0.1,1,,0.0
1789892818.3120036,Router,9728.2,62.5,40.66,0.0,-97.8,3.8,156.62,0.44,21.72,9870.99,42.19,-97.9,-270.8,-1.03,0.5,1,none,0.83
1789892818.3145278,Router,9728.69,62.5,41.11,0.0,-97.8,3.1,156.62,0.6,24.25,9816.93,41.79,-97.86,-270.31,-2.0,0.2,1,none,0.67
1789892818.3174522,Router,9728.84,50.0,42.29,0.0,-97.6,1.0,156.62,0.41,30.14,9762.9,41.69,-97.84,-270.16,-0.48,0.1,1,none,0.5
1789892818.320223,Router,9728.51,37.5,43.11,0.0,-97.6,1.7,156.62,0.6,33.42,9782.65,41.75,-97.8,98.74,0.3,0.2,1,none,0.33
1789892818.3230298,Router,9728.31,25.0,41.8,0.0,-97.9,1.0,156.62,0.37,34.85,9728.51,41.79,-97.74,-270.69,0.2,0.3,1,none,0.2
1789892818.3256695,Router,9728.93,12.5,42.1,0.0,-97.9,2.0,156.62,0.44,38.06,9728.66,42.08,-97.76,0.73,1.44,-0.1,1,none,0.2
1789892818.3283057,Router,9728.24,12.5,41.31,0.0,-98.3,1.0,156.62,0.61,35.63,9728.57,42.12,-97.86,-0.45,0.2,-0.5,0,none,10.0
1789892818.330972,Router,9728.72,0.0,40.34,0.0,-98.3,1.0,156.62,0.56,40.22,9728.54,41.73,-98.0,-0.12,-1.95,-0.7,0,none,10.0
1789892818.3335145,Router,9728.09,0.0,41.77,0.0,-97.9,1.0,156.62,0.41,42.72,9728.46,41.46,-98.06,-0.42,-1.34,-0.3,0,none,10.0
1789892818.3361104,Router,9727.81,0.0,40.91,0.0,-97.9,4.8,156.62,0.44,42.07,9728.36,41.29,-98.06,-0.5,-0.89,0.0,0,none,10.0
1789892818.3387377,Router,9728.58,0.0,40.28,0.0,-98.1,2.9,156.62,0.31,46.29,9728.29,40.92,-98.1,-0.35,-1.82,-0.2,0,none,10.0
1789892818.341355,Router,9728.9,0.0,41.08,0.0,-98.3,1.7,156.62,0.55,40.82,9728.42,40.88,-98.1,0.66,-0.23,0.0,0,none,10.0
1789892818.3440604,Router,9729.67,0.0,40.91,0.0,-98.1,1.1,156.62,0.37,44.35,9728.61,40.99,-98.06,0.95,0.57,0.2,0,none,10.0
1789892818.346486,Router,9729.19,0.0,39.51,0.0,-98.3,1.0,156.62,0.32,47.57,9728.83,40.54,-98.14,1.1,-2.26,-0.4,0,none,10.0
1789892818.3490136,Router,9729.12,0.0,39.61,0.0,-98.1,2.6,156.62,0.48,49.92,9729.09,40.28,-98.18,1.31,-1.3,-0.2,0,none,10.0
1789892818.3512743,Router,9729.48,0.0,40.01,0.0,-97.8,2.9,156.62,0.68,49.37,9729.27,40.22,-98.12,0.9,-0.27,0.3,0,none,10.0
1789892818.3538003,Router,9729.82,0.0,39.3,0.0,-98.1,2.1,156.62,0.68,46.75,9729.46,39.87,-98.08,0.92,-1.78,0.2,0,none,10.0
1789892818.3564997,Router,9999.0,12.5,39.11,0.0,-98.4,4.0,156.62,0.41,41.89,9783.32,39.51,-98.14,269.33,-1.8,-0.3,1,router_latency_spike,0.0
1789892818.3593204,Router,9970.16,12.5,40.13,0.0,-98.4,1.0,156.62,0.31,39.1,9831.52,39.63,-98.16,240.97,0.62,-0.1,1,router_latency_spike,0.0
1789892818.3619912,Router,9999.0,12.5,39.03,0.0,-98.7,4.6,156.62,0.3,33.35,9885.49,39.52,-98.28,269.88,-0.58,-0.6,1,router_latency_spike,0.0
1789892818.3652508,Router,9999.0,12.5,40.36,0.0,-98.7,7.2,156.62,0.57,38.07,9939.4,39.59,-98.46,269.52,0.35,-0.9,1,router_latency_spike,0.0
1789892818.3681726,Router,9999.0,25.0,40.24,0.0,-98.3,5.0,156.62,0.71,42.2,9993.23,39.77,-98.5,269.18,0.94,-0.2,1,router_latency_spike,0.0
1789892818.3711154,Router,9999.0,37.5,39.45,0.0,-98.2,7.0,156.62,0.63,43.45,9993.23,39.84,-98.46,0.0,0.34,0.2,1,router_latency_spike,0.0
1789892818.374163,Router,9999.0,37.5,40.58,0.0,-98.4,3.0,156.62,0.75,47.35,9999.0,39.93,-98.46,28.84,0.45,0.0,1,router_latency_spike,0.0
1789892818.3771362,Router,9999.0,37.5,39.52,0.0,-98.2,5.8,156.62,0.58,45.82,9999.0,40.03,-98.36,0.0,0.49,0.5,1,router_latency_spike,0.0
1789892818.3802702,Router,9999.0,25.0,38.47,0.0,-98.2,7.7,156.62,0.66,41.74,9999.0,39.65,-98.26,0.0,-1.89,0.5,1,router_latency_spike,0.0
1789892818.3832157,Router,9999.0,25.0,37.08,0.0,-98.5,6.9,156.62,0.54,42.39,9999.0,39.02,-98.3,0.0,-3.16,-0.2,1,router_latency_spike,0.0
1789892818.3861508,Router,9999.0,25.0,37.2,0.0,-98.9,3.9,156.62,0.35,43.83,9999.0,38.57,-98.44,0.0,-2.25,-0.7,1,router_latency_spike,0.0
1789892818.3888526,Router,9999.0,25.0,37.18,0.0,-99.0,3.9,156.62,0.57,41.97,9999.0,37.89,-98.56,0.0,-3.4,-0.6,1,router_latency_spike,0.0
1789892818.391587,Router,9999.0,12.5,38.26,0.0,-99.0,4.3,156.62,0.41,45.13,9999.0,37.64,-98.72,0.0,-1.26,-0.8,1,router_latency_spike,0.0
1789892818.3945467,Router,9999.0,0.0,38.02,0.0,-99.1,7.2,156.62,0.33,45.87,9999.0,37.55,-98.9,0.0,-0.45,-0.9,1,router_latency_spike,0.0
1789892818.396869,Router,9999.0,0.0,37.57,0.0,-99.4,10.8,156.62,0.23,47.14,9999.0,37.65,-99.08,0.0,0.49,-0.9,1,router_latency_spike,0.0
1789892818.3996227,Router,9999.0,0.0,38.8,0.0,-99.0,9.4,156.62,0.32,47.02,9999.0,37.97,-99.1,0.0,1.6,-0.1,1,router_latency_spike,0.0
1789892818.402155,Router,9999.0,0.0,39.81,0.0,-99.0,11.5,156.62,0.4,44.33,9999.0,38.49,-99.1,0.0,2.63,0.0,1,,0.0
1789892818.404757,Router,9999.0,0.0,40.35,0.0,-98.6,10.3,156.62,0.4,45.01,9999.0,38.91,-99.02,0.0,2.09,0.4,0,none,10.0
1789892818.4077845,Router,9998.92,0.0,41.48,0.0,-98.5,7.4,156.62,0.41,46.33,9998.98,39.6,-98.9,-0.08,3.46,0.6,0,none,10.0
1789892818.4101925,Router,9998.19,0.0,41.1,0.0,-98.7,6.0,156.62,0.54,48.69,9998.82,40.31,-98.76,-0.81,3.53,0.7,0,none,10.0
1789892818.4129715,Router,9997.57,0.0,40.17,0.0,-98.9,3.2,156.62,0.57,48.74,9998.54,40.58,-98.74,-1.43,1.37,0.1,0,none,10.0
1789892818.4156384,Router,9997.6,0.0,40.72,0.0,-98.8,2.9,156.62,0.35,54.51,9998.26,40.76,-98.7,-1.4,0.91,0.2,0,none,10.0
1789892818.4183843,Router,9997.55,0.0,41.95,0.0,-99.1,5.8,156.62,0.33,57.28,9997.97,41.08,-98.8,-1.45,1.6,-0.5,0,none,10.0
1789892818.4209807,Router,9997.96,0.0,40.72,0.0,-99.1,9.5,156.62,0.47,51.44,9997.77,40.93,-98.92,-0.96,-0.76,-0.6,0,none,10.0
1789892818.4236305,Router,9997.5,0.0,40.8,0.0,-98.9,12.5,156.62,0.39,50.38,9997.64,40.87,-98.96,-0.69,-0.3,-0.2,0,none,10.0
1789892818.4263182,Router,9997.17,0.0,40.36,0.0,-98.7,11.0,156.62,0.52,47.8,9997.56,40.91,-98.92,-0.4,0.19,0.2,0,none,10.0
1789892818.4289591,Router,9997.03,0.0,41.52,0.0,-98.8,9.9,156.62,0.67,43.03,9997.44,41.07,-98.92,-0.57,0.8,0.0,0,none,10.0
1789892818.4316425,Router,9996.52,0.0,42.68,0.0,-98.4,12.6,156.62,0.48,37.38,9997.24,41.22,-98.78,-1.03,0.73,0.7,0,none,10.0
1789892818.4342418,Router,9996.66,0.0,41.66,0.0,-98.7,11.3,156.62,0.34,39.24,9996.98,41.4,-98.7,-1.3,0.94,0.4,0,none,10.0
1789892818.4368722,Router,9997.21,0.0,41.12,0.0,-98.7,12.8,156.62,0.27,44.24,9996.92,41.47,-98.66,-0.29,0.32,0.2,0,none,10.0
1789892818.4395106,Router,9997.71,0.0,41.3,0.0,-99.0,11.4,156.62,0.53,39.07,9997.03,41.66,-98.72,0.54,0.94,-0.3,0,none,10.0
1789892818.4421194,Router,9997.01,0.0,41.44,0.0,-98.9,8.4,156.62,0.68,42.64,9997.02,41.64,-98.74,-0.02,-0.08,-0.1,0,none,10.0
1789892818.445259,Router,9996.41,0.0,42.12,0.0,-99.2,4.9,156.62,0.51,40.1,9997.0,41.53,-98.9,-0.11,-0.56,-0.8,0,none,10.0
1789892818.447914,Router,9996.23,0.0,40.64,0.0,-98.8,4.3,156.62,0.46,35.24,9996.91,41.32,-98.92,-0.43,-1.02,-0.1,0,none,10.0
1789892818.4505627,Router,9996.83,0.0,40.06,0.0,-99.1,1.8,156.62,0.49,39.98,9996.84,41.11,-99.0,-0.38,-1.06,-0.4,0,none,10.0
1789892818.4529588,Router,9996.51,0.0,40.14,0.0,-99.2,4.2,156.62,0.62,37.97,9996.6,40.88,-99.04,-1.2,-1.16,-0.2,0,none,10.0
1789892818.455556,Router,9996.74,0.0,40.84,0.0,-99.0,7.0,156.62,0.47,43.69,9996.54,40.76,-99.06,-0.27,-0.6,-0.1,0,none,10.0
1789892818.4581664,Router,9996.06,0.0,40.4,0.0,-99.2,6.8,156.62,0.45,41.67,9996.47,40.42,-99.06,-0.35,-1.72,0.0,0,none,10.0
1789892818.461076,Router,9995.62,0.0,40.75,0.0,-98.8,6.4,156.62,0.4,42.18,9996.35,40.44,-99.06,-0.61,0.11,0.0,0,none,10.0
1789892818.4634778,Router,9994.84,0.0,40.94,0.0,-99.0,10.1,156.62,0.49,37.61,9995.95,40.61,-99.04,-1.99,0.88,0.1,0,none,10.0
1789892818.466064,Router,9994.49,0.0,39.77,0.0,-98.8,8.1,156.62,0.5,42.16,9995.55,40.54,-98.96,-2.02,-0.37,0.4,0,none,10.0
1789892818.468675,Router,9994.19,0.0,41.11,0.0,-98.4,9.6,156.62,0.34,37.53,9995.04,40.59,-98.84,-2.55,0.27,0.6,0,none,10.0
1789892818.471308,Router,9993.84,0.0,39.72,0.0,-98.5,5.6,156.62,0.55,42.49,9994.6,40.46,-98.7,-2.22,-0.68,0.7,0,none,10.0
1789892818.474059,Router,9993.15,0.0,38.39,0.0,-98.2,5.8,156.62,0.73,41.28,9994.1,39.99,-98.58,-2.47,-2.36,0.6,0,none,10.0
1789892818.4771185,Router,9992.59,0.0,38.76,0.0,-98.4,7.9,156.62,0.56,39.24,9993.65,39.55,-98.46,-2.25,-2.18,0.6,0,none,10.0
1789892818.4792604,Router,9993.12,0.0,40.13,0.0,-98.1,11.0,156.62,0.64,36.41,9993.38,39.62,-98.32,-1.37,0.36,0.7,0,none,10.0
1789892818.4814258,Router,9999.0,0.0,38.81,0.0,-100.0,1.0,156.62,0.78,37.15,9994.34,39.16,-98.64,4.81,-2.3,-1.6,1,wifi_ap_degrade,0.0
1789892818.4843721,Router,9999.0,12.5,38.44,0.0,-100.0,1.0,156.62,0.62,37.5,9995.37,38.91,-98.94,5.16,-1.28,-1.5,1,wifi_ap_degrade,0.0
1789892818.4870017,Router,9999.0,12.5,39.58,0.0,-100.0,1.0,156.62,0.57,36.76,9996.54,39.14,-99.3,5.85,1.19,-1.8,1,wifi_ap_degrade,0.0
1789892818.4896379,Router,9999.0,12.5,38.31,0.0,-100.0,1.0,156.62,0.44,33.61,9997.82,39.05,-99.62,6.41,-0.45,-1.6,1,wifi_ap_degrade,0.0
1789892818.4933019,Router,9999.0,25.0,38.32,0.0,-100.0,1.0,156.62,0.62,35.91,9999.0,38.69,-100.0,5.88,-1.81,-1.9,1,wifi_ap_degrade,0.0
1789892818.495695,Router,9999.0,25.0,36.84,0.0,-100.0,1.0,156.62,0.69,41.18,9999.0,38.3,-100.0,0.0,-1.97,0.0,1,wifi_ap_degrade,0.0
1789892818.4983733,Router,9999.0,25.0,36.39,0.0,-100.0,1.0,156.62,0.61,46.46,9999.0,37.89,-100.0,0.0,-2.05,0.0,1,wifi_ap_degrade,0.0
1789892818.5011144,Router,9999.0,25.0,36.27,0.0,-100.0,1.0,156.62,0.4,42.73,9999.0,37.23,-100.0,0.0,-3.31,0.0,1,wifi_ap_degrade,0.0
1789892818.5039127,Router,9999.0,25.0,35.96,0.0,-100.0,1.0,156.62,0.63,37.62,9999.0,36.76,-100.0,0.0,-2.35,0.0,1,wifi_ap_degrade,0.0
1789892818.5065548,Router,9999.0,25.0,35.28,0.0,-100.0,1.0,156.62,0.67,38.05,9999.0,36.15,-100.0,0.0,-3.04,0.0,1,,0.0
1789892818.5092006,Router,9998.23,25.0,36.12,0.0,-99.7,3.0,156.62,0.68,38.73,9998.85,36.0,-99.94,-0.77,-0.72,0.3,1,none,1.83
1789892818.5118492,Router,9998.03,25.0,37.22,0.0,-99.9,1.0,156.62,0.74,35.43,9998.65,36.17,-99.92,-0.97,0.83,0.1,1,none,1.67
1789892818.5144732,Router,9997.29,12.5,36.66,0.0,-99.8,1.0,156.62,0.84,35.16,9998.31,36.25,-99.88,-1.71,0.39,0.2,1,none,1.5
1789892818.5173783,Router,9996.56,12.5,36.34,0.0,-99.4,3.2,156.62,0.89,36.72,9997.82,36.32,-99.76,-2.44,0.38,0.6,1,none,1.33
1789892818.5200157,Router,9996.49,12.5,37.64,0.0,-99.7,5.2,156.62,0.64,37.49,9997.32,36.8,-99.7,-2.51,2.36,0.3,1,none,1.17
1789892818.5226429,Router,9996.85,12.5,37.36,0.0,-99.6,8.4,156.62,0.78,40.85,9997.04,37.04,-99.68,-1.38,1.24,0.1,1,none,1.0
1789892818.5254462,Router,9996.32,12.5,36.65,0.0,-99.3,7.4,156.62,0.53,36.49,9996.7,36.93,-99.56,-1.71,-0.57,0.6,1,none,0.83
1789892818.528068,Router,9996.35,0.0,35.63,0.0,-99.3,10.6,156.62,0.41,34.72,9996.51,36.72,-99.46,-0.94,-1.03,0.5,1,none,0.67
1789892818.5307243,Router,9996.72,0.0,36.58,0.0,-99.4,10.9,156.62,0.59,40.14,9996.55,36.77,-99.46,0.16,0.24,0.0,1,none,0.5
1789892818.5336754,Router,9997.23,0.0,37.16,0.0,-99.7,8.5,156.62,0.37,39.14,9996.69,36.68,-99.46,0.74,-0.48,0.0,1,none,0.33
1789892818.5358882,Router,9997.53,0.0,36.75,0.0,-99.6,10.7,156.62,0.57,43.89,9996.83,36.55,-99.46,0.68,-0.61,0.0,1,none,0.2
1789892818.5381098,Router,9997.67,0.0,38.1,0.0,-99.7,8.5,156.62,0.6,48.62,9997.1,36.84,-99.54,1.35,1.45,-0.4,1,none,0.2
1789892818.5403936,Router,9997.08,0.0,39.06,0.0,-99.9,5.2,156.62,0.73,50.83,9997.25,37.53,-99.66,0.73,3.43,-0.6,0,none,10.0
1789892818.5428843,Router,9997.6,0.0,40.51,0.0,-99.8,2.3,156.62,0.51,48.97,9997.42,38.32,-99.74,0.88,3.93,-0.4,0,none,10.0
1789892818.5453851,Router,9998.13,0.0,39.25,0.0,-99.4,6.2,156.62,0.7,53.06,9997.6,38.73,-99.68,0.9,2.09,0.3,0,none,10.0
1789892818.548071,Router,9997.56,0.0,40.41,0.0,-99.8,6.4,156.62,0.77,50.71,9997.61,39.47,-99.72,0.03,3.66,-0.2,0,none,10.0
1789892818.550493,Router,9997.27,0.0,40.54,0.0,-99.8,7.2,156.62,0.75,51.81,9997.53,39.95,-99.74,-0.4,2.44,-0.1,0,none,10.0
1789892818.5528944,Router,9997.36,0.0,39.57,0.0,-99.9,5.4,156.62,0.73,56.4,9997.58,40.06,-99.74,0.28,0.51,0.0,0,none,10.0
1789892818.5551567,Router,9997.87,0.0,39.15,0.0,-99.9,8.4,156.62,0.62,61.33,9997.64,39.78,-99.76,0.27,-1.36,-0.1,0,none,10.0
1789892818.5578184,Router,9998.52,0.0,40.23,0.0,-100.0,9.3,156.62,0.53,63.25,9997.72,39.98,-99.88,0.39,0.98,-0.6,0,none,10.0
1789892818.5602014,Router,9998.64,0.0,40.48,0.0,-99.9,8.8,156.62,0.39,58.38,9997.93,39.99,-99.9,1.08,0.07,-0.1,0,none,10.0
1789892818.5626693,Router,9998.64,0.0,41.45,0.0,-100.0,7.1,156.62,0.29,64.27,9998.21,40.18,-99.94,1.37,0.91,-0.2,0,none,10.0
1789892818.565708,Router,9997.93,0.0,40.03,0.0,-100.0,7.0,156.62,0.44,70.16,9998.32,40.27,-99.96,0.57,0.46,-0.1,0,none,10.0
1789892818.5685093,Router,9997.84,0.0,40.76,0.0,-100.0,5.8,156.62,0.56,68.18,9998.31,40.59,-99.98,-0.03,1.61,-0.1,0,none,10.0
1789892818.57132,Router,9998.15,0.0,40.2,0.0,-100.0,6.2,156.62,0.54,69.38,9998.24,40.58,-99.98,-0.37,-0.03,0.0,0,none,10.0
1789892818.5740209,Router,9998.35,0.0,39.64,0.0,-99.8,7.2,156.62,0.59,73.21,9998.18,40.42,-99.96,-0.29,-0.84,0.1,0,none,10.0
1789892818.5767953,Router,9997.88,0.0,41.13,0.0,-100.0,4.6,156.62,0.45,75.58,9998.03,40.35,-99.96,-0.76,-0.32,0.0,0,none,10.0
1789892818.5793211,Router,9997.18,0.0,41.98,0.0,-99.7,1.8,156.62,0.4,75.31,9997.88,40.74,-99.9,-0.75,1.95,0.3,0,none,10.0
1789892818.5820189,Router,9997.77,0.0,43.32,0.0,-99.9,5.2,156.62,0.56,73.04,9997.87,41.25,-99.88,-0.07,2.56,0.1,0,none,10.0
1789892818.5848014,Router,9998.37,0.0,43.01,0.0,-99.5,5.0,156.62,0.63,68.75,9997.91,41.82,-99.78,0.22,2.81,0.5,0,none,10.0
1789892818.5876117,Router,9998.53,0.0,43.56,0.0,-99.2,4.9,156.62,0.51,71.45,9997.95,42.6,-99.66,0.18,3.92,0.6,0,none,10.0
1789892818.5900044,Router,9998.01,0.0,44.92,0.0,-99.4,6.8,156.62,0.44,68.68,9997.97,43.36,-99.54,0.13,3.79,0.6,0,none,10.0
1789892818.5926332,Router,9997.24,0.0,44.51,0.0,-99.6,10.7,156.62,0.46,64.23,9997.98,43.86,-99.52,0.06,2.53,0.1,0,none,10.0
1789892818.5953054,Router,9997.08,0.0,43.77,0.0,-99.7,8.6,156.62,0.34,65.74,9997.85,43.95,-99.48,-0.69,0.45,0.2,0,none,10.0
1789892818.5976825,Router,9997.46,0.0,42.68,0.0,-99.5,5.3,156.62,0.29,66.77,9997.66,43.89,-99.48,-0.91,-0.33,0.0,0,none,10.0
1789892818.6002731,Router,9996.99,0.0,41.57,0.0,-99.1,5.6,156.62,0.5,68.66,9997.36,43.49,-99.46,-1.54,-1.99,0.1,0,none,10.0
1789892818.6030056,Router,9996.53,0.0,40.8,0.0,-99.4,3.1,156.62,0.49,65.35,9997.06,42.67,-99.46,-1.48,-4.12,0.0,0,none,10.0
1789892818.606078,Router,9996.83,0.0,41.63,0.0,-99.3,2.4,156.62,0.61,62.76,9996.98,42.09,-99.4,-0.41,-2.88,0.3,0,none,10.0
1789892818.6087518,Router,9999.0,0.0,42.79,0.0,-99.4,1.0,156.62,0.42,64.13,9997.36,41.89,-99.34,1.92,-0.98,0.3,1,router_packet_loss,0.0
1789892818.611581,Router,9999.0,0.0,43.51,0.0,-99.7,2.8,156.62,0.64,65.51,9997.67,42.06,-99.38,1.54,0.83,-0.2,1,router_packet_loss,0.0
1789892818.6142092,Router,9999.0,12.5,42.59,0.0,-100.0,1.0,156.62,0.56,61.23,9998.07,42.26,-99.56,2.01,1.02,-0.9,1,router_packet_loss,0.0
1789892818.6171894,Router,9999.0,12.5,42.56,0.0,-100.0,1.0,156.62,0.69,66.84,9998.57,42.62,-99.68,2.47,1.76,-0.6,1,router_packet_loss,0.0
1789892818.6198313,Router,9999.0,25.0,41.54,0.0,-99.9,1.5,156.62,0.56,65.2,9999.0,42.6,-99.8,2.17,-0.09,-0.6,1,router_packet_loss,0.0
1789892818.622658,Router,9999.0,25.0,40.29,0.0,-99.6,4.5,156.62,0.73,71.06,9999.0,42.1,-99.84,0.0,-2.5,-0.2,1,router_packet_loss,0.0
1789892818.6251228,Router,9999.0,37.5,39.2,0.0,-99.2,8.4,156.62,0.83,69.76,9999.0,41.24,-99.74,0.0,-4.31,0.5,1,router_packet_loss,0.0
1789892818.6277947,Router,9999.0,37.5,40.28,0.0,-99.5,7.1,156.62,0.86,63.87,9999.0,40.77,-99.64,0.0,-2.31,0.5,1,router_packet_loss,0.0
1789892818.6306005,Router,9999.0,37.5,40.65,0.0,-99.5,10.1,156.62,0.85,60.75,9999.0,40.39,-99.54,0.0,-1.91,0.5,1,router_packet_loss,0.0
1789892818.633232,Router,9999.0,37.5,40.22,0.0,-99.4,10.9,156.62,0.76,57.83,9999.0,40.13,-99.44,0.0,-1.32,0.5,1,router_packet_loss,0.0
1789892818.6356425,Router,9999.0,25.0,40.82,0.0,-99.3,7.5,156.62,0.84,58.3,9999.0,40.23,-99.38,0.0,0.53,0.3,1,router_packet_loss,0.0
1789892818.638173,Router,9999.0,37.5,40.76,0.0,-99.1,7.5,156.62,0.7,53.12,9999.0,40.55,-99.36,0.0,1.56,0.1,1,router_packet_loss,0.0
1789892818.6408348,Router,9999.0,37.5,40.33,0.0,-99.2,9.8,156.62,0.5,48.22,9999.0,40.56,-99.3,0.0,0.05,0.3,1,router_packet_loss,0.0
1789892818.643563,Router,9999.0,37.5,39.06,0.0,-99.0,8.7,156.62,0.59,53.62,9999.0,40.24,-99.2,0.0,-1.59,0.5,1,router_packet_loss,0.0
1789892818.6463456,Router,9999.0,37.5,39.47,0.0,-98.8,9.8,156.62,0.44,54.84,9999.0,40.09,-99.08,0.0,-0.75,0.6,1,router_packet_loss,0.0
1789892818.6489363,Router,9999.0,50.0,39.71,0.0,-99.2,12.2,156.62,0.63,51.88,9999.0,39.87,-99.06,0.0,-1.11,0.1,1,,0.0
1789892818.6515853,Router,9998.51,50.0,40.37,0.0,-99.2,9.9,156.62,0.71,49.49,9998.9,39.79,-99.08,-0.49,-0.39,-0.1,1,none,0.33
1789892818.654117,Router,9998.92,50.0,38.93,0.0,-98.9,7.7,156.62,0.68,44.71,9998.89,39.51,-99.02,-0.08,-1.4,0.3,1,none,0.2
1789892818.6568663,Router,9999.0,50.0,38.87,0.0,-98.5,10.5,156.62,0.51,48.93,9998.89,39.47,-98.92,0.0,-0.19,0.5,1,none,0.2
1789892818.659292,Router,9998.66,37.5,38.11,0.0,-98.6,11.6,156.62,0.55,48.97,9998.82,39.2,-98.88,-0.34,-1.36,0.2,0,none,10.0
1789892818.6621225,Router,9999.0,25.0,37.72,0.0,-100.0,1.0,156.62,0.73,48.42,9998.82,38.8,-99.04,0.0,-1.99,-0.8,1,wifi_ap_degrade,0.0
1789892818.6649165,Router,9999.0,25.0,37.65,0.0,-100.0,1.0,156.62,0.68,45.14,9998.92,38.26,-99.2,0.49,-2.72,-0.8,1,wifi_ap_degrade,0.0
1789892818.667544,Router,9999.0,12.5,36.29,0.0,-100.0,1.0,156.62,0.65,39.43,9998.93,37.73,-99.42,0.08,-2.64,-1.1,1,wifi_ap_degrade,0.0
1789892818.6701615,Router,9999.0,0.0,37.05,0.0,-100.0,1.0,156.62,0.47,35.81,9998.93,37.36,-99.72,0.0,-1.82,-1.5,1,wifi_ap_degrade,0.0
1789892818.6728137,Router,9999.0,0.0,36.61,0.0,-100.0,1.0,156.62,0.45,40.48,9999.0,37.06,-100.0,0.34,-1.5,-1.4,1,wifi_ap_degrade,0.0
1789892818.6754699,Router,9999.0,0.0,36.28,0.0,-100.0,1.0,156.62,0.46,38.1,9999.0,36.78,-100.0,0.0,-1.44,0.0,1,wifi_ap_degrade,0.0
1789892818.6783478,Router,9999.0,0.0,36.73,0.0,-100.0,1.0,156.62,0.67,34.06,9999.0,36.59,-100.0,0.0,-0.92,0.0,1,wifi_ap_degrade,0.0
1789892818.6809893,Router,9999.0,0.0,36.68,0.0,-100.0,1.0,156.62,0.56,37.52,9999.0,36.67,-100.0,0.0,0.39,0.0,1,wifi_ap_degrade,0.0
1789892818.683802,Router,9999.0,0.0,37.07,0.0,-100.0,1.0,156.62,0.54,32.7,9999.0,36.67,-100.0,0.0,0.02,0.0,1,wifi_ap_degrade,0.0
1789892818.6864362,Router,9999.0,0.0,37.81,0.0,-100.0,1.0,156.62,0.68,28.92,9999.0,36.91,-100.0,0.0,1.2,0.0,1,wifi_ap_degrade,0.0
1789892818.689063,Router,9999.0,0.0,38.8,0.0,-100.0,1.0,156.62,0.6,28.45,9999.0,37.42,-100.0,0.0,2.52,0.0,1,wifi_ap_degrade,0.0
1789892818.691816,Router,9999.0,0.0,39.44,0.0,-100.0,1.0,156.62,0.62,31.26,9999.0,37.96,-100.0,0.0,2.71,0.0,1,wifi_ap_degrade,0.0
1789892818.6948154,Router,9999.0,0.0,37.94,0.0,-100.0,1.0,156.62,0.51,32.48,9999.0,38.21,-100.0,0.0,1.26,0.0,1,,0.0
1789892818.6974566,Router,9999.0,0.0,39.39,0.0,-100.0,1.0,156.62,0.54,28.46,9999.0,38.68,-100.0,0.0,2.32,0.0,1,none,1.33
1789892818.7000785,Router,9999.0,0.0,39.77,0.0,-99.7,2.4,156.62,0.45,31.26,9999.0,39.07,-99.94,0.0,1.96,0.3,1,none,1.17
1789892818.7028406,Router,9998.85,0.0,40.85,0.0,-99.9,1.0,156.62,0.51,36.66,9998.97,39.48,-99.92,-0.15,2.05,0.1,1,none,1.0
1789892818.705466,Router,9998.76,0.0,42.12,0.0,-100.0,1.6,156.62,0.46,35.33,9998.92,40.01,-99.92,-0.24,2.68,0.0,1,none,0.83
1789892818.7080853,Router,9998.39,0.0,40.9,0.0,-99.7,5.0,156.62,0.38,36.87,9998.8,40.61,-99.86,-0.61,2.96,0.3,1,none,0.67
1789892818.7110624,Router,9998.5,0.0,42.19,0.0,-99.6,5.9,156.62,0.43,42.37,9998.7,41.17,-99.78,-0.5,2.8,0.4,1,none,0.5
1789892818.713702,Router,9998.16,0.0,43.22,0.0,-99.4,9.3,156.62,0.53,43.31,9998.53,41.86,-99.72,-0.84,3.45,0.3,1,none,0.33
1789892818.7163365,Router,9998.38,0.0,43.32,0.0,-99.7,9.0,156.62,0.46,47.85,9998.44,42.35,-99.68,-0.47,2.47,0.2,1,none,0.2
1789892818.7189622,Router,9998.03,0.0,44.32,0.0,-99.9,9.1,156.62,0.4,43.27,9998.29,42.79,-99.66,-0.73,2.2,0.1,1,none,0.2
1789892818.7216072,Router,9997.45,0.0,43.3,0.0,-100.0,11.8,156.62,0.27,44.67,9998.1,43.27,-99.72,-0.94,2.4,-0.3,0,none,10.0
1789892818.7242212,Router,9997.75,0.0,43.27,0.0,-99.6,11.7,156.62,0.23,42.67,9997.95,43.49,-99.72,-0.75,1.08,0.0,0,none,10.0
1789892818.7272499,Router,9997.41,0.0,43.56,0.0,-99.4,12.8,156.62,0.27,37.8,9997.8,43.55,-99.72,-0.75,0.34,0.0,0,none,10.0
1789892818.7296574,Router,9997.88,0.0,42.37,0.0,-99.6,10.0,156.62,0.45,39.38,9997.7,43.36,-99.7,-0.5,-0.95,0.1,0,none,10.0
1789892818.7322462,Router,9998.48,0.0,42.33,0.0,-99.6,6.2,156.62,0.53,36.41,9997.79,42.97,-99.64,0.45,-1.99,0.3,0,none,10.0
1789892818.7348619,Router,9998.49,0.0,43.22,0.0,-99.2,5.3,156.62,0.56,35.74,9998.0,42.95,-99.48,1.04,-0.08,0.8,0,none,10.0
1789892818.7378953,Router,9997.96,0.0,43.99,0.0,-99.2,1.4,156.62,0.72,34.87,9998.04,43.09,-99.4,0.21,0.72,0.4,0,none,10.0
1789892818.7405457,Router,9998.53,0.0,44.57,0.0,-98.9,1.0,156.62,0.6,39.76,9998.27,43.3,-99.3,1.12,1.01,0.5,0,none,10.0
1789892818.743951,Router,9998.06,0.0,45.47,0.0,-99.0,4.2,156.62,0.49,40.78,9998.3,43.92,-99.18,0.18,3.1,0.6,0,none,10.0
1789892818.7463694,Router,9997.48,0.0,44.77,0.0,-99.3,1.2,156.62,0.59,43.4,9998.1,44.4,-99.12,-1.0,2.44,0.3,0,none,10.0
1789892818.7489498,Router,9997.16,0.0,46.14,0.0,-99.4,1.0,156.62,0.7,42.53,9997.84,44.99,-99.16,-1.33,2.92,-0.2,0,none,10.0
1789892818.7517748,Router,9997.12,0.0,45.18,0.0,-99.7,1.9,156.62,0.45,42.65,9997.67,45.23,-99.26,-0.84,1.19,-0.5,0,none,10.0
1789892818.754397,Router,9997.9,0.0,44.06,0.0,-99.8,1.0,156.62,0.47,43.49,9997.54,45.12,-99.44,-0.63,-0.51,-0.9,0,none,10.0
1789892818.7567744,Router,9997.8,0.0,43.08,0.0,-99.6,1.0,156.62,0.54,48.36,9997.49,44.65,-99.56,-0.26,-2.39,-0.6,0,none,10.0
1789892818.760277,Router,9998.21,0.0,43.67,0.0,-99.5,1.0,156.62,0.35,48.26,9997.64,44.43,-99.6,0.73,-1.1,-0.2,0,none,10.0
1789892818.7626863,Router,9998.3,0.0,43.02,0.0,-99.4,1.0,156.62,0.33,43.04,9997.87,43.8,-99.6,1.14,-3.12,0.0,0,none,10.0
1789892818.7653039,Router,9997.61,0.0,42.99,0.0,-99.5,1.0,156.62,0.31,41.8,9997.96,43.36,-99.56,0.49,-2.19,0.2,0,none,10.0
1789892818.7680395,Router,9998.32,0.0,41.52,0.0,-99.8,1.0,156.62,0.54,36.7,9998.05,42.86,-99.56,0.42,-2.54,0.0,0,none,10.0
1789892818.7706597,Router,9997.67,0.0,42.94,0.0,-100.0,1.0,156.62,0.7,38.47,9998.02,42.83,-99.64,-0.13,-0.14,-0.4,0,none,10.0
1789892818.7735674,Router,9998.08,0.0,42.41,0.0,-99.7,3.1,156.62,0.53,34.97,9998.0,42.58,-99.68,-0.13,-1.26,-0.2,0,none,10.0
1789892818.7763708,Router,9997.29,0.0,41.68,0.0,-99.9,1.0,156.62,0.53,30.17,9997.79,42.31,-99.78,-1.01,-1.34,-0.5,0,none,10.0
1789892818.7788224,Router,9997.39,0.0,42.22,0.0,-100.0,3.7,156.62,0.37,29.16,9997.75,42.15,-99.88,-0.22,-0.77,-0.5,0,none,10.0
1789892818.7815483,Router,9996.79,0.0,43.58,0.0,-100.0,6.2,156.62,0.29,23.35,9997.44,42.57,-99.92,-1.53,2.06,-0.2,0,none,10.0
1789892818.7841966,Router,9997.58,0.0,44.03,0.0,-100.0,6.9,156.62,0.39,25.68,9997.43,42.78,-99.92,-0.09,1.09,0.0,0,none,10.0
1789892818.7866683,Router,9999.0,0.0,45.36,0.0,-100.0,1.0,156.62,0.3,20.22,9997.61,43.37,-99.98,0.92,2.95,-0.3,1,wifi_ap_degrade,0.0
1789892818.7893772,Router,9999.0,0.0,44.44,0.0,-100.0,1.0,156.62,0.57,16.96,9997.95,43.93,-100.0,1.71,2.76,-0.1,1,wifi_ap_degrade,0.0
1789892818.791868,Router,9999.0,12.5,44.66,0.0,-100.0,1.0,156.62,0.71,14.97,9998.27,44.41,-100.0,1.61,2.44,0.0,1,wifi_ap_degrade,0.0
1789892818.7945356,Router,9999.0,12.5,43.65,0.0,-100.0,1.0,156.62,0.69,12.34,9998.72,44.43,-100.0,2.21,0.07,0.0,1,wifi_ap_degrade,0.0
1789892818.796937,Router,9999.0,12.5,43.67,0.0,-100.0,1.0,156.62,0.42,13.77,9999.0,44.36,-100.0,1.42,-0.36,0.0,1,wifi_ap_degrade,0.0
1789892818.7995737,Router,9999.0,12.5,44.32,0.0,-100.0,1.0,156.62,0.3,9.36,9999.0,44.15,-100.0,0.0,-1.04,0.0,1,wifi_ap_degrade,0.0
1789892818.802199,Router,9999.0,12.5,45.04,0.0,-100.0,1.0,156.62,0.56,9.51,9999.0,44.27,-100.0,0.0,0.6,0.0,1,wifi_ap_degrade,0.0
1789892818.804731,Router,9999.0,12.5,45.3,0.0,-100.0,1.0,156.62,0.59,9.63,9999.0,44.4,-100.0,0.0,0.64,0.0,1,wifi_ap_degrade,0.0
1789892818.8071303,Router,9999.0,12.5,46.49,0.0,-100.0,1.0,156.62,0.44,5.71,9999.0,44.96,-100.0,0.0,2.84,0.0,1,wifi_ap_degrade,0.0
1789892818.809404,Router,9999.0,25.0,46.35,0.0,-100.0,1.0,156.62,0.65,4.23,9999.0,45.5,-100.0,0.0,2.68,0.0,1,wifi_ap_degrade,0.0
1789892818.8116786,Router,9999.0,12.5,46.21,0.0,-100.0,1.0,156.62,0.7,0.0,9999.0,45.88,-100.0,0.0,1.89,0.0,1,wifi_ap_degrade,0.0
1789892818.8139446,Router,9999.0,12.5,45.92,0.0,-100.0,1.0,156.62,0.71,4.77,9999.0,46.05,-100.0,0.0,0.88,0.0,1,wifi_ap_degrade,0.0
1789892818.8162358,Router,9999.0,12.5,46.59,0.0,-100.0,1.0,156.62,0.79,0.0,9999.0,46.31,-100.0,0.0,1.29,0.0,1,wifi_ap_degrade,0.0
1789892818.8185513,Router,9999.0,12.5,46.75,0.0,-100.0,1.0,156.62,0.8,3.24,9999.0,46.36,-100.0,0.0,0.26,0.0,1,wifi_ap_degrade,0.0
1789892818.8208714,Router,9999.0,12.5,47.62,0.0,-100.0,1.0,156.62,0.54,1.58,9999.0,46.62,-100.0,0.0,1.27,0.0,1,wifi_ap_degrade,0.0
1789892818.8236897,Router,9999.0,12.5,48.28,0.0,-100.0,1.0,156.62,0.5,7.51,9999.0,47.03,-100.0,0.0,2.07,0.0,1,,0.0
1789892818.8262935,Router,9998.44,12.5,48.03,0.0,-100.0,1.0,156.62,0.32,5.2,9998.89,47.45,-100.0,-0.56,2.11,0.0,1,none,0.33
1789892818.8288374,Router,9998.83,0.0,49.28,0.0,-100.0,1.0,156.62,0.24,2.8,9998.85,47.99,-100.0,-0.17,2.69,0.0,1,none,0.2
1789892818.8312414,Router,9999.0,0.0,50.48,0.0,-100.0,1.8,156.62,0.25,5.02,9998.85,48.74,-100.0,0.0,3.73,0.0,1,none,0.2
1789892818.8339334,Router,9999.0,0.0,51.1,0.0,-100.0,1.0,156.62,0.52,1.62,9998.85,49.43,-100.0,0.0,3.48,0.0,0,none,10.0
1789892818.8365362,Router,9998.89,0.0,51.38,0.0,-100.0,4.3,156.62,0.61,0.0,9998.83,50.05,-100.0,-0.11,3.1,0.0,0,none,10.0
1789892818.8391201,Router,9998.24,0.0,50.35,0.0,-100.0,1.7,156.62,0.54,2.38,9998.79,50.52,-100.0,-0.2,2.32,0.0,0,none,10.0
1789892818.8415406,Router,9998.35,0.0,51.04,0.0,-99.6,1.0,156.62,0.67,4.77,9998.7,50.87,-99.92,-0.48,1.76,0.4,0,none,10.0
1789892818.8444412,Router,9997.86,0.0,51.19,0.0,-99.7,4.9,156.62,0.7,6.99,9998.47,51.01,-99.86,-1.14,0.71,0.3,0,none,10.0
1789892818.8471022,Router,9997.47,0.0,50.72,0.0,-99.7,7.5,156.62,0.6,4.47,9998.16,50.94,-99.8,-1.53,-0.38,0.3,0,none,10.0
1789892818.849745,Router,9996.89,0.0,50.39,0.0,-100.0,9.5,156.62,0.62,0.45,9997.76,50.74,-99.8,-2.0,-0.99,0.0,0,none,10.0
1789892818.8524852,Router,9996.95,0.0,48.89,0.0,-99.7,12.7,156.62,0.66,5.69,9997.5,50.45,-99.74,-1.29,-1.46,0.3,0,none,10.0
1789892818.856026,Router,9996.28,0.0,48.03,0.0,-99.4,10.1,156.62,0.51,0.0,9997.09,49.84,-99.7,-2.07,-3.01,0.2,0,none,10.0
1789892818.8583722,Router,9996.13,0.0,49.18,0.0,-99.8,11.8,156.62,0.34,0.0,9996.74,49.44,-99.72,-1.73,-2.01,-0.1,0,none,10.0
1789892818.8609717,Router,9996.15,0.0,49.26,0.0,-99.8,11.1,156.62,0.51,0.0,9996.48,49.15,-99.74,-1.32,-1.46,-0.1,0,none,10.0
1789892818.8638039,Router,9996.36,0.0,50.35,0.0,-100.0,10.7,156.62,0.51,0.01,9996.37,49.14,-99.74,-0.53,-0.04,0.0,0,none,10.0
1789892818.8664188,Router,9995.74,0.0,49.88,0.0,-100.0,10.4,156.62,0.68,3.94,9996.13,49.34,-99.8,-1.21,0.99,-0.3,0,none,10.0
1789892818.8689427,Router,9995.78,0.0,51.26,0.0,-99.7,12.3,156.62,0.53,6.62,9996.03,49.99,-99.86,-0.5,3.23,-0.3,0,none,10.0
1789892818.8714745,Router,9995.8,0.0,50.95,0.0,-99.4,13.4,156.62,0.61,8.31,9995.97,50.34,-99.78,-0.33,1.77,0.4,0,none,10.0
1789892818.8737223,Router,9995.63,0.0,52.43,0.0,-99.8,12.1,156.62,0.52,12.38,9995.86,50.97,-99.78,-0.52,3.17,0.0,0,none,10.0
1789892818.876361,Router,9996.1,0.0,52.6,0.0,-99.9,15.3,156.62,0.48,17.37,9995.81,51.42,-99.76,-0.26,2.25,0.1,0,none,10.0
1789892818.8789928,Router,9995.98,0.0,53.17,0.0,-99.8,12.8,156.62,0.62,18.46,9995.86,52.08,-99.72,0.24,3.29,0.2,0,none,10.0
1789892818.881387,Router,9996.12,0.0,52.69,0.0,-100.0,15.7,156.62,0.76,13.8,9995.93,52.37,-99.78,0.34,1.43,-0.3,0,none,10.0
1789892818.8839936,Router,9995.86,0.0,54.06,0.0,-99.9,12.0,156.62,0.79,11.82,9995.94,52.99,-99.88,0.06,3.11,-0.5,0,none,10.0
1789892818.886982,Router,9999.0,0.0,52.69,0.0,-100.0,9.6,156.62,0.48,15.38,9996.61,53.04,-99.92,3.37,0.26,-0.2,1,router_latency_spike,0.0
1789892818.8895006,Router,9999.0,0.0,53.67,0.0,-99.7,6.6,156.62,0.5,18.3,9997.19,53.26,-99.88,2.9,1.07,0.2,1,router_latency_spike,0.0
1789892818.8917532,Router,9999.0,12.5,52.4,0.0,-99.8,4.0,156.62,0.49,22.58,9997.8,53.1,-99.88,3.02,-0.77,0.0,1,router_latency_spike,0.0
1789892818.893974,Router,9999.0,12.5,51.74,0.0,-100.0,2.0,156.62,0.35,17.67,9998.37,52.91,-99.88,2.88,-0.95,0.0,1,router_latency_spike,0.0
1789892818.8965876,Router,9999.0,12.5,51.78,0.0,-99.7,5.2,156.62,0.49,12.58,9999.0,52.46,-99.84,3.14,-2.28,0.2,1,router_latency_spike,0.0
1789892818.8992755,Router,9999.0,25.0,51.55,0.0,-99.9,7.8,156.62,0.54,10.48,9999.0,52.23,-99.82,0.0,-1.14,0.1,1,router_latency_spike,0.0
1789892818.9016016,Router,9999.0,25.0,50.54,0.0,-100.0,10.8,156.62,0.5,6.25,9999.0,51.6,-99.88,0.0,-3.13,-0.3,1,router_latency_spike,0.0
1789892818.9042065,Router,9999.0,25.0,50.24,0.0,-100.0,14.6,156.62,0.48,10.27,9999.0,51.17,-99.92,0.0,-2.16,-0.2,1,router_latency_spike,0.0
1789892818.9068606,Router,9999.0,25.0,50.15,0.0,-100.0,15.7,156.62,0.32,9.81,9999.0,50.85,-99.92,0.0,-1.59,0.0,1,router_latency_spike,0.0
1789892818.9093668,Router,9999.0,25.0,51.3,0.0,-100.0,15.2,156.62,0.23,14.39,9999.0,50.76,-99.98,0.0,-0.48,-0.3,1,,0.0
1789892818.9119287,Router,9998.22,12.5,50.17,0.0,-100.0,17.5,156.62,0.42,11.69,9998.84,50.48,-100.0,-0.78,-1.38,-0.1,1,none,1.33
1789892818.9140992,Router,9997.85,12.5,49.62,0.0,-99.9,17.3,156.62,0.34,13.47,9998.61,50.3,-99.98,-1.15,-0.92,0.1,1,none,1.17
1789892818.9162319,Router,9997.13,12.5,48.99,0.0,-100.0,17.5,156.62,0.22,16.41,9998.24,50.05,-99.98,-1.87,-1.25,0.0,1,none,1.0
1789892818.9189265,Router,9996.71,0.0,50.24,0.0,-99.9,15.8,156.62,0.42,11.85,9997.78,50.06,-99.96,-2.29,0.09,0.1,1,none,0.83
1789892818.9215803,Router,9996.95,0.0,49.72,0.0,-99.6,16.8,156.62,0.63,6.02,9997.37,49.75,-99.88,-2.05,-1.58,0.4,1,none,0.67
1789892818.9242525,Router,9996.8,0.0,49.82,0.0,-100.0,17.9,156.62,0.71,11.71,9997.09,49.68,-99.88,-1.42,-0.35,0.0,1,none,0.5
1789892818.926544,Router,9997.32,0.0,51.13,0.0,-99.9,19.7,156.62,0.69,16.88,9996.98,49.98,-99.88,-0.53,1.51,0.0,1,none,0.33
1789892818.9291022,Router,9998.09,0.0,50.48,0.0,-100.0,20.8,156.62,0.43,15.53,9997.17,50.28,-99.88,0.96,1.49,0.0,1,none,0.2
1789892818.9315808,Router,9998.31,0.0,49.42,0.0,-100.0,24.0,156.62,0.41,15.77,9997.49,50.11,-99.9,1.6,-0.82,-0.1,1,none,0.2
1789892818.9342332,Router,9998.26,0.0,49.99,0.0,-99.8,24.7,156.62,0.57,18.29,9997.76,50.17,-99.94,1.31,0.27,-0.2,0,none,10.0
1789892818.9368834,Router,9998.03,0.0,48.89,0.0,-100.0,26.5,156.62,0.59,16.03,9998.0,49.98,-99.94,1.23,-0.93,0.0,0,none,10.0
1789892818.9395695,Router,9998.69,0.0,49.82,0.0,-99.7,24.2,156.62,0.74,13.21,9998.28,49.72,-99.9,1.37,-1.31,0.2,0,none,10.0
1789892818.942226,Router,9998.39,0.0,50.11,0.0,-99.8,26.5,156.62,0.73,8.47,9998.34,49.65,-99.86,0.3,-0.37,0.2,0,none,10.0
1789892818.9447935,Router,9998.84,0.0,50.46,0.0,-99.9,28.9,156.62,0.67,9.25,9998.44,49.85,-99.84,0.53,1.04,0.1,0,none,10.0
1789892818.947402,Router,9998.31,0.0,50.6,0.0,-99.9,30.2,156.62,0.53,6.25,9998.45,49.98,-99.86,0.05,0.61,-0.1,0,none,10.0
1789892818.9499285,Router,9998.11,0.0,49.53,0.0,-100.0,27.3,156.62,0.45,9.67,9998.47,50.1,-99.86,0.08,0.64,0.0,0,none,10.0
1789892818.9526138,Router,9997.84,0.0,50.36,0.0,-100.0,26.3,156.62,0.39,6.15,9998.3,50.21,-99.92,-0.85,0.54,-0.3,0,none,10.0
1789892818.955264,Router,9997.24,0.0,49.77,0.0,-100.0,24.9,156.62,0.32,8.72,9998.07,50.14,-99.96,-1.15,-0.34,-0.2,0,none,10.0
1789892818.957974,Router,9996.73,0.0,49.36,0.0,-100.0,24.6,156.62,0.23,5.31,9997.65,49.92,-99.98,-2.11,-1.1,-0.1,0,none,10.0
1789892818.9607081,Router,9996.94,0.0,49.52,0.0,-99.6,24.6,156.62,0.35,5.25,9997.37,49.71,-99.92,-1.37,-1.08,0.3,0,none,10.0
1789892818.9631007,Router,9996.9,0.0,48.61,0.0,-100.0,22.8,156.62,0.52,10.63,9997.13,49.52,-99.92,-1.21,-0.92,0.0,0,none,10.0
1789892818.9654973,Router,9996.81,0.0,47.29,0.0,-99.8,26.1,156.62,0.38,7.85,9996.92,48.91,-99.88,-1.03,-3.07,0.2,0,none,10.0
1789892818.967748,Router,9996.75,0.0,45.94,0.0,-99.9,27.1,156.62,0.38,8.41,9996.83,48.14,-99.86,-0.49,-3.83,0.1,0,none,10.0
1789892818.97002,Router,9997.21,0.0,45.83,0.0,-99.8,24.1,156.62,0.48,3.56,9996.92,47.44,-99.82,0.48,-3.53,0.2,0,none,10.0
1789892818.972586,Router,9997.64,0.0,46.12,0.0,-99.7,22.5,156.62,0.63,3.27,9997.06,46.76,-99.84,0.7,-3.4,-0.1,0,none,10.0
1789892818.9751017,Router,9997.41,0.0,45.3,0.0,-100.0,20.7,156.62,0.67,5.49,9997.16,46.1,-99.84,0.51,-3.31,0.0,0,none,10.0
1789892818.9779675,Router,9997.38,0.0,43.86,0.0,-99.8,19.9,156.62,0.75,1.44,9997.28,45.41,-99.84,0.57,-3.43,0.0,0,none,10.0
1789892818.9804018,Router,9997.0,0.0,44.81,0.0,-99.4,20.6,156.62,0.75,7.04,9997.33,45.18,-99.74,0.25,-1.13,0.5,0,none,10.0
1789892818.98303,Router,9997.21,0.0,44.45,0.0,-99.3,17.2,156.62,0.82,5.66,9997.33,44.91,-99.64,0.0,-1.38,0.5,0,none,10.0
1789892818.9854136,Router,9996.71,0.0,43.01,0.0,-99.5,18.2,156.62,0.87,8.41,9997.14,44.29,-99.6,-0.93,-3.11,0.2,0,none,10.0
1789892818.9879196,Router,9996.68,0.0,42.34,0.0,-99.8,21.4,156.62,0.67,10.1,9997.0,43.69,-99.56,-0.73,-2.96,0.2,0,none,10.0
1789892818.990519,Router,9997.0,0.0,41.65,0.0,-99.4,19.0,156.62,0.62,4.97,9996.92,43.25,-99.48,-0.38,-2.21,0.4,0,none,10.0
1789892818.993198,Router,9997.05,0.0,42.95,0.0,-99.6,15.2,156.62,0.43,0.0,9996.93,42.88,-99.52,0.05,-1.86,-0.2,0,none,10.0
1789892818.9959722,Router,9997.04,0.0,43.3,0.0,-99.5,17.6,156.62,0.52,5.5,9996.9,42.65,-99.56,-0.17,-1.15,-0.2,0,none,10.0
1789892818.9987144,Router,9996.36,0.0,43.08,0.0,-99.7,15.2,156.62,0.7,9.41,9996.83,42.66,-99.6,-0.35,0.07,-0.2,0,none,10.0
1789892819.0016737,Router,9995.9,0.0,44.32,0.0,-99.7,11.6,156.62,0.76,12.82,9996.67,43.06,-99.58,-0.78,1.98,0.1,0,none,10.0
1789892819.0043485,Router,9996.39,0.0,44.83,0.0,-100.0,14.2,156.62,0.73,11.98,9996.55,43.7,-99.7,-0.61,3.18,-0.6,0,none,10.0
1789892819.0075228,Router,9996.71,0.0,45.33,0.0,-100.0,16.0,156.62,0.59,8.68,9996.48,44.17,-99.78,-0.34,2.38,-0.4,0,none,10.0
1789892819.0101445,Router,9996.26,0.0,45.23,0.0,-99.9,19.2,156.62,0.56,8.55,9996.32,44.56,-99.86,-0.78,1.93,-0.4,0,none,10.0
1789892819.0126808,Router,9995.73,0.0,46.4,0.0,-100.0,22.2,156.62,0.53,6.93,9996.2,45.22,-99.92,-0.63,3.32,-0.3,0,none,10.0
1789892819.0152936,Router,9996.09,0.0,45.33,0.0,-100.0,18.9,156.62,0.7,11.0,9996.24,45.42,-99.98,0.19,1.01,-0.3,0,none,10.0
1789892819.0179539,Router,9999.0,0.0,45.51,0.0,-99.8,17.5,156.62,0.57,7.81,9996.76,45.56,-99.94,2.61,0.68,0.2,1,router_latency_spike,0.0
1789892819.020711,Router,9999.0,0.0,44.09,0.0,-100.0,20.1,156.62,0.38,5.15,9997.22,45.31,-99.94,2.29,-1.24,0.0,1,router_latency_spike,0.0
1789892819.0236812,Router,9999.0,0.0,43.65,0.0,-99.7,18.9,156.62,0.32,4.9,9997.76,45.0,-99.9,2.74,-1.58,0.2,1,router_latency_spike,0.0
1789892819.0263174,Router,9999.0,0.0,42.78,0.0,-99.9,15.9,156.62,0.58,0.0,9998.42,44.27,-99.88,3.27,-3.62,0.1,1,router_latency_spike,0.0
1789892819.0287457,Router,9999.0,0.0,43.28,0.0,-99.6,16.0,156.62,0.37,1.68,9999.0,43.86,-99.8,2.91,-2.05,0.4,1,router_latency_spike,0.0
1789892819.031408,Router,9999.0,0.0,42.53,0.0,-99.4,18.5,156.62,0.54,4.44,9999.0,43.27,-99.72,0.0,-2.98,0.4,1,router_latency_spike,0.0
1789892819.0340176,Router,9999.0,0.0,43.14,0.0,-99.8,15.3,156.62,0.62,7.6,9999.0,43.08,-99.68,0.0,-0.95,0.2,1,router_latency_spike,0.0
1789892819.0367334,Router,9999.0,0.0,43.41,0.0,-100.0,18.7,156.62,0.76,4.6,9999.0,43.03,-99.74,0.0,-0.24,-0.3,1,router_latency_spike,0.0
1789892819.039074,Router,9999.0,0.0,41.99,0.0,-100.0,18.1,156.62,0.6,0.3,9999.0,42.87,-99.76,0.0,-0.79,-0.1,1,router_latency_spike,0.0
1789892819.04126,Router,9999.0,0.0,40.95,0.0,-99.7,20.6,156.62,0.73,2.6,9999.0,42.4,-99.78,0.0,-2.33,-0.1,1,,0.0
1789892819.0438638,Router,9999.0,0.0,42.29,0.0,-100.0,20.7,156.62,0.55,8.25,9999.0,42.36,-99.9,0.0,-0.24,-0.6,1,none,0.2
1789892819.0464072,Router,9998.35,0.0,41.19,0.0,-99.8,19.5,156.62,0.7,5.55,9998.87,41.97,-99.9,-0.65,-1.95,0.0,1,none,0.2
1789892819.0489774,Router,9999.0,0.0,40.53,0.0,-99.4,18.4,156.62,0.43,7.87,9998.87,41.39,-99.78,0.0,-2.88,0.6,0,none,10.0
1789892819.051548,Router,9998.43,0.0,40.48,0.0,-99.2,18.7,156.62,0.41,9.97,9998.76,41.09,-99.62,-0.57,-1.51,0.8,0,none,10.0
1789892819.0540087,Router,9999.0,0.0,40.7,0.0,-99.3,15.6,156.62,0.45,6.17,9998.76,41.04,-99.54,0.0,-0.25,0.4,0,none,10.0
1789892819.0567367,Router,9998.48,0.0,39.95,0.0,-99.5,13.9,156.62,0.33,11.77,9998.65,40.57,-99.44,-0.52,-2.34,0.5,0,none,10.0
1789892819.0593855,Router,9998.0,0.0,41.16,0.0,-99.2,17.7,156.62,0.31,6.37,9998.58,40.56,-99.32,-0.35,-0.03,0.6,0,none,10.0
1789892819.0620363,Router,9998.07,0.0,39.72,0.0,-99.3,18.3,156.62,0.47,10.46,9998.4,40.4,-99.3,-0.93,-0.81,0.1,0,none,10.0
1789892819.0644681,Router,9997.63,0.0,38.8,0.0,-98.9,19.1,156.62,0.41,5.15,9998.24,40.07,-99.24,-0.8,-1.68,0.3,0,none,10.0
1789892819.0668905,Router,9998.23,0.0,38.65,0.0,-98.6,21.3,156.62,0.63,1.0,9998.08,39.66,-99.1,-0.77,-2.05,0.7,0,none,10.0
1789892819.0693717,Router,9998.28,0.0,39.4,0.0,-98.4,21.6,156.62,0.39,0.0,9998.04,39.55,-98.88,-0.2,-0.55,1.1,0,none,10.0
1789892819.0720127,Router,9998.13,0.0,40.88,0.0,-98.3,18.0,156.62,0.5,0.0,9998.07,39.49,-98.7,0.13,-0.28,0.9,0,none,10.0
1789892819.0741954,Router,9997.76,0.0,41.18,0.0,-98.0,18.3,156.62,0.35,0.0,9998.01,39.78,-98.44,-0.31,1.46,1.3,0,none,10.0
1789892819.076517,Router,9996.99,0.0,40.17,0.0,-97.8,21.4,156.62,0.45,4.71,9997.88,40.06,-98.22,-0.64,1.37,1.1,0,none,10.0
1789892819.0791407,Router,9996.68,0.0,40.96,0.0,-97.9,21.6,156.62,0.42,5.3,9997.57,40.52,-98.08,-1.55,2.31,0.7,0,none,10.0
1789892819.081371,Router,9997.42,0.0,40.54,0.0,-97.8,23.8,156.62,0.37,11.26,9997.4,40.75,-97.96,-0.86,1.14,0.6,0,none,10.0
1789892819.0837173,Router,9997.22,0.0,41.53,0.0,-97.7,27.7,156.62,0.29,16.29,9997.21,40.88,-97.84,-0.91,0.65,0.6,0,none,10.0
1789892819.0860002,Router,9997.67,0.0,40.21,0.0,-97.5,23.8,156.62,0.25,14.79,9997.2,40.68,-97.74,-0.09,-0.97,0.5,0,none,10.0
1789892819.0885203,Router,9998.08,0.0,41.14,0.0,-97.4,24.0,156.62,0.31,13.04,9997.41,40.88,-97.66,1.09,0.97,0.4,0,none,10.0
1789892819.0912259,Router,9998.07,0.0,41.01,0.0,-97.6,24.3,156.62,0.36,9.68,9997.69,40.89,-97.6,1.39,0.05,0.3,0,none,10.0
1789892819.0934267,Router,9998.41,0.0,42.21,0.0,-97.4,27.7,156.62,0.43,7.93,9997.89,41.22,-97.52,0.99,1.67,0.4,0,none,10.0
1789892819.0961084,Router,9998.56,0.0,41.47,0.0,-97.1,25.1,156.62,0.56,10.53,9998.16,41.21,-97.4,1.34,-0.06,0.6,0,none,10.0
1789892819.0983205,Router,9998.65,0.0,40.1,0.0,-97.3,27.1,156.62,0.73,4.56,9998.35,41.19,-97.36,0.98,-0.11,0.2,0,none,10.0
1789892819.100722,Router,9999.0,0.0,40.19,0.0,-97.4,28.9,156.62,0.82,0.0,9998.54,41.0,-97.36,0.92,-0.95,0.0,1,router_packet_loss,0.0
1789892819.103138,Router,9999.0,12.5,41.09,0.0,-97.1,29.0,156.62,0.56,3.8,9998.72,41.01,-97.26,0.93,0.08,0.5,1,router_packet_loss,0.0
1789892819.1058908,Router,9999.0,25.0,41.53,0.0,-97.4,32.1,156.62,0.51,1.54,9998.84,40.88,-97.26,0.59,-0.68,0.0,1,router_packet_loss,0.0
1789892819.1086323,Router,9999.0,37.5,41.28,0.0,-97.2,34.5,156.62,0.39,0.0,9998.93,40.84,-97.28,0.44,-0.19,-0.1,1,router_packet_loss,0.0
1789892819.1113868,Router,9999.0,50.0,42.19,0.0,-97.5,34.0,156.62,0.6,0.0,9999.0,41.26,-97.32,0.35,2.09,-0.2,1,router_packet_loss,0.0
1789892819.1141303,Router,9999.0,50.0,42.88,0.0,-97.6,33.7,156.62,0.59,0.0,9999.0,41.79,-97.36,0.0,2.69,-0.2,1,router_packet_loss,0.0
1789892819.116925,Router,9999.0,62.5,42.43,0.0,-97.7,30.8,156.62,0.68,0.0,9999.0,42.06,-97.48,0.0,1.34,-0.6,1,router_packet_loss,0.0
1789892819.1195698,Router,9999.0,75.0,43.03,0.0,-98.0,28.4,156.62,0.45,0.0,9999.0,42.36,-97.6,0.0,1.5,-0.6,1,router_packet_loss,0.0
1789892819.1218235,Router,9999.0,87.5,43.72,0.0,-97.8,29.1,156.62,0.56,0.0,9999.0,42.85,-97.72,0.0,2.44,-0.6,1,router_packet_loss,0.0
1789892819.1245203,Router,9999.0,87.5,42.82,0.0,-98.0,28.4,156.62,0.72,1.05,9999.0,42.98,-97.82,0.0,0.63,-0.5,1,router_packet_loss,0.0
1789892819.1271641,Router,9999.0,87.5,42.26,0.0,-97.6,27.6,156.62,0.54,4.91,9999.0,42.85,-97.82,0.0,-0.62,0.0,1,router_packet_loss,0.0
1789892819.1294277,Router,9999.0,87.5,42.15,0.0,-97.6,24.9,156.62,0.65,1.02,9999.0,42.8,-97.8,0.0,-0.28,0.1,1,router_packet_loss,0.0
1789892819.1318789,Router,9999.0,87.5,42.37,0.0,-97.8,28.2,156.62,0.41,3.21,9999.0,42.66,-97.76,0.0,-0.66,0.2,1,,0.0
1789892819.1341019,Router,9999.0,87.5,43.25,0.0,-97.9,24.5,156.62,0.34,0.0,9999.0,42.57,-97.78,0.0,-0.47,-0.1,1,none,1.17
1789892819.1365662,Router,9998.26,75.0,42.74,0.0,-97.6,25.1,156.62,0.52,0.0,9998.85,42.55,-97.7,-0.74,-0.08,0.4,1,none,1.0
1789892819.1387331,Router,9998.96,62.5,41.66,0.0,-97.8,24.6,156.62,0.45,5.8,9998.84,42.43,-97.74,-0.04,-0.6,-0.2,1,none,0.83
1789892819.141177,Router,9999.0,50.0,40.31,0.0,-97.6,26.6,156.62,0.5,8.53,9998.84,42.07,-97.74,0.0,-1.84,0.0,1,none,0.67
1789892819.1438475,Router,9999.0,37.5,39.3,0.0,-97.5,27.8,156.62,0.64,4.65,9998.84,41.45,-97.68,0.0,-3.07,0.3,1,none,0.5
1789892819.1466002,Router,9998.67,25.0,39.46,0.0,-97.5,27.3,156.62,0.5,0.19,9998.78,40.69,-97.6,-0.33,-3.79,0.4,1,none,0.33
1789892819.1490712,Router,9998.51,12.5,38.77,0.0,-97.3,27.3,156.62,0.5,0.0,9998.83,39.9,-97.54,0.25,-3.97,0.3,1,none,0.2
1789892819.1512444,Router,9998.76,0.0,39.12,0.0,-97.1,30.0,156.62,0.33,0.0,9998.79,39.39,-97.4,-0.2,-2.54,0.7,1,none,0.2
1789892819.1534646,Router,9998.94,0.0,39.79,0.0,-96.7,26.4,156.62,0.37,0.43,9998.78,39.29,-97.22,-0.06,-0.52,0.9,0,none,10.0
1789892819.1559062,Router,9999.0,0.0,38.94,0.0,-97.1,25.0,156.62,0.32,0.0,9998.78,39.22,-97.14,0.0,-0.36,0.4,0,none,10.0
1789892819.1587315,Router,9999.0,0.0,39.15,0.0,-97.1,22.9,156.62,0.51,5.86,9998.84,39.15,-97.06,0.33,-0.31,0.4,0,none,10.0
1789892819.1613402,Router,9999.0,0.0,40.3,0.0,-97.1,26.0,156.62,0.46,2.27,9998.94,39.46,-97.02,0.49,1.53,0.2,0,none,10.0
1789892819.163894,Router,9999.0,0.0,40.09,0.0,-97.1,26.1,156.62,0.31,1.74,9998.99,39.65,-97.02,0.24,0.97,0.0,0,none,10.0
1789892819.1667936,Router,9999.0,0.0,39.02,0.0,-96.9,24.2,156.62,0.2,0.0,9999.0,39.5,-97.06,0.06,-0.77,-0.2,0,none,10.0
1789892819.1694093,Router,9999.0,0.0,38.96,0.0,-97.1,25.1,156.62,0.38,0.0,9999.0,39.5,-97.06,0.0,0.02,0.0,0,none,10.0
1789892819.1719794,Router,9998.67,0.0,38.31,0.0,-97.2,27.3,156.62,0.24,5.07,9998.93,39.34,-97.08,-0.33,-0.84,-0.1,0,none,10.0
1789892819.1748276,Router,9998.09,0.0,36.88,0.0,-97.0,27.2,156.62,0.4,3.31,9998.75,38.65,-97.06,-0.91,-3.42,0.1,0,none,10.0
1789892819.1777594,Router,9998.16,0.0,37.07,0.0,-97.1,28.0,156.62,0.39,7.64,9998.58,38.05,-97.06,-0.84,-3.02,0.0,0,none,10.0
1789892819.1803703,Router,9997.57,0.0,37.91,0.0,-97.3,27.5,156.62,0.5,12.88,9998.3,37.83,-97.14,-1.43,-1.11,-0.4,0,none,10.0
1789892819.1831622,Router,9998.1,0.0,38.22,0.0,-97.0,25.3,156.62,0.3,6.88,9998.12,37.68,-97.12,-0.9,-0.74,0.1,0,none,10.0
1789892819.1857917,Router,9998.82,0.0,37.69,0.0,-97.1,26.4,156.62,0.55,6.25,9998.15,37.55,-97.1,0.15,-0.62,0.1,0,none,10.0
1789892819.188404,Router,9998.32,0.0,39.07,0.0,-96.8,23.8,156.62,0.45,1.79,9998.19,37.99,-97.06,0.23,2.19,0.2,0,none,10.0
1789892819.1912127,Router,9998.33,0.0,38.21,0.0,-96.9,21.7,156.62,0.59,5.56,9998.23,38.22,-97.02,0.17,1.14,0.2,0,none,10.0
1789892819.1941464,Router,9998.06,0.0,38.81,0.0,-97.1,19.3,156.62,0.56,6.17,9998.33,38.4,-96.98,0.49,0.9,0.2,0,none,10.0
1789892819.1965158,Router,9997.3,0.0,39.15,0.0,-96.8,18.6,156.62,0.36,1.63,9998.17,38.59,-96.94,-0.8,0.93,0.2,0,none,10.0
1789892819.199231,Router,9997.57,0.0,39.19,0.0,-96.7,16.3,156.62,0.42,4.64,9997.92,38.89,-96.86,-1.25,1.5,0.4,0,none,10.0
1789892819.2018485,Router,9997.85,0.0,37.71,0.0,-96.3,19.5,156.62,0.29,7.39,9997.82,38.61,-96.76,-0.47,-1.36,0.5,0,none,10.0
1789892819.204458,Router,9997.53,0.0,38.96,0.0,-96.4,20.2,156.62,0.41,12.97,9997.66,38.76,-96.66,-0.8,0.75,0.5,0,none,10.0
1789892819.2070653,Router,9996.86,0.0,40.08,0.0,-96.1,23.4,156.62,0.43,17.73,9997.42,39.02,-96.46,-1.2,1.27,1.0,0,none,10.0
1789892819.2098389,Router,9996.81,0.0,39.45,0.0,-96.1,26.0,156.62,0.33,22.28,9997.32,39.08,-96.32,-0.49,0.3,0.7,0,none,10.0
1789892819.2124772,Router,9999.0,0.0,39.19,0.0,-95.9,24.3,156.62,0.42,18.65,9997.61,39.08,-96.16,1.43,0.0,0.8,1,router_packet_loss,0.0
1789892819.2156274,Router,9999.0,0.0,40.54,0.0,-95.7,21.3,156.62,0.32,22.91,9997.84,39.64,-96.04,1.15,2.83,0.6,1,router_packet_loss,0.0
1789892819.218014,Router,9999.0,12.5,40.37,0.0,-95.5,18.4,156.62,0.21,20.54,9998.13,39.93,-95.86,1.47,1.41,0.9,1,router_packet_loss,0.0
1789892819.2206318,Router,9999.0,25.0,41.59,0.0,-95.4,20.0,156.62,0.28,24.96,9998.56,40.23,-95.72,2.14,1.51,0.7,1,router_packet_loss,0.0
1789892819.2233887,Router,9999.0,37.5,41.79,0.0,-95.5,22.1,156.62,0.27,19.76,9999.0,40.7,-95.6,2.19,2.34,0.6,1,router_packet_loss,0.0
1789892819.2259042,Router,9999.0,50.0,40.33,0.0,-95.6,23.3,156.62,0.25,14.0,9999.0,40.92,-95.54,0.0,1.14,0.3,1,router_packet_loss,0.0
1789892819.2285619,Router,9999.0,62.5,39.38,0.0,-96.0,23.6,156.62,0.23,16.38,9999.0,40.69,-95.6,0.0,-1.16,-0.3,1,router_packet_loss,0.0
1789892819.232203,Router,9999.0,75.0,38.22,0.0,-96.0,27.5,156.62,0.3,17.7,9999.0,40.26,-95.7,0.0,-2.15,-0.5,1,router_packet_loss,0.0
1789892819.2349622,Router,9999.0,75.0,38.7,0.0,-96.2,26.2,156.62,0.44,17.29,9999.0,39.68,-95.86,0.0,-2.89,-0.8,1,router_packet_loss,0.0
1789892819.237604,Router,9999.0,87.5,38.07,0.0,-96.2,24.6,156.62,0.45,19.83,9999.0,38.94,-96.0,0.0,-3.72,-0.7,1,router_packet_loss,0.0
1789892819.2402198,Router,9999.0,87.5,38.23,0.0,-96.5,24.1,156.62,0.43,25.12,9999.0,38.52,-96.18,0.0,-2.1,-0.9,1,router_packet_loss,0.0
1789892819.242971,Router,9999.0,87.5,36.91,0.0,-96.8,21.3,156.62,0.35,30.35,9999.0,38.03,-96.34,0.0,-2.47,-0.8,1,router_packet_loss,0.0
1789892819.2455926,Router,9999.0,87.5,35.94,0.0,-96.6,24.8,156.62,0.59,32.1,9999.0,37.57,-96.46,0.0,-2.28,-0.6,1,router_packet_loss,0.0
1789892819.2482114,Router,9999.0,87.5,36.14,0.0,-96.5,26.5,156.62,0.36,27.58,9999.0,37.06,-96.52,0.0,-2.56,-0.3,1,router_packet_loss,0.0
1789892819.250373,Router,9999.0,87.5,35.75,0.0,-96.7,26.9,156.62,0.42,27.97,9999.0,36.59,-96.62,0.0,-2.32,-0.5,1,router_packet_loss,0.0
1789892819.2529118,Router,9999.0,75.0,37.05,0.0,-96.9,30.4,156.62,0.48,27.32,9999.0,36.36,-96.7,0.0,-1.18,-0.4,1,router_packet_loss,0.0
1789892819.2556946,Router,9999.0,87.5,35.89,0.0,-96.9,32.7,156.62,0.32,21.72,9999.0,36.15,-96.72,0.0,-1.02,-0.1,1,,0.0
1789892819.2586846,Router,9999.0,75.0,35.18,0.0,-97.0,34.3,156.62,0.32,17.96,9999.0,36.0,-96.8,0.0,-0.76,-0.4,1,none,0.67
1789892819.2613754,Router,9999.0,62.5,36.02,0.0,-97.1,37.0,156.62,0.49,15.65,9999.0,35.98,-96.92,0.0,-0.12,-0.6,1,none,0.5
1789892819.2641423,Router,9999.0,50.0,35.96,0.0,-97.4,36.0,156.62,0.49,21.4,9999.0,36.02,-97.06,0.0,0.21,-0.7,1,none,0.33
1789892819.266729,Router,9998.97,37.5,35.47,0.0,-97.5,38.5,156.62,0.62,26.26,9998.99,35.7,-97.18,-0.03,-1.58,-0.6,1,none,0.2
1789892819.2693467,Router,9998.23,25.0,35.77,0.0,-97.6,34.7,156.62,0.7,23.6,9998.84,35.68,-97.32,-0.77,-0.12,-0.7,1,none,0.2
1789892819.2720392,Router,9998.91,12.5,36.6,0.0,-97.6,34.8,156.62,0.52,23.1,9998.82,35.96,-97.44,-0.09,1.42,-0.6,0,none,10.0
1789892819.2746806,Router,9998.23,12.5,36.02,0.0,-97.5,33.6,156.62,0.4,25.92,9998.67,35.96,-97.52,-0.77,0.0,-0.4,0,none,10.0
1789892819.2775795,Router,9997.91,0.0,37.28,0.0,-97.6,35.8,156.62,0.46,25.52,9998.45,36.23,-97.56,-1.09,1.32,-0.2,0,none,10.0
1789892819.280099,Router,9997.32,0.0,36.79,0.0,-97.8,36.3,156.62,0.3,28.69,9998.12,36.49,-97.62,-1.65,1.32,-0.3,0,none,10.0
1789892819.2824821,Router,9997.48,0.0,35.89,0.0,-97.5,38.3,156.62,0.18,28.6,9997.97,36.52,-97.6,-0.75,0.12,0.1,0,none,10.0
1789892819.2850952,Router,9997.29,0.0,37.31,0.0,-97.1,40.8,156.62,0.28,27.88,9997.65,36.66,-97.5,-1.62,0.71,0.5,0,none,10.0
1789892819.287922,Router,9997.03,0.0,36.38,0.0,-96.9,42.5,156.62,0.38,33.65,9997.41,36.73,-97.38,-1.2,0.36,0.6,0,none,10.0
1789892819.2905734,Router,9997.56,0.0,36.04,0.0,-96.5,41.7,156.62,0.44,37.74,9997.34,36.48,-97.16,-0.35,-1.24,1.1,0,none,10.0
1789892819.293187,Router,9999.0,12.5,36.44,0.0,-100.0,1.0,156.62,0.66,33.71,9997.67,36.41,-97.6,1.68,-0.35,-2.2,1,wifi_ap_degrade,0.0
1789892819.2955909,Router,9999.0,12.5,36.78,0.0,-100.0,1.0,156.62,0.56,30.34,9997.98,36.59,-98.1,1.52,0.89,-2.5,1,wifi_ap_degrade,0.0
1789892819.2979972,Router,9999.0,12.5,37.84,0.0,-100.0,1.0,156.62,0.59,31.75,9998.32,36.7,-98.68,1.71,0.53,-2.9,1,wifi_ap_degrade,0.0
1789892819.3009498,Router,9999.0,12.5,36.85,0.0,-100.0,1.0,156.62,0.73,35.27,9998.71,36.79,-99.3,1.97,0.47,-3.1,1,wifi_ap_degrade,0.0
1789892819.3032362,Router,9999.0,25.0,35.7,0.0,-100.0,1.0,156.62,0.56,32.1,9999.0,36.72,-100.0,1.44,-0.34,-3.5,1,wifi_ap_degrade,0.0
1789892819.3059146,Router,9999.0,37.5,36.92,0.0,-100.0,1.0,156.62,0.6,32.99,9999.0,36.82,-100.0,0.0,0.48,0.0,1,wifi_ap_degrade,0.0
1789892819.3086386,Router,9999.0,50.0,37.03,0.0,-100.0,1.0,156.62,0.63,31.5,9999.0,36.87,-100.0,0.0,0.25,0.0,1,wifi_ap_degrade,0.0
1789892819.3110106,Router,9999.0,62.5,36.78,0.0,-100.0,1.0,156.62,0.46,33.11,9999.0,36.66,-100.0,0.0,-1.06,0.0,1,wifi_ap_degrade,0.0
1789892819.3140287,Router,9999.0,62.5,37.61,0.0,-100.0,1.0,156.62,0.29,30.39,9999.0,36.81,-100.0,0.0,0.76,0.0,1,wifi_ap_degrade,0.0
1789892819.3167417,Router,9999.0,62.5,39.1,0.0,-100.0,1.0,156.62,0.2,34.13,9999.0,37.49,-100.0,0.0,3.4,0.0,1,wifi_ap_degrade,0.0
1789892819.3196666,Router,9999.0,62.5,38.05,0.0,-100.0,1.0,156.62,0.23,38.53,9999.0,37.71,-100.0,0.0,1.13,0.0,1,wifi_ap_degrade,0.0
1789892819.322378,Router,9999.0,62.5,37.6,0.0,-100.0,1.0,156.62,0.39,43.67,9999.0,37.83,-100.0,0.0,0.57,0.0,1,,0.0
1789892819.325254,Router,9999.0,50.0,36.17,0.0,-100.0,1.9,156.62,0.25,43.07,9999.0,37.71,-100.0,0.0,-0.61,0.0,1,none,1.0
1789892819.3279786,Router,9999.0,37.5,35.71,0.0,-100.0,1.0,156.62,0.35,39.85,9999.0,37.33,-100.0,0.0,-1.9,0.0,1,none,0.83
1789892819.3306525,Router,9998.82,25.0,35.22,0.0,-100.0,1.4,156.62,0.36,34.61,9998.96,36.55,-100.0,-0.18,-3.88,0.0,1,none,0.67
1789892819.3332827,Router,9998.77,12.5,34.38,0.0,-100.0,2.6,156.62,0.28,35.52,9998.92,35.82,-100.0,-0.23,-3.67,0.0,1,none,0.5
1789892819.336019,Router,9999.0,0.0,34.38,0.0,-100.0,1.0,156.62,0.41,39.43,9998.92,35.17,-100.0,0.0,-3.22,0.0,1,none,0.33
1789892819.3387501,Router,9998.96,0.0,32.99,0.0,-99.7,4.3,156.62,0.58,39.02,9998.91,34.54,-99.94,-0.04,-3.18,0.3,1,none,0.2
1789892819.3415015,Router,9999.0,0.0,32.91,0.0,-99.9,2.7,156.62,0.6,35.4,9998.91,33.98,-99.92,0.0,-2.8,0.1,1,none,0.2
1789892819.3443758,Router,9999.0,0.0,32.93,0.0,-99.7,1.0,156.62,0.46,38.45,9998.95,33.52,-99.86,0.18,-2.29,0.3,0,none,10.0
1789892819.3473716,Router,9998.6,0.0,33.52,0.0,-99.5,1.0,156.62,0.64,41.03,9998.91,33.35,-99.76,-0.17,-0.86,0.5,0,none,10.0
1789892819.3501523,Router,9998.97,0.0,34.2,0.0,-99.3,1.0,156.62,0.39,45.02,9998.91,33.31,-99.62,-0.03,-0.18,0.7,0,none,10.0
1789892819.3528078,Router,9999.0,0.0,34.84,0.0,-99.5,1.7,156.62,0.57,48.51,9998.91,33.68,-99.58,0.04,1.85,0.2,0,none,10.0
1789892819.3554451,Router,9999.0,0.0,35.08,0.0,-99.4,5.6,156.62,0.43,43.5,9998.91,34.11,-99.48,0.0,2.17,0.5,0,none,10.0
1789892819.3580766,Router,9999.0,0.0,36.09,0.0,-99.3,3.0,156.62,0.5,41.11,9998.91,34.75,-99.4,0.0,3.16,0.4,1,router_latency_spike,0.0
1789892819.360499,Router,9999.0,0.0,34.75,0.0,-99.3,1.0,156.62,0.33,42.99,9998.99,34.99,-99.36,0.4,1.23,0.2,1,router_latency_spike,0.0
1789892819.3631284,Router,9999.0,0.0,33.75,0.0,-99.3,2.1,156.62,0.28,47.14,9999.0,34.9,-99.36,0.03,-0.45,0.0,1,router_latency_spike,0.0
1789892819.3659544,Router,9999.0,12.5,34.56,0.0,-99.4,3.4,156.62,0.24,43.05,9999.0,34.85,-99.34,0.0,-0.28,0.1,1,router_latency_spike,0.0
1789892819.368581,Router,9999.0,12.5,33.26,0.0,-99.5,2.0,156.62,0.34,43.41,9999.0,34.48,-99.36,0.0,-1.82,-0.1,1,router_latency_spike,0.0
1789892819.3712175,Router,9999.0,25.0,33.08,0.0,-99.7,2.7,156.62,0.23,39.38,9999.0,33.88,-99.44,0.0,-3.01,-0.4,1,router_latency_spike,0.0
1789892819.3739994,Router,9999.0,25.0,33.91,0.0,-99.3,6.7,156.62,0.27,44.93,9999.0,33.71,-99.44,0.0,-0.84,0.0,1,router_latency_spike,0.0
1789892819.376627,Router,9999.0,25.0,33.06,0.0,-99.3,2.7,156.62,0.44,42.08,9999.0,33.57,-99.44,0.0,-0.69,0.0,1,router_latency_spike,0.0
1789892819.379268,Router,9999.0,25.0,32.8,0.0,-99.2,6.5,156.62,0.49,45.65,9999.0,33.22,-99.4,0.0,-1.76,0.2,1,router_latency_spike,0.0
1789892819.3819063,Router,9999.0,25.0,32.3,0.0,-99.5,3.4,156.62,0.52,40.58,9999.0,33.03,-99.4,0.0,-0.96,0.0,1,router_latency_spike,0.0
1789892819.3845518,Router,9999.0,25.0,31.09,0.0,-99.2,1.0,156.62,0.57,37.09,9999.0,32.63,-99.3,0.0,-1.99,0.5,1,router_latency_spike,0.0
1789892819.3871968,Router,9999.0,12.5,30.34,0.0,-99.2,4.7,156.62,0.38,38.44,9999.0,31.92,-99.28,0.0,-3.57,0.1,1,router_latency_spike,0.0
1789892819.3901384,Router,9999.0,12.5,31.44,0.0,-99.2,7.9,156.62,0.28,35.84,9999.0,31.59,-99.26,0.0,-1.62,0.1,1,router_latency_spike,0.0
1789892819.3928835,Router,9999.0,0.0,30.62,0.0,-99.2,9.9,156.62,0.35,37.7,9999.0,31.16,-99.26,0.0,-2.18,0.0,1,,0.0
1789892819.3953388,Router,9999.0,0.0,30.79,0.0,-99.3,10.9,156.62,0.38,39.51,9999.0,30.86,-99.22,0.0,-1.51,0.2,1,none,1.17
1789892819.3979263,Router,9999.0,0.0,31.16,0.0,-99.2,14.6,156.62,0.35,37.84,9999.0,30.87,-99.22,0.0,0.07,0.0,1,none,1.0
1789892819.4004493,Router,9998.33,0.0,30.28,0.0,-99.5,15.2,156.62,0.23,38.26,9998.87,30.86,-99.28,-0.67,-0.06,-0.3,1,none,0.83
1789892819.4029763,Router,9998.19,0.0,29.23,0.0,-99.4,18.6,156.62,0.38,35.76,9998.7,30.42,-99.32,-0.81,-2.21,-0.2,1,none,0.67
1789892819.4054947,Router,9998.87,0.0,28.13,0.0,-99.1,15.1,156.62,0.54,33.76,9998.68,29.92,-99.3,-0.13,-2.49,0.1,1,none,0.5
1789892819.4079382,Router,9998.61,0.0,27.93,0.0,-99.0,14.0,156.62,0.57,29.99,9998.6,29.35,-99.24,-0.39,-2.86,0.3,1,none,0.33
1789892819.410499,Router,9999.0,0.0,27.54,0.0,-98.6,12.0,156.62,0.64,28.08,9998.6,28.62,-99.12,0.0,-3.62,0.6,1,none,0.2
1789892819.413045,Router,9999.0,0.0,26.96,0.0,-98.6,8.5,156.62,0.43,26.87,9998.73,27.96,-98.94,0.67,-3.32,0.9,1,none,0.2
1789892819.4155633,Router,9998.26,0.0,27.88,0.0,-98.6,10.4,156.62,0.39,31.51,9998.75,27.69,-98.78,0.07,-1.35,0.8,0,none,10.0
1789892819.4180832,Router,9998.11,0.0,28.7,0.0,-98.6,12.1,156.62,0.43,26.75,9998.6,27.8,-98.68,-0.76,0.57,0.5,0,none,10.0
1789892819.4206033,Router,9998.47,0.0,29.4,0.0,-98.8,14.8,156.62,0.31,22.81,9998.57,28.1,-98.64,-0.14,1.47,0.2,0,none,10.0
1789892819.4231243,Router,9998.37,0.0,29.5,0.0,-99.0,15.9,156.62,0.47,23.29,9998.44,28.49,-98.72,-0.63,1.96,-0.4,0,none,10.0
1789892819.4256432,Router,9998.96,0.0,29.21,0.0,-98.8,12.0,156.62,0.54,23.57,9998.43,28.94,-98.76,-0.04,2.25,-0.2,0,none,10.0
1789892819.428163,Router,9998.69,0.0,29.31,0.0,-99.0,14.2,156.62,0.69,28.96,9998.52,29.22,-98.84,0.43,1.43,-0.4,0,none,10.0
1789892819.4306867,Router,9998.75,0.0,29.24,0.0,-99.0,15.0,156.62,0.75,29.69,9998.65,29.33,-98.92,0.64,0.54,-0.4,0,none,10.0
1789892819.4332187,Router,9998.53,0.0,29.8,0.0,-98.9,11.6,156.62,0.71,26.84,9998.66,29.41,-98.94,0.06,0.4,-0.1,0,none,10.0
1789892819.4357398,Router,9997.85,0.0,28.55,0.0,-98.8,13.7,156.62,0.69,24.01,9998.56,29.22,-98.9,-0.52,-0.95,0.2,0,none,10.0
1789892819.4382603,Router,9997.66,0.0,27.94,0.0,-98.9,15.0,156.62,0.53,25.76,9998.3,28.97,-98.92,-1.3,-1.27,-0.1,0,none,10.0
1789892819.4407806,Router,9998.26,0.0,26.79,0.0,-98.7,15.8,156.62,0.32,30.48,9998.21,28.46,-98.86,-0.43,-2.52,0.3,0,none,10.0
1789892819.443301,Router,9998.42,0.0,25.89,0.0,-98.4,13.6,156.62,0.26,32.53,9998.14,27.79,-98.74,-0.33,-3.35,0.6,0,none,10.0
1789892819.4458377,Router,9998.12,0.0,26.61,0.0,-98.0,13.2,156.62,0.4,35.96,9998.06,27.16,-98.56,-0.41,-3.19,0.9,0,none,10.0
1789892819.448358,Router,9998.7,0.0,26.27,0.0,-98.3,12.4,156.62,0.33,31.1,9998.23,26.7,-98.46,0.85,-2.28,0.5,0,none,10.0
1789892819.4508777,Router,9998.95,0.0,24.99,0.0,-98.5,15.7,156.62,0.32,25.98,9998.49,26.11,-98.38,1.29,-2.95,0.4,0,none,10.0
1789892819.4533975,Router,9999.0,0.0,26.47,0.0,-98.6,11.8,156.62,0.47,22.46,9998.64,26.05,-98.36,0.74,-0.32,0.1,0,none,10.0
1789892819.455917,Router,9999.0,0.0,25.29,0.0,-98.6,8.0,156.62,0.59,16.69,9998.75,25.93,-98.4,0.58,-0.6,-0.2,0,none,10.0
1789892819.458624,Router,9999.0,0.0,23.95,0.0,-98.7,11.9,156.62,0.52,18.79,9998.93,25.39,-98.54,0.88,-2.66,-0.7,0,none,10.0
1789892819.4612117,Router,9999.0,0.0,23.63,0.0,-99.1,10.3,156.62,0.34,23.15,9998.99,24.87,-98.7,0.3,-2.64,-0.8,0,none,10.0
1789892819.4638486,Router,9998.75,0.0,24.4,0.0,-98.9,7.5,156.62,0.48,22.1,9998.95,24.75,-98.78,-0.2,-0.59,-0.4,0,none,10.0
1789892819.4663792,Router,9999.0,0.0,22.93,0.0,-99.1,8.8,156.62,0.53,24.88,9998.95,24.04,-98.88,0.0,-3.54,-0.5,0,none,10.0
1789892819.4689212,Router,9998.7,0.0,23.97,0.0,-99.2,7.6,156.62,0.49,30.61,9998.89,23.78,-99.0,-0.3,-1.32,-0.6,0,none,10.0
1789892819.4710777,Router,9999.0,0.0,24.94,0.0,-99.6,9.8,156.62,0.45,32.47,9998.89,23.97,-99.18,0.0,0.99,-0.9,0,none,10.0
1789892819.4734817,Router,9999.0,0.0,24.77,0.0,-99.7,9.3,156.62,0.45,33.99,9998.89,24.2,-99.3,0.0,1.14,-0.6,0,none,10.0
1789892819.4760163,Router,9999.0,0.0,24.23,0.0,-100.0,8.0,156.62,0.59,30.46,9998.94,24.17,-99.52,0.25,-0.17,-1.1,0,none,10.0
1789892819.4782197,Router,9999.0,0.0,25.2,0.0,-100.0,6.8,156.62,0.62,30.5,9998.94,24.62,-99.7,0.0,2.27,-0.9,0,none,10.0
1789892819.4805808,Router,9999.0,0.0,24.81,0.0,-100.0,3.4,156.62,0.64,27.33,9999.0,24.79,-99.86,0.3,0.84,-0.8,0,none,10.0
1789892819.482764,Router,9998.92,0.0,24.87,0.0,-100.0,2.8,156.62,0.39,29.68,9998.98,24.78,-99.94,-0.08,-0.07,-0.4,0,none,10.0
1789892819.4851828,Router,9999.0,0.0,25.59,0.0,-100.0,3.5,156.62,0.42,29.66,9998.98,24.94,-100.0,0.0,0.82,-0.3,0,none,10.0
1789892819.4876988,Router,9998.39,0.0,25.89,0.0,-100.0,1.0,156.62,0.48,32.73,9998.86,25.27,-100.0,-0.61,1.66,0.0,0,none,10.0
1789892819.4902136,Router,9998.68,0.0,27.34,0.0,-99.9,1.0,156.62,0.32,37.16,9998.8,25.7,-99.98,-0.32,2.14,0.1,0,none,10.0
1789892819.4927342,Router,9999.0,0.0,28.1,0.0,-99.7,2.5,156.62,0.39,34.77,9998.8,26.36,-99.92,0.0,3.29,0.3,0,none,10.0
1789892819.494928,Router,9999.0,0.0,27.74,0.0,-99.5,1.0,156.62,0.55,33.41,9998.81,26.93,-99.82,0.08,2.87,0.5,0,none,10.0
1789892819.4970636,Router,9999.0,0.0,27.47,0.0,-99.4,1.0,156.62,0.53,35.42,9998.81,27.31,-99.7,0.0,1.88,0.6,0,none,10.0
1789892819.4995382,Router,9999.0,0.0,28.02,0.0,-99.4,1.0,156.62,0.56,37.0,9998.94,27.73,-99.58,0.61,2.13,0.6,0,none,10.0
1789892819.501796,Router,9998.3,0.0,27.61,0.0,-99.5,1.0,156.62,0.58,33.14,9998.86,27.79,-99.5,-0.38,0.27,0.4,0,none,10.0
1789892819.5039887,Router,9998.76,0.0,26.6,0.0,-99.2,3.7,156.62,0.58,27.95,9998.81,27.49,-99.4,-0.24,-1.5,0.5,0,none,10.0
1789892819.506512,Router,9999.0,0.0,27.81,0.0,-99.0,4.1,156.62,0.39,27.33,9998.81,27.5,-99.3,0.0,0.07,0.5,0,none,10.0
1789892819.5090454,Router,9999.0,0.0,26.5,0.0,-99.1,1.0,156.62,0.49,30.27,9998.81,27.31,-99.24,0.0,-0.97,0.3,0,none,10.0
1789892819.5111985,Router,9999.0,0.0,26.01,0.0,-98.9,1.0,156.62,0.69,24.96,9998.81,26.91,-99.14,0.0,-2.01,0.5,0,none,10.0
1789892819.5135071,Router,9998.27,0.0,25.21,0.0,-99.1,1.0,156.62,0.56,29.38,9998.81,26.43,-99.06,-0.03,-2.4,0.4,0,none,10.0
1789892819.5158308,Router,9998.96,0.0,23.74,0.0,-98.8,2.8,156.62,0.37,28.35,9998.85,25.85,-98.98,0.2,-2.86,0.4,0,none,10.0
1789892819.5182054,Router,9999.0,0.0,22.44,0.0,-98.6,6.7,156.62,0.35,29.61,9998.85,24.78,-98.9,0.0,-5.37,0.4,0,none,10.0
1789892819.5207517,Router,9998.96,0.0,20.96,0.0,-98.9,10.3,156.62,0.47,32.24,9998.84,23.67,-98.86,-0.04,-5.54,0.2,0,none,10.0
1789892819.5230033,Router,9999.0,0.0,20.86,0.0,-98.7,13.6,156.62,0.64,32.67,9998.84,22.64,-98.82,0.0,-5.15,0.2,0,none,10.0
1789892819.52525,Router,9998.23,0.0,20.14,0.0,-98.6,12.5,156.62,0.56,35.41,9998.83,21.63,-98.72,-0.04,-5.07,0.5,0,none,10.0
1789892819.5276177,Router,9998.94,0.0,19.17,0.0,-98.4,15.4,156.62,0.35,34.35,9998.83,20.71,-98.64,-0.02,-4.57,0.4,0,none,10.0
1789892819.5299976,Router,9999.0,0.0,20.65,0.0,-98.0,14.6,156.62,0.54,30.71,9998.83,20.36,-98.52,0.0,-1.79,0.6,0,none,10.0
1789892819.5323446,Router,9998.55,0.0,21.42,0.0,-97.8,17.4,156.62,0.66,29.37,9998.74,20.45,-98.3,-0.41,0.46,1.1,0,none,10.0
1789892819.5346267,Router,9998.75,0.0,21.56,0.0,-98.0,17.6,156.62,0.56,23.75,9998.69,20.59,-98.16,-0.25,0.7,0.7,0,none,10.0
1789892819.537147,Router,9998.42,0.0,21.76,0.0,-98.1,18.8,156.62,0.54,23.47,9998.73,20.91,-98.06,0.19,1.62,0.5,0,none,10.0
1789892819.539419,Router,9997.87,0.0,22.67,0.0,-98.2,16.3,156.62,0.46,27.9,9998.52,21.61,-98.02,-1.07,3.5,0.2,0,none,10.0
1789892819.5417674,Router,9997.99,0.0,23.53,0.0,-98.4,13.7,156.62,0.42,27.41,9998.32,22.19,-98.1,-1.01,2.88,-0.4,0,none,10.0
1789892819.544183,Router,9997.72,0.0,23.65,0.0,-98.8,11.6,156.62,0.48,26.91,9998.15,22.63,-98.3,-0.83,2.23,-1.0,0,none,10.0
1789892819.5471087,Router,9997.23,0.0,22.63,0.0,-99.1,10.0,156.62,0.43,22.54,9997.85,22.85,-98.52,-1.52,1.07,-1.1,0,none,10.0
1789892819.5499182,Router,9997.18,0.0,23.28,0.0,-98.8,11.2,156.62,0.45,23.7,9997.6,23.15,-98.66,-1.24,1.52,-0.7,0,none,10.0
1789892819.552542,Router,9996.66,0.0,22.65,0.0,-98.7,14.8,156.62,0.58,20.06,9997.36,23.15,-98.76,-1.21,-0.02,-0.5,0,none,10.0
1789892819.5550685,Router,9996.06,0.0,21.52,0.0,-98.6,17.5,156.62,0.68,25.86,9996.97,22.75,-98.8,-1.93,-2.01,-0.2,0,none,10.0
1789892819.5575457,Router,9996.04,0.0,20.67,0.0,-98.7,17.0,156.62,0.8,22.28,9996.63,22.15,-98.78,-1.68,-2.98,0.1,0,none,10.0
1789892819.560141,Router,9995.56,0.0,19.73,0.0,-98.4,13.2,156.62,0.75,21.4,9996.3,21.57,-98.64,-1.67,-2.9,0.7,0,none,10.0
1789892819.5629952,Router,9995.66,0.0,20.78,0.0,-98.5,15.6,156.62,0.58,20.83,9996.0,21.07,-98.58,-1.52,-2.5,0.3,0,none,10.0
1789892819.5661292,Router,9995.55,0.0,19.45,0.0,-98.4,12.3,156.62,0.52,24.23,9995.77,20.43,-98.52,-1.11,-3.2,0.3,0,none,10.0
1789892819.5688305,Router,9996.3,0.0,18.91,0.0,-98.1,11.6,156.62,0.58,21.86,9995.82,19.91,-98.42,0.24,-2.61,0.5,0,none,10.0
1789892819.5715096,Router,9996.01,0.0,20.18,0.0,-98.3,8.3,156.62,0.39,24.89,9995.82,19.81,-98.34,-0.03,-0.49,0.4,0,none,10.0
1789892819.5741174,Router,9996.38,0.0,19.51,0.0,-98.1,5.3,156.62,0.31,20.64,9995.98,19.77,-98.28,0.82,-0.22,0.3,0,none,10.0
1789892819.5767255,Router,9996.74,0.0,19.83,0.0,-98.4,5.8,156.62,0.26,23.85,9996.2,19.58,-98.26,1.08,-0.95,0.1,0,none,10.0
1789892819.5791273,Router,9996.71,0.0,19.78,0.0,-98.2,7.0,156.62,0.42,23.23,9996.43,19.64,-98.22,1.16,0.33,0.2,0,none,10.0
1789892819.5822783,Router,9997.17,0.0,18.44,0.0,-98.2,6.2,156.62,0.65,28.88,9996.6,19.55,-98.24,0.87,-0.47,-0.1,0,none,10.0
1789892819.5848134,Router,9996.38,0.0,17.32,0.0,-98.4,3.9,156.62,0.47,27.66,9996.68,18.98,-98.26,0.37,-2.86,-0.1,0,none,10.0
1789892819.58753,Router,9996.77,0.0,16.7,0.0,-98.2,1.0,156.62,0.53,28.25,9996.75,18.41,-98.28,0.39,-2.81,-0.1,0,none,10.0
1789892819.5901709,Router,9997.42,0.0,17.61,0.0,-97.8,1.0,156.62,0.41,30.74,9996.89,17.97,-98.16,0.68,-2.22,0.6,0,none,10.0
1789892819.5927787,Router,9997.22,0.0,19.06,0.0,-97.9,1.0,156.62,0.32,33.65,9996.99,17.83,-98.1,0.51,-0.72,0.3,0,none,10.0
1789892819.5952737,Router,9996.94,0.0,19.76,0.0,-97.6,3.9,156.62,0.25,33.1,9996.95,18.09,-97.98,-0.23,1.32,0.6,0,none,10.0
1789892819.597916,Router,9996.41,0.0,20.82,0.0,-97.5,1.5,156.62,0.4,31.38,9996.95,18.79,-97.8,0.03,3.5,0.9,0,none,10.0
1789892819.601211,Router,9996.99,0.0,19.32,0.0,-97.2,1.0,156.62,0.3,30.47,9997.0,19.31,-97.6,0.22,2.62,1.0,0,none,10.0
1789892819.6042254,Router,9997.01,0.0,20.34,0.0,-97.2,1.0,156.62,0.27,32.68,9996.91,19.86,-97.48,-0.41,2.73,0.6,0,none,10.0
1789892819.6072237,Router,9997.71,0.0,21.61,0.0,-97.2,1.0,156.62,0.32,38.02,9997.01,20.37,-97.34,0.49,2.55,0.7,0,none,10.0
1789892819.610228,Router,9998.05,0.0,22.33,0.0,-97.5,2.7,156.62,0.41,39.54,9997.23,20.88,-97.32,1.11,2.57,0.1,0,none,10.0
1789892819.6130114,Router,9998.26,0.0,23.14,0.0,-97.4,1.0,156.62,0.32,44.34,9997.6,21.35,-97.3,1.85,2.32,0.1,0,none,10.0
1789892819.615543,Router,9998.73,0.0,24.55,0.0,-97.0,1.0,156.62,0.28,42.13,9997.95,22.39,-97.26,1.74,5.23,0.2,0,none,10.0
1789892819.617833,Router,9998.94,0.0,24.0,0.0,-96.9,1.0,156.62,0.29,38.63,9998.34,23.13,-97.2,1.93,3.66,0.3,0,none,10.0
1789892819.6205845,Router,9999.0,0.0,24.04,0.0,-96.7,3.1,156.62,0.24,39.94,9998.6,23.61,-97.1,1.29,2.43,0.5,0,none,10.0
1789892819.623034,Router,9998.84,0.0,22.59,0.0,-96.9,1.2,156.62,0.28,41.73,9998.75,23.66,-96.98,0.79,0.26,0.6,0,none,10.0
1789892819.6252964,Router,9999.0,0.0,24.05,0.0,-96.8,1.0,156.62,0.5,45.18,9998.9,23.85,-96.86,0.74,0.91,0.6,0,none,10.0
1789892819.627778,Router,9998.27,0.0,24.07,0.0,-96.8,1.3,156.62,0.6,51.17,9998.81,23.75,-96.82,-0.46,-0.48,0.2,0,none,10.0
1789892819.6302814,Router,9998.14,0.0,23.6,0.0,-96.5,1.0,156.62,0.73,53.79,9998.65,23.67,-96.74,-0.8,-0.4,0.4,0,none,10.0
1789892819.6327388,Router,9997.41,0.0,24.89,0.0,-96.5,1.0,156.62,0.58,57.94,9998.33,23.84,-96.7,-1.59,0.85,0.2,0,none,10.0
1789892819.6352,Router,9997.73,0.0,23.88,0.0,-96.5,1.0,156.62,0.53,55.41,9998.11,24.1,-96.62,-1.11,1.29,0.4,0,none,10.0
1789892819.6377072,Router,9997.58,0.0,22.53,0.0,-96.1,1.1,156.62,0.56,56.96,9997.83,23.79,-96.48,-1.42,-1.52,0.7,0,none,10.0
1789892819.6402125,Router,9997.96,0.0,23.38,0.0,-96.4,2.9,156.62,0.37,51.81,9997.76,23.66,-96.4,-0.31,-0.69,0.4,0,none,10.0
1789892819.6431017,Router,9998.43,0.0,23.26,0.0,-96.7,2.4,156.62,0.4,56.45,9997.82,23.59,-96.44,0.29,-0.34,-0.2,0,none,10.0
1789892819.6459165,Router,9998.72,0.0,24.59,0.0,-96.7,1.0,156.62,0.51,62.19,9998.08,23.53,-96.48,1.31,-0.3,-0.2,0,none,10.0
1789892819.6487505,Router,9999.0,0.0,24.02,0.0,-96.8,1.0,156.62,0.57,68.04,9998.34,23.56,-96.54,1.27,0.14,-0.3,0,none,10.0
1789892819.651323,Router,9998.76,0.0,24.38,0.0,-97.0,3.1,156.62,0.42,69.32,9998.57,23.93,-96.72,1.18,1.85,-0.9,0,none,10.0
1789892819.6542509,Router,9999.0,0.0,23.66,0.0,-96.8,1.0,156.62,0.38,69.59,9998.78,23.98,-96.8,1.04,0.28,-0.4,0,none,10.0
1789892819.6568258,Router,9998.96,0.0,23.52,0.0,-96.6,2.3,156.62,0.58,70.93,9998.89,24.03,-96.78,0.53,0.26,0.1,0,none,10.0
1789892819.6594274,Router,9998.46,0.0,23.91,0.0,-96.7,4.2,156.62,0.67,70.14,9998.84,23.9,-96.78,-0.26,-0.68,0.0,0,none,10.0
1789892819.6622925,Router,9997.94,0.0,22.99,0.0,-96.8,2.9,156.62,0.79,73.27,9998.62,23.69,-96.78,-1.06,-1.03,0.0,0,none,10.0
1789892819.664811,Router,9998.62,0.0,22.57,0.0,-97.1,5.5,156.62,0.48,77.89,9998.6,23.33,-96.8,-0.14,-1.81,-0.1,0,none,10.0
1789892819.667326,Router,9998.21,0.0,22.63,0.0,-97.4,7.7,156.62,0.43,75.67,9998.44,23.12,-96.92,-0.79,-1.03,-0.6,0,none,10.0
1789892819.6697323,Router,9998.23,0.0,23.32,0.0,-97.7,8.9,156.62,0.28,70.02,9998.29,23.08,-97.14,-0.73,-0.2,-1.1,0,none,10.0
1789892819.6723316,Router,9998.51,0.0,24.21,0.0,-98.0,11.5,156.62,0.44,75.32,9998.3,23.14,-97.4,0.05,0.3,-1.3,0,none,10.0
1789892819.6749425,Router,9998.65,0.0,24.65,0.0,-97.7,14.6,156.62,0.66,76.19,9998.44,23.48,-97.58,0.71,1.66,-0.9,0,none,10.0
1789892819.6777818,Router,9998.57,0.0,24.49,0.0,-97.9,18.0,156.62,0.79,72.82,9998.43,23.86,-97.74,-0.05,1.92,-0.8,0,none,10.0
1789892819.6803167,Router,9997.94,0.0,25.22,0.0,-97.8,20.4,156.62,0.83,76.09,9998.38,24.38,-97.82,-0.27,2.59,-0.4,0,none,10.0
1789892819.6829262,Router,9998.33,0.0,26.37,0.0,-98.2,21.0,156.62,0.85,75.6,9998.4,24.99,-97.92,0.1,3.05,-0.5,0,none,10.0
1789892819.6855304,Router,9998.23,0.0,26.7,0.0,-98.3,19.9,156.62,0.84,69.85,9998.34,25.49,-97.98,-0.28,2.49,-0.3,0,none,10.0
1789892819.688235,Router,9997.67,0.0,26.22,0.0,-98.3,18.8,156.62,0.56,69.4,9998.15,25.8,-98.1,-0.98,1.57,-0.6,0,none,10.0
1789892819.6908534,Router,9997.11,0.0,24.85,0.0,-98.6,20.6,156.62,0.5,70.72,9997.86,25.87,-98.24,-1.46,0.36,-0.7,0,none,10.0
1789892819.6936924,Router,9996.87,0.0,24.42,0.0,-98.6,22.6,156.62,0.39,65.47,9997.64,25.71,-98.4,-1.07,-0.8,-0.8,0,none,10.0
1789892819.6962519,Router,9997.1,0.0,23.18,0.0,-98.8,19.1,156.62,0.35,70.84,9997.4,25.07,-98.52,-1.23,-3.19,-0.6,0,none,10.0
1789892819.6988566,Router,9996.5,0.0,24.64,0.0,-99.1,19.6,156.62,0.43,74.6,9997.05,24.66,-98.68,-1.73,-2.06,-0.8,0,none,10.0
1789892819.7014768,Router,9995.77,0.0,23.75,0.0,-98.9,18.9,156.62,0.61,69.99,9996.67,24.17,-98.8,-1.9,-2.47,-0.6,0,none,10.0
1789892819.7044659,Router,9996.16,0.0,24.57,0.0,-98.8,15.3,156.62,0.38,68.34,9996.48,24.11,-98.84,-0.95,-0.28,-0.2,0,none,10.0
1789892819.7069812,Router,9999.0,0.0,24.7,0.0,-98.9,15.5,156.62,0.4,63.12,9996.91,24.17,-98.9,2.13,0.28,-0.3,1,router_packet_loss,0.0
1789892819.7100253,Router,9999.0,0.0,23.24,0.0,-98.6,12.4,156.62,0.62,61.06,9997.29,24.18,-98.86,1.9,0.06,0.2,1,router_packet_loss,0.0
1789892819.7126331,Router,9999.0,12.5,23.02,0.0,-98.8,11.8,156.62,0.52,59.15,9997.79,23.86,-98.8,2.5,-1.62,0.3,1,router_packet_loss,0.0
1789892819.7152622,Router,9999.0,25.0,23.13,0.0,-99.1,10.6,156.62,0.36,57.5,9998.43,23.73,-98.84,3.23,-0.62,-0.2,1,router_packet_loss,0.0
1789892819.717869,Router,9999.0,37.5,21.77,0.0,-99.0,12.2,156.62,0.47,55.52,9999.0,23.17,-98.88,2.84,-2.8,-0.2,1,router_packet_loss,0.0
1789892819.720895,Router,9999.0,50.0,21.75,0.0,-98.7,15.7,156.62,0.4,56.31,9999.0,22.58,-98.84,0.0,-2.95,0.2,1,router_packet_loss,0.0
1789892819.7237055,Router,9999.0,62.5,21.84,0.0,-99.0,19.1,156.62,0.59,54.42,9999.0,22.3,-98.92,0.0,-1.4,-0.4,1,router_packet_loss,0.0
1789892819.726511,Router,9999.0,62.5,23.02,0.0,-99.0,17.5,156.62,0.41,58.15,9999.0,22.3,-98.96,0.0,0.0,-0.2,1,router_packet_loss,0.0
1789892819.7288663,Router,9999.0,75.0,23.67,0.0,-99.2,14.4,156.62,0.32,57.9,9999.0,22.41,-98.98,0.0,0.54,-0.1,1,router_packet_loss,0.0
1789892819.7315602,Router,9999.0,87.5,23.17,0.0,-99.0,11.6,156.62,0.38,53.14,9999.0,22.69,-98.98,0.0,1.4,0.0,1,router_packet_loss,0.0
1789892819.7343097,Router,9999.0,75.0,23.22,0.0,-99.0,13.0,156.62,0.45,59.07,9999.0,22.98,-99.04,0.0,1.47,-0.3,1,router_packet_loss,0.0
1789892819.7369835,Router,9999.0,75.0,23.01,0.0,-99.4,15.6,156.62,0.65,59.1,9999.0,23.22,-99.12,0.0,1.17,-0.4,1,router_packet_loss,0.0
1789892819.7395685,Router,9999.0,62.5,21.62,0.0,-99.3,12.3,156.62,0.59,55.5,9999.0,22.94,-99.18,0.0,-1.4,-0.3,1,router_packet_loss,0.0
1789892819.7423265,Router,9999.0,62.5,23.03,0.0,-99.1,9.0,156.62,0.4,60.48,9999.0,22.81,-99.16,0.0,-0.64,0.1,1,,0.0
1789892819.744927,Router,9998.64,50.0,24.39,0.0,-99.0,12.0,156.62,0.58,56.09,9998.93,23.05,-99.16,-0.36,1.22,0.0,0,none,10.0
1789892819.7475097,Router,9998.36,50.0,23.98,0.0,-99.4,15.5,156.62,0.45,50.09,9998.8,23.21,-99.24,-0.64,0.76,-0.4,0,none,10.0
1789892819.750091,Router,9997.98,37.5,22.58,0.0,-99.0,19.1,156.62,0.42,51.86,9998.6,23.12,-99.16,-1.02,-0.43,0.4,0,none,10.0
1789892819.7526767,Router,9998.03,25.0,22.64,0.0,-99.1,17.1,156.62,0.33,51.04,9998.4,23.32,-99.12,-0.97,1.02,0.2,0,none,10.0
1789892819.7556531,Router,9998.32,25.0,21.96,0.0,-99.0,14.5,156.62,0.45,50.77,9998.27,23.11,-99.1,-0.68,-1.07,0.1,0,none,10.0
1789892819.7582858,Router,9998.97,12.5,20.61,0.0,-98.8,11.8,156.62,0.45,52.92,9998.33,22.35,-99.06,0.33,-3.78,0.2,0,none,10.0
1789892819.7608685,Router,9998.23,12.5,20.18,0.0,-99.0,7.9,156.62,0.27,51.74,9998.31,21.59,-98.98,-0.13,-3.8,0.4,0,none,10.0
1789892819.7632608,Router,9998.32,0.0,21.41,0.0,-99.3,4.5,156.62,0.29,50.43,9998.37,21.36,-99.04,0.34,-1.17,-0.3,0,none,10.0
1789892819.7658772,Router,9998.45,0.0,21.1,0.0,-99.3,6.3,156.62,0.35,48.55,9998.46,21.05,-99.08,0.42,-1.54,-0.2,0,none,10.0
1789892819.7685854,Router,9998.58,0.0,20.31,0.0,-99.6,3.5,156.62,0.27,53.8,9998.51,20.72,-99.2,0.26,-1.65,-0.6,0,none,10.0
1789892819.7717068,Router,9998.51,0.0,20.56,0.0,-99.4,5.7,156.62,0.31,51.61,9998.42,20.71,-99.32,-0.46,-0.05,-0.6,0,none,10.0
1789892819.774189,Router,9998.99,0.0,19.91,0.0,-99.6,5.3,156.62,0.19,55.3,9998.57,20.66,-99.44,0.76,-0.27,-0.6,0,none,10.0
1789892819.7772045,Router,9998.99,0.0,19.84,0.0,-99.6,6.0,156.62,0.23,56.17,9998.7,20.34,-99.5,0.67,-1.57,-0.3,0,none,10.0
1789892819.7799342,Router,9999.0,12.5,19.34,0.0,-99.2,8.4,156.62,0.46,51.7,9998.81,19.99,-99.48,0.55,-1.76,0.1,1,router_latency_spike,0.0
1789892819.7822454,Router,9999.0,12.5,18.93,0.0,-98.9,5.1,156.62,0.36,46.77,9998.9,19.72,-99.34,0.42,-1.38,0.7,1,router_latency_spike,0.0
1789892819.7848034,Router,9999.0,25.0,19.35,0.0,-98.8,8.3,156.62,0.5,43.83,9999.0,19.47,-99.22,0.49,-1.21,0.6,1,router_latency_spike,0.0
1789892819.7872267,Router,9999.0,25.0,20.08,0.0,-99.0,6.7,156.62,0.58,38.42,9999.0,19.51,-99.1,0.01,0.17,0.6,1,router_latency_spike,0.0
1789892819.7897613,Router,9999.0,25.0,19.73,0.0,-99.3,2.9,156.62,0.71,35.06,9999.0,19.49,-99.04,0.01,-0.11,0.3,1,router_latency_spike,0.0
1789892819.7923203,Router,9999.0,25.0,21.13,0.0,-99.2,6.5,156.62,0.57,32.8,9999.0,19.84,-99.04,0.0,1.79,0.0,1,router_latency_spike,0.0
1789892819.795166,Router,9999.0,25.0,20.05,0.0,-99.2,3.5,156.62,0.45,31.08,9999.0,20.07,-99.1,0.0,1.12,-0.3,1,router_latency_spike,0.0
1789892819.7980988,Router,9999.0,25.0,19.23,0.0,-99.0,1.4,156.62,0.62,26.3,9999.0,20.04,-99.14,0.0,-0.12,-0.2,1,router_latency_spike,0.0
1789892819.8009007,Router,9999.0,25.0,19.1,0.0,-99.3,2.6,156.62,0.69,27.3,9999.0,19.85,-99.2,0.0,-0.98,-0.3,1,router_latency_spike,0.0
1789892819.8036067,Router,9999.0,37.5,18.5,0.0,-99.6,3.0,156.62,0.69,27.89,9999.0,19.6,-99.26,0.0,-1.23,-0.3,1,router_latency_spike,0.0
1789892819.806221,Router,9999.0,25.0,17.68,0.0,-99.9,1.7,156.62,0.71,28.79,9999.0,18.91,-99.4,0.0,-3.45,-0.7,1,router_latency_spike,0.0
1789892819.8088334,Router,9999.0,25.0,16.93,0.0,-99.8,2.9,156.62,0.61,25.07,9999.0,18.29,-99.52,0.0,-3.12,-0.6,1,router_latency_spike,0.0
1789892819.8114805,Router,9999.0,25.0,16.95,0.0,-99.5,1.3,156.62,0.38,23.88,9999.0,17.83,-99.62,0.0,-2.28,-0.5,1,router_latency_spike,0.0
1789892819.8140938,Router,9999.0,37.5,18.33,0.0,-99.8,1.0,156.62,0.6,22.34,9999.0,17.68,-99.72,0.0,-0.77,-0.5,1,router_latency_spike,0.0
1789892819.8169098,Router,9999.0,37.5,19.12,0.0,-99.8,4.0,156.62,0.42,27.35,9999.0,17.8,-99.76,0.0,0.62,-0.2,1,,0.0
1789892819.819498,Router,9998.68,37.5,20.08,0.0,-99.7,1.4,156.62,0.42,26.3,9998.94,18.28,-99.72,-0.32,2.4,0.2,0,none,10.0
1789892819.822081,Router,9997.91,25.0,21.1,0.0,-99.8,3.7,156.62,0.6,31.7,9998.72,19.12,-99.72,-1.09,4.17,0.0,0,none,10.0
1789892819.8247933,Router,9998.39,12.5,21.27,0.0,-100.0,6.4,156.62,0.59,36.15,9998.6,19.98,-99.82,-0.61,4.32,-0.5,0,none,10.0
1789892819.827084,Router,9998.13,12.5,22.63,0.0,-99.6,5.5,156.62,0.75,41.88,9998.42,20.84,-99.78,-0.87,4.3,0.2,0,none,10.0
1789892819.829633,Router,9998.67,12.5,21.54,0.0,-99.9,6.0,156.62,0.83,38.09,9998.36,21.32,-99.8,-0.33,2.42,-0.1,0,none,10.0
1789892819.8317997,Router,9998.03,12.5,22.64,0.0,-100.0,4.0,156.62,0.56,37.54,9998.23,21.84,-99.86,-0.65,2.56,-0.3,0,none,10.0
1789892819.8343184,Router,9998.67,0.0,21.29,0.0,-99.9,7.3,156.62,0.4,38.99,9998.38,21.87,-99.88,0.76,0.19,-0.1,0,none,10.0
1789892819.8368511,Router,9998.15,0.0,22.77,0.0,-99.5,11.1,156.62,0.39,42.98,9998.33,22.17,-99.78,-0.24,1.5,0.5,0,none,10.0
1789892819.8396482,Router,9997.8,0.0,23.76,0.0,-99.7,9.1,156.62,0.59,48.86,9998.26,22.4,-99.8,-0.33,1.13,-0.1,0,none,10.0
1789892819.842203,Router,9997.73,0.0,23.41,0.0,-99.7,12.9,156.62,0.63,44.7,9998.08,22.77,-99.76,-0.94,1.87,0.2,0,none,10.0
1789892819.8447957,Router,9997.23,0.0,24.22,0.0,-99.9,15.0,156.62,0.56,48.45,9997.92,23.09,-99.74,-0.8,1.58,0.1,0,none,10.0
1789892819.8473933,Router,9997.45,0.0,23.55,0.0,-100.0,17.3,156.62,0.46,43.62,9997.67,23.54,-99.76,-1.22,2.26,-0.1,0,none,10.0
1789892819.8496213,Router,9996.92,0.0,22.8,0.0,-100.0,13.9,156.62,0.54,44.87,9997.43,23.55,-99.86,-1.23,0.03,-0.5,0,none,10.0
1789892819.8517904,Router,9996.14,0.0,23.66,0.0,-100.0,17.8,156.62,0.65,41.05,9997.09,23.53,-99.92,-1.66,-0.1,-0.3,0,none,10.0
1789892819.8542528,Router,9996.81,0.0,22.25,0.0,-99.9,18.3,156.62,0.42,46.62,9996.91,23.3,-99.96,-0.92,-1.16,-0.2,0,none,10.0
1789892819.856717,Router,9996.77,0.0,23.69,0.0,-99.5,18.5,156.62,0.51,46.16,9996.82,23.19,-99.88,-0.46,-0.53,0.4,0,none,10.0
1789892819.859644,Router,9996.0,0.0,22.67,0.0,-99.7,20.8,156.62,0.44,43.44,9996.53,23.01,-99.82,-1.45,-0.88,0.3,0,none,10.0
1789892819.8622894,Router,9995.21,0.0,24.14,0.0,-99.8,21.4,156.62,0.34,39.63,9996.19,23.28,-99.78,-1.71,1.34,0.2,0,none,10.0
1789892819.8653631,Router,9994.65,0.0,24.21,0.0,-99.8,18.9,156.62,0.35,42.76,9995.89,23.39,-99.74,-1.49,0.55,0.2,0,none,10.0
1789892819.8680367,Router,9995.05,0.0,23.09,0.0,-100.0,18.8,156.62,0.27,45.41,9995.54,23.56,-99.76,-1.76,0.84,-0.1,0,none,10.0
1789892819.8708382,Router,9995.07,0.0,24.59,0.0,-99.8,19.5,156.62,0.37,48.55,9995.2,23.74,-99.82,-1.7,0.9,-0.3,0,none,10.0
1789892819.8738244,Router,9994.85,0.0,24.09,0.0,-99.8,18.6,156.62,0.46,53.64,9994.97,24.02,-99.84,-1.15,1.42,-0.1,0,none,10.0
1789892819.8768618,Router,9994.09,0.0,23.1,0.0,-99.8,21.0,156.62,0.3,49.49,9994.74,23.82,-99.84,-1.12,-1.04,0.0,0,none,10.0
1789892819.8795118,Router,9993.33,0.0,22.7,0.0,-100.0,20.7,156.62,0.47,43.58,9994.48,23.51,-99.88,-1.32,-1.51,-0.2,0,none,10.0
1789892819.8818555,Router,9993.01,0.0,22.76,0.0,-99.9,20.2,156.62,0.48,47.15,9994.07,23.45,-99.86,-2.04,-0.33,0.1,0,none,10.0
1789892819.8843806,Router,9992.77,0.0,23.88,0.0,-100.0,23.6,156.62,0.42,43.1,9993.61,23.31,-99.9,-2.3,-0.71,-0.2,0,none,10.0
1789892819.8869874,Router,9993.07,0.0,22.58,0.0,-99.6,23.4,156.62,0.37,40.4,9993.25,23.0,-99.86,-1.78,-1.51,0.2,0,none,10.0
1789892819.8894382,Router,9992.34,0.0,21.37,0.0,-100.0,19.6,156.62,0.37,36.28,9992.9,22.66,-99.9,-1.75,-1.73,-0.2,0,none,10.0
1789892819.892059,Router,9999.0,0.0,20.92,0.0,-99.8,21.2,156.62,0.34,38.09,9994.04,22.3,-99.86,5.67,-1.78,0.2,1,router_latency_spike,0.0
1789892819.8947074,Router,9999.0,0.0,20.2,0.0,-99.9,23.7,156.62,0.21,42.81,9995.24,21.79,-99.86,5.99,-2.56,0.0,1,router_latency_spike,0.0
1789892819.897417,Router,9999.0,0.0,21.1,0.0,-100.0,21.2,156.62,0.34,47.4,9996.48,21.23,-99.86,6.23,-2.78,0.0,1,router_latency_spike,0.0
1789892819.8997722,Router,9999.0,0.0,22.29,0.0,-99.8,22.5,156.62,0.54,50.26,9997.67,21.18,-99.9,5.93,-0.29,-0.2,1,router_latency_spike,0.0
1789892819.9024072,Router,9999.0,0.0,21.84,0.0,-100.0,25.7,156.62,0.44,52.46,9999.0,21.27,-99.9,6.66,0.47,0.0,1,router_latency_spike,0.0
1789892819.9050155,Router,9999.0,0.0,22.69,0.0,-100.0,22.0,156.62,0.3,55.16,9999.0,21.62,-99.94,0.0,1.77,-0.2,1,router_latency_spike,0.0
1789892819.9077306,Router,9999.0,0.0,23.55,0.0,-100.0,20.7,156.62,0.24,50.32,9999.0,22.29,-99.96,0.0,3.35,-0.1,1,router_latency_spike,0.0
1789892819.9103296,Router,9999.0,0.0,24.5,0.0,-100.0,24.5,156.62,0.18,55.65,9999.0,22.97,-99.96,0.0,3.4,0.0,1,router_latency_spike,0.0
1789892819.9134657,Router,9999.0,12.5,25.24,0.0,-99.8,22.9,156.62,0.38,50.51,9999.0,23.56,-99.96,0.0,2.95,0.0,1,router_latency_spike,0.0
1789892819.9164019,Router,9999.0,12.5,25.9,0.0,-99.7,24.8,156.62,0.5,55.55,9999.0,24.38,-99.9,0.0,4.06,0.3,1,router_latency_spike,0.0
1789892819.9190319,Router,9999.0,12.5,25.56,0.0,-99.7,27.7,156.62,0.41,51.98,9999.0,24.95,-99.84,0.0,2.87,0.3,1,router_latency_spike,0.0
1789892819.921605,Router,9999.0,25.0,26.53,0.0,-99.4,27.2,156.62,0.63,56.62,9999.0,25.55,-99.72,0.0,2.98,0.6,1,router_latency_spike,0.0
1789892819.9242413,Router,9999.0,25.0,25.84,0.0,-99.1,26.1,156.62,0.51,60.65,9999.0,25.81,-99.54,0.0,1.34,0.9,1,router_latency_spike,0.0
1789892819.927052,Router,9999.0,25.0,25.82,0.0,-99.3,22.5,156.62,0.61,59.17,9999.0,25.93,-99.44,0.0,0.58,0.5,1,router_latency_spike,0.0
1789892819.929683,Router,9999.0,25.0,25.44,0.0,-99.4,24.2,156.62,0.48,62.16,9999.0,25.84,-99.38,0.0,-0.46,0.3,1,,0.0
1789892819.9322565,Router,9998.64,25.0,25.22,0.0,-99.4,24.6,156.62,0.42,56.24,9998.93,25.77,-99.32,-0.36,-0.34,0.3,1,none,1.0
1789892819.9346797,Router,9998.55,12.5,24.56,0.0,-99.1,26.0,156.62,0.27,54.0,9998.84,25.38,-99.26,-0.45,-1.97,0.3,1,none,0.83
1789892819.9376009,Router,9998.14,12.5,23.68,0.0,-99.4,25.0,156.62,0.26,57.95,9998.67,24.94,-99.32,-0.86,-2.16,-0.3,1,none,0.67
1789892819.9400609,Router,9997.79,12.5,23.98,0.0,-99.6,26.7,156.62,0.46,60.38,9998.42,24.58,-99.38,-1.21,-1.84,-0.3,1,none,0.5
1789892819.9425585,Router,9997.49,0.0,24.92,0.0,-99.2,22.9,156.62,0.61,58.17,9998.12,24.47,-99.34,-1.51,-0.52,0.2,1,none,0.33
1789892819.9447773,Router,9997.38,0.0,25.41,0.0,-99.0,24.4,156.62,0.45,56.69,9997.87,24.51,-99.26,-1.26,0.19,0.4,1,none,0.2
1789892819.9473603,Router,9997.08,0.0,26.16,0.0,-98.8,23.9,156.62,0.6,61.26,9997.58,24.83,-99.2,-1.47,1.6,0.3,1,none,0.2
1789892819.9499676,Router,9996.77,0.0,26.25,0.0,-98.7,21.8,156.62,0.71,65.37,9997.3,25.34,-99.06,-1.37,2.57,0.7,0,none,10.0
1789892819.9526455,Router,9996.26,0.0,25.97,0.0,-98.8,24.8,156.62,0.47,70.66,9997.0,25.74,-98.9,-1.53,1.99,0.8,0,none,10.0
1789892819.9552336,Router,9996.07,0.0,25.21,0.0,-98.8,22.4,156.62,0.29,70.66,9996.71,25.8,-98.82,-1.42,0.29,0.4,0,none,10.0
1789892819.9577887,Router,9995.45,0.0,26.3,0.0,-99.2,21.7,156.62,0.21,72.44,9996.33,25.98,-98.86,-1.93,0.89,-0.2,0,none,10.0
1789892819.9599838,Router,9995.3,0.0,27.67,0.0,-99.1,19.1,156.62,0.21,73.43,9995.97,26.28,-98.92,-1.78,1.51,-0.3,0,none,10.0
1789892819.9625604,Router,9994.74,0.0,27.45,0.0,-98.7,22.0,156.62,0.25,76.26,9995.56,26.52,-98.92,-2.03,1.2,0.0,0,none,10.0
1789892819.9651456,Router,9994.35,0.0,27.43,0.0,-98.8,19.6,156.62,0.55,71.58,9995.18,26.81,-98.92,-1.91,1.46,0.0,0,none,10.0
1789892819.967783,Router,9994.68,0.0,27.78,0.0,-99.1,22.2,156.62,0.61,66.13,9994.9,27.33,-98.98,-1.39,2.57,-0.3,0,none,10.0
1789892819.9702659,Router,9994.99,0.0,26.69,0.0,-99.5,18.7,156.62,0.6,67.82,9994.81,27.4,-99.04,-0.46,0.39,-0.3,0,none,10.0
1789892819.972863,Router,9995.33,0.0,25.37,0.0,-99.5,22.3,156.62,0.47,69.17,9994.82,26.94,-99.12,0.03,-2.3,-0.4,0,none,10.0
1789892819.9753973,Router,9995.53,0.0,26.56,0.0,-99.8,22.1,156.62,0.52,72.59,9994.98,26.77,-99.34,0.79,-0.89,-1.1,0,none,10.0
1789892819.9779325,Router,9995.27,0.0,27.16,0.0,-99.7,21.0,156.62,0.35,74.06,9995.16,26.71,-99.52,0.92,-0.27,-0.9,0,none,10.0
1789892819.9804678,Router,9994.73,0.0,25.93,0.0,-99.8,20.6,156.62,0.24,76.4,9995.17,26.34,-99.66,0.05,-1.85,-0.7,0,none,10.0
1789892819.983003,Router,9995.49,0.0,26.48,0.0,-100.0,23.2,156.62,0.48,73.16,9995.27,26.3,-99.76,0.5,-0.21,-0.5,0,none,10.0
1789892819.985538,Router,9995.16,0.0,26.12,0.0,-100.0,25.3,156.62,0.49,68.13,9995.24,26.45,-99.86,-0.17,0.75,-0.5,0,none,10.0
1789892819.9880729,Router,9995.43,0.0,26.31,0.0,-100.0,25.7,156.62,0.41,65.3,9995.22,26.4,-99.9,-0.1,-0.25,-0.2,0,none,10.0
1789892819.9906068,Router,9995.15,0.0,26.98,0.0,-100.0,24.4,156.62,0.62,61.04,9995.19,26.36,-99.96,-0.12,-0.18,-0.3,0,none,10.0
1789892819.9931424,Router,9995.59,0.0,25.76,0.0,-100.0,23.5,156.62,0.76,64.16,9995.36,26.33,-100.0,0.86,-0.17,-0.2,0,none,10.0
1789892819.995677,Router,9995.7,0.0,25.22,0.0,-99.9,20.8,156.62,0.59,60.79,9995.41,26.08,-99.98,0.21,-1.26,0.1,0,none,10.0
1789892819.9982123,Router,9996.22,0.0,24.59,0.0,-100.0,24.0,156.62,0.41,59.95,9995.62,25.77,-99.98,1.06,-1.53,0.0,0,none,10.0
1789892820.0007477,Router,9996.91,0.0,25.0,0.0,-100.0,20.2,156.62,0.27,63.73,9995.91,25.51,-99.98,1.48,-1.31,0.0,0,none,10.0
1789892820.0032644,Router,9996.26,0.0,24.81,0.0,-100.0,19.6,156.62,0.37,65.85,9996.14,25.08,-99.98,1.11,-2.17,0.0,0,none,10.0
1789892820.0073056,Router,9996.43,0.0,24.45,0.0,-100.0,16.2,156.62,0.51,68.64,9996.3,24.81,-99.98,0.84,-1.31,0.0,0,none,10.0
1789892820.0118346,Router,9996.25,0.0,24.87,0.0,-100.0,17.5,156.62,0.42,70.19,9996.41,24.74,-100.0,0.55,-0.35,-0.1,0,none,10.0
1789892820.0144343,Router,9996.51,0.0,25.96,0.0,-99.7,21.1,156.62,0.51,67.84,9996.47,25.02,-99.94,0.29,1.37,0.3,0,none,10.0
1789892820.0169458,Router,9997.03,0.0,25.11,0.0,-100.0,22.4,156.62,0.44,62.09,9996.5,25.04,-99.94,0.12,0.11,0.0,0,none,10.0
1789892820.0194583,Router,9997.04,0.0,25.81,0.0,-99.8,23.7,156.62,0.4,62.64,9996.65,25.24,-99.9,0.78,1.0,0.2,0,none,10.0
1789892820.021982,Router,9996.48,0.0,26.11,0.0,-99.6,21.9,156.62,0.6,64.65,9996.66,25.57,-99.82,0.05,1.66,0.4,0,none,10.0
1789892820.0244963,Router,9995.99,0.0,24.84,0.0,-99.9,20.1,156.62,0.7,61.6,9996.61,25.57,-99.8,-0.26,-0.03,0.1,0,none,10.0
1789892820.027011,Router,9995.62,0.0,25.45,0.0,-99.8,18.6,156.62,0.61,57.41,9996.43,25.46,-99.82,-0.89,-0.51,-0.1,0,none,10.0
1789892820.0292659,Router,9996.01,0.0,25.67,0.0,-99.8,22.4,156.62,0.42,60.0,9996.23,25.58,-99.78,-1.02,0.56,0.2,0,none,10.0
1789892820.0318532,Router,9996.2,0.0,25.37,0.0,-99.9,21.6,156.62,0.62,54.61,9996.06,25.49,-99.8,-0.84,-0.44,-0.1,0,none,10.0
1789892820.0343804,Router,9996.51,0.0,25.44,0.0,-99.6,25.5,156.62,0.69,54.78,9996.07,25.35,-99.8,0.03,-0.67,0.0,0,none,10.0
1789892820.0365798,Router,9996.37,0.0,25.81,0.0,-99.3,29.2,156.62,0.69,49.19,9996.14,25.55,-99.68,0.38,0.97,0.6,0,none,10.0
1789892820.03884,Router,9995.84,0.0,26.81,0.0,-99.5,31.2,156.62,0.46,52.88,9996.19,25.82,-99.62,0.22,1.36,0.3,0,none,10.0
1789892820.0414178,Router,9996.27,0.0,27.91,0.0,-99.3,28.2,156.62,0.36,47.25,9996.24,26.27,-99.52,0.26,2.24,0.5,0,none,10.0
1789892820.0440323,Router,9995.59,0.0,29.04,0.0,-99.7,24.5,156.62,0.33,43.88,9996.12,27.0,-99.48,-0.61,3.67,0.2,0,none,10.0
1789892820.0467677,Router,9995.24,0.0,29.87,0.0,-99.4,24.8,156.62,0.42,47.96,9995.86,27.89,-99.44,-1.27,4.43,0.2,0,none,10.0
1789892820.0495367,Router,9995.47,0.0,29.1,0.0,-99.8,26.8,156.62,0.26,49.68,9995.68,28.55,-99.54,-0.9,3.29,-0.5,0,none,10.0
1789892820.0521333,Router,9995.61,0.0,30.14,0.0,-99.9,26.9,156.62,0.19,44.24,9995.64,29.21,-99.62,-0.23,3.33,-0.4,0,none,10.0
1789892820.0547094,Router,9995.33,0.0,29.91,0.0,-99.6,30.5,156.62,0.28,41.44,9995.45,29.61,-99.68,-0.94,2.0,-0.3,0,none,10.0
1789892820.0573435,Router,9995.17,0.0,30.6,0.0,-99.9,26.8,156.62,0.53,37.9,9995.36,29.92,-99.72,-0.42,1.56,-0.2,0,none,10.0
1789892820.059946,Router,9994.87,0.0,31.87,0.0,-99.6,22.9,156.62,0.53,34.53,9995.29,30.32,-99.76,-0.37,2.0,-0.2,0,none,10.0
1789892820.0627162,Router,9999.0,12.5,31.85,0.0,-99.8,19.2,156.62,0.6,40.02,9996.0,30.87,-99.76,3.53,2.75,0.0,1,router_packet_loss,0.0
1789892820.0652928,Router,9999.0,12.5,32.88,0.0,-99.8,20.9,156.62,0.62,37.45,9996.67,31.42,-99.74,3.39,2.74,0.1,1,router_packet_loss,0.0
1789892820.0680802,Router,9999.0,12.5,31.43,0.0,-99.6,24.8,156.62,0.55,41.33,9997.41,31.73,-99.74,3.67,1.52,0.0,1,router_packet_loss,0.0
1789892820.0708354,Router,9999.0,25.0,30.41,0.0,-99.8,26.1,156.62,0.7,37.15,9998.17,31.69,-99.72,3.83,-0.19,0.1,1,router_packet_loss,0.0
1789892820.0738723,Router,9999.0,37.5,31.33,0.0,-100.0,23.8,156.62,0.61,38.58,9999.0,31.58,-99.8,4.13,-0.54,-0.4,1,router_packet_loss,0.0
1789892820.0769079,Router,9999.0,50.0,30.67,0.0,-100.0,27.4,156.62,0.43,42.24,9999.0,31.34,-99.84,0.0,-1.18,-0.2,1,router_packet_loss,0.0
1789892820.0797346,Router,9999.0,50.0,29.91,0.0,-99.7,25.6,156.62,0.62,42.13,9999.0,30.75,-99.82,0.0,-2.97,0.1,1,router_packet_loss,0.0
1789892820.0827668,Router,9999.0,62.5,30.42,0.0,-99.7,26.2,156.62,0.64,45.69,9999.0,30.55,-99.84,0.0,-1.01,-0.1,1,router_packet_loss,0.0
1789892820.0851507,Router,9999.0,50.0,31.64,0.0,-99.5,29.6,156.62,0.54,47.82,9999.0,30.79,-99.78,0.0,1.23,0.3,1,router_packet_loss,0.0
1789892820.087868,Router,9999.0,62.5,31.78,0.0,-99.4,26.7,156.62,0.66,51.33,9999.0,30.88,-99.66,0.0,0.45,0.6,1,router_packet_loss,0.0
1789892820.090336,Router,9999.0,62.5,32.43,0.0,-99.2,29.1,156.62,0.63,45.76,9999.0,31.24,-99.5,0.0,1.76,0.8,1,router_packet_loss,0.0
1789892820.0932992,Router,9999.0,62.5,33.28,0.0,-98.9,28.5,156.62,0.7,51.08,9999.0,31.91,-99.34,0.0,3.37,0.8,1,router_packet_loss,0.0
1789892820.0956862,Router,9999.0,50.0,34.35,0.0,-99.2,32.0,156.62,0.55,49.67,9999.0,32.7,-99.24,0.0,3.93,0.5,1,router_packet_loss,0.0
1789892820.098271,Router,9999.0,50.0,34.44,0.0,-99.4,29.1,156.62,0.66,48.82,9999.0,33.26,-99.22,0.0,2.8,0.1,1,router_packet_loss,0.0
1789892820.1005185,Router,9999.0,62.5,33.82,0.0,-99.2,27.1,156.62,0.74,50.33,9999.0,33.66,-99.18,0.0,2.04,0.2,1,router_packet_loss,0.0
1789892820.1029265,Router,9999.0,50.0,34.65,0.0,-99.4,25.9,156.62,0.46,50.54,9999.0,34.11,-99.22,0.0,2.22,-0.2,1,,0.0
1789892820.1056013,Router,9999.0,50.0,35.14,0.0,-99.1,28.9,156.62,0.56,48.77,9999.0,34.48,-99.26,0.0,1.86,-0.2,1,none,0.83
1789892820.1081564,Router,9999.0,37.5,33.74,0.0,-98.8,27.3,156.62,0.46,50.38,9999.0,34.36,-99.18,0.0,-0.61,0.4,1,none,0.67
1789892820.110743,Router,9999.0,37.5,34.08,0.0,-98.9,27.4,156.62,0.61,55.53,9999.0,34.29,-99.08,0.0,-0.36,0.5,1,none,0.5
1789892820.1138666,Router,9998.56,25.0,33.22,0.0,-98.7,29.9,156.62,0.46,59.07,9998.91,34.17,-98.98,-0.44,-0.6,0.5,1,none,0.33
1789892820.116658,Router,9997.82,25.0,34.53,0.0,-99.0,32.9,156.62,0.59,63.45,9998.68,34.14,-98.9,-1.18,-0.12,0.4,1,none,0.2
1789892820.1191735,Router,9998.27,12.5,35.57,0.0,-99.1,30.3,156.62,0.42,69.04,9998.53,34.23,-98.9,-0.73,0.43,0.0,1,none,0.2
1789892820.1215541,Router,9997.96,0.0,35.11,0.0,-99.0,31.7,156.62,0.64,64.39,9998.32,34.5,-98.94,-1.04,1.37,-0.2,0,none,10.0
1789892820.1245134,Router,9997.2,0.0,34.82,0.0,-98.8,33.9,156.62,0.58,58.6,9997.96,34.65,-98.92,-1.8,0.74,0.1,0,none,10.0
1789892820.1273139,Router,9997.32,0.0,34.74,0.0,-98.8,30.3,156.62,0.46,58.51,9997.71,34.95,-98.94,-1.24,1.52,-0.1,0,none,10.0
1789892820.1297965,Router,9997.01,0.0,36.13,0.0,-98.9,30.7,156.62,0.48,64.06,9997.55,35.27,-98.92,-0.81,1.6,0.1,0,none,10.0
1789892820.1323757,Router,9997.36,0.0,34.89,0.0,-99.2,26.7,156.62,0.46,67.53,9997.37,35.14,-98.94,-0.91,-0.68,-0.1,0,none,10.0
1789892820.1349928,Router,9996.65,0.0,35.56,0.0,-99.0,26.1,156.62,0.46,70.97,9997.11,35.23,-98.94,-1.31,0.45,0.0,0,none,10.0
1789892820.1376104,Router,9997.38,0.0,34.63,0.0,-99.2,26.8,156.62,0.48,67.48,9997.14,35.19,-99.02,0.18,-0.19,-0.4,0,none,10.0
1789892820.1402068,Router,9999.0,0.0,34.37,0.0,-99.2,28.1,156.62,0.36,71.16,9997.48,35.12,-99.1,1.68,-0.37,-0.4,1,router_latency_spike,0.0
1789892820.1430154,Router,9999.0,12.5,35.21,0.0,-99.2,25.4,156.62,0.39,70.55,9997.88,34.93,-99.16,1.99,-0.92,-0.3,1,router_latency_spike,0.0
1789892820.1453476,Router,9999.0,12.5,33.9,0.0,-99.4,23.2,156.62,0.5,71.83,9998.21,34.73,-99.2,1.64,-0.99,-0.2,1,router_latency_spike,0.0
1789892820.1479523,Router,9999.0,12.5,33.75,0.0,-99.6,26.8,156.62,0.57,71.22,9998.68,34.37,-99.32,2.35,-1.81,-0.6,1,router_latency_spike,0.0
1789892820.1510017,Router,9999.0,25.0,32.36,0.0,-99.4,22.9,156.62,0.44,70.39,9999.0,33.92,-99.36,1.62,-2.27,-0.2,1,router_latency_spike,0.0
1789892820.1541562,Router,9999.0,25.0,32.94,0.0,-99.7,26.7,156.62,0.36,64.45,9999.0,33.63,-99.46,0.0,-1.43,-0.5,1,router_latency_spike,0.0
1789892820.1571798,Router,9999.0,25.0,33.44,0.0,-99.4,23.7,156.62,0.3,65.26,9999.0,33.28,-99.5,0.0,-1.77,-0.2,1,router_latency_spike,0.0
1789892820.1598647,Router,9999.0,37.5,34.6,0.0,-99.0,27.5,156.62,0.51,67.62,9999.0,33.42,-99.42,0.0,0.7,0.4,1,router_latency_spike,0.0
1789892820.1628366,Router,9999.0,50.0,33.98,0.0,-99.1,25.2,156.62,0.32,71.54,9999.0,33.46,-99.32,0.0,0.23,0.5,1,router_latency_spike,0.0
1789892820.1654813,Router,9999.0,37.5,34.54,0.0,-98.9,24.5,156.62,0.28,74.76,9999.0,33.9,-99.22,0.0,2.18,0.5,1,,0.0
1789892820.1679986,Router,9999.0,37.5,34.26,0.0,-99.2,28.2,156.62,0.18,70.43,9999.0,34.16,-99.12,0.0,1.32,0.5,1,none,0.83
1789892820.1710389,Router,9998.34,37.5,35.67,0.0,-99.6,31.7,156.62,0.27,69.11,9998.87,34.61,-99.16,-0.66,2.23,-0.2,1,none,0.67
1789892820.1736104,Router,9999.0,25.0,34.53,0.0,-99.8,34.1,156.62,0.55,69.01,9998.87,34.6,-99.32,0.0,-0.07,-0.8,1,none,0.5
1789892820.1761692,Router,9999.0,25.0,33.91,0.0,-99.8,31.5,156.62,0.5,72.25,9998.87,34.58,-99.46,0.0,-0.07,-0.7,1,none,0.33
1789892820.1784482,Router,9998.88,25.0,34.6,0.0,-99.8,29.2,156.62,0.32,75.96,9998.84,34.59,-99.64,-0.12,0.06,-0.9,1,none,0.2
1789892820.1815548,Router,9998.73,12.5,33.67,0.0,-100.0,26.1,156.62,0.2,80.8,9998.79,34.48,-99.8,-0.27,-0.59,-0.8,1,none,0.2
1789892820.184444,Router,9998.8,0.0,33.34,0.0,-100.0,23.9,156.62,0.48,82.47,9998.88,34.01,-99.88,0.46,-2.33,-0.4,0,none,10.0
1789892820.187008,Router,9998.99,0.0,33.27,0.0,-99.7,22.1,156.62,0.44,80.61,9998.88,33.76,-99.86,-0.01,-1.26,0.1,0,none,10.0
1789892820.189579,Router,9998.82,0.0,33.22,0.0,-99.4,24.0,156.62,0.31,76.14,9998.84,33.62,-99.78,-0.18,-0.69,0.4,0,none,10.0
1789892820.1931863,Router,9999.0,0.0,32.99,0.0,-99.3,25.6,156.62,0.52,72.19,9998.87,33.3,-99.68,0.12,-1.61,0.5,0,none,10.0
1789892820.195653,Router,9998.52,0.0,34.27,0.0,-99.1,22.4,156.62,0.62,67.24,9998.83,33.42,-99.5,-0.21,0.6,0.9,0,none,10.0
1789892820.1982324,Router,9999.0,0.0,34.58,0.0,-99.2,22.1,156.62,0.48,65.31,9998.87,33.67,-99.34,0.2,1.24,0.8,0,none,10.0
1789892820.2009063,Router,9999.0,0.0,33.93,0.0,-99.3,23.7,156.62,0.29,67.75,9998.87,33.8,-99.26,0.01,0.66,0.4,0,none,10.0
1789892820.203507,Router,9999.0,0.0,33.89,0.0,-99.4,20.7,156.62,0.3,71.34,9998.9,33.93,-99.26,0.18,0.67,0.0,0,none,10.0
1789892820.2062864,Router,9998.55,0.0,33.2,0.0,-99.6,19.8,156.62,0.49,75.72,9998.81,33.97,-99.32,-0.45,0.21,-0.3,0,none,10.0
1789892820.2087245,Router,9999.0,0.0,34.45,0.0,-99.7,20.0,156.62,0.45,77.08,9998.91,34.01,-99.44,0.48,0.18,-0.6,0,none,10.0
1789892820.2113242,Router,9999.0,0.0,35.47,0.0,-99.8,20.2,156.62,0.42,72.09,9998.91,34.19,-99.56,0.0,0.89,-0.6,0,none,10.0
1789892820.2141774,Router,9999.0,0.0,36.7,0.0,-99.9,20.7,156.62,0.59,73.68,9998.91,34.74,-99.68,0.0,2.77,-0.6,0,none,10.0
1789892820.2167711,Router,9998.94,0.0,36.92,0.0,-100.0,19.9,156.62,0.7,78.11,9998.9,35.35,-99.8,-0.06,3.03,-0.6,0,none,10.0
1789892820.2195349,Router,9999.0,0.0,36.9,0.0,-99.8,18.9,156.62,0.53,80.41,9998.99,36.09,-99.84,0.45,3.7,-0.2,0,none,10.0
1789892820.2221165,Router,9999.0,0.0,36.26,0.0,-99.7,19.8,156.62,0.45,82.45,9998.99,36.45,-99.84,0.0,1.81,0.0,0,none,10.0
1789892820.2246695,Router,9998.53,0.0,35.86,0.0,-100.0,19.2,156.62,0.52,85.34,9998.89,36.53,-99.88,-0.47,0.39,-0.2,0,none,10.0
1789892820.2272618,Router,9998.59,0.0,34.91,0.0,-99.7,20.3,156.62,0.5,90.82,9998.81,36.17,-99.84,-0.41,-1.79,0.2,0,none,10.0
1789892820.2298589,Router,9998.75,0.0,34.97,0.0,-99.5,17.5,156.62,0.63,92.09,9998.77,35.78,-99.74,-0.19,-1.95,0.5,0,none,10.0
1789892820.2325656,Router,9999.0,0.0,34.21,0.0,-99.3,17.4,156.62,0.49,91.86,9998.77,35.24,-99.64,0.0,-2.69,0.5,0,none,10.0
1789892820.2352176,Router,9998.4,0.0,34.24,0.0,-99.4,20.1,156.62,0.44,92.37,9998.65,34.84,-99.58,-0.6,-2.02,0.3,0,none,10.0
1789892820.2382138,Router,9998.58,0.0,34.67,0.0,-99.5,21.1,156.62,0.42,93.12,9998.66,34.6,-99.48,0.05,-1.19,0.5,0,none,10.0
1789892820.2408347,Router,9999.0,0.0,35.44,0.0,-99.5,24.1,156.62,0.56,98.22,9998.75,34.71,-99.44,0.41,0.53,0.2,0,none,10.0
1789892820.243583,Router,9998.91,0.0,35.23,0.0,-99.2,22.3,156.62,0.36,94.13,9998.78,34.76,-99.38,0.16,0.26,0.3,0,none,10.0
1789892820.2462132,Router,9998.61,0.0,36.47,0.0,-99.6,21.0,156.62,0.29,97.25,9998.7,35.21,-99.44,-0.39,2.26,-0.3,0,none,10.0
1789892820.248816,Router,9998.35,0.0,37.71,0.0,-99.8,18.2,156.62,0.37,93.7,9998.69,35.9,-99.52,-0.05,3.47,-0.4,0,none,10.0
1789892820.2514143,Router,9997.81,0.0,38.74,0.0,-99.5,20.7,156.62,0.56,99.22,9998.54,36.72,-99.52,-0.77,4.07,0.0,0,none,10.0
1789892820.2543921,Router,9998.26,0.0,39.37,0.0,-99.3,24.4,156.62,0.35,95.0,9998.39,37.5,-99.48,-0.74,3.93,0.2,0,none,10.0
1789892820.256998,Router,9997.5,0.0,38.9,0.0,-99.2,26.7,156.62,0.57,91.77,9998.11,38.24,-99.48,-1.41,3.67,0.0,0,none,10.0
1789892820.259602,Router,9997.41,0.0,38.77,0.0,-99.5,23.8,156.62,0.64,95.6,9997.87,38.7,-99.46,-1.2,2.3,0.1,0,none,10.0
1789892820.2622297,Router,9997.32,0.0,40.16,0.0,-99.5,27.3,156.62,0.61,99.44,9997.66,39.19,-99.4,-1.03,2.45,0.3,0,none,10.0
1789892820.2648458,Router,9997.29,0.0,39.44,0.0,-99.9,26.2,156.62,0.66,95.16,9997.56,39.33,-99.48,-0.52,0.7,-0.4,0,none,10.0
1789892820.267634,Router,9997.59,0.0,38.48,0.0,-100.0,26.0,156.62,0.51,96.5,9997.42,39.15,-99.62,-0.67,-0.89,-0.7,0,none,10.0
1789892820.2706335,Router,9998.3,0.0,38.24,0.0,-100.0,23.9,156.62,0.64,99.84,9997.58,39.02,-99.78,0.8,-0.66,-0.8,0,none,10.0
1789892820.2735484,Router,9999.0,0.0,39.53,0.0,-100.0,27.4,156.62,0.68,101.04,9997.9,39.17,-99.88,1.59,0.76,-0.5,0,none,10.0
1789892820.2765589,Router,9998.47,0.0,38.48,0.0,-100.0,30.2,156.62,0.76,100.6,9998.13,38.83,-99.98,1.15,-1.68,-0.5,0,none,10.0
1789892820.2793217,Router,9998.0,0.0,38.32,0.0,-100.0,32.2,156.62,0.55,103.95,9998.27,38.61,-100.0,0.71,-1.12,-0.1,0,none,10.0
1789892820.282342,Router,9997.55,0.0,39.1,0.0,-100.0,30.3,156.62,0.43,104.81,9998.26,38.73,-100.0,-0.04,0.62,0.0,0,none,10.0
1789892820.28489,Router,9997.83,0.0,39.0,0.0,-99.9,31.5,156.62,0.64,100.67,9998.17,38.89,-99.98,-0.47,0.76,0.1,0,none,10.0
1789892820.2870414,Router,9997.39,0.0,39.52,0.0,-100.0,27.6,156.62,0.64,97.15,9997.85,38.88,-99.98,-1.61,-0.01,0.0,0,none,10.0
1789892820.289633,Router,9997.91,0.0,41.01,0.0,-100.0,29.2,156.62,0.43,101.69,9997.74,39.39,-99.98,-0.56,2.53,0.0,0,none,10.0
1789892820.2923057,Router,9997.86,0.0,40.25,0.0,-100.0,26.0,156.62,0.6,95.91,9997.71,39.78,-99.98,-0.14,1.93,0.0,0,none,10.0
1789892820.2949166,Router,9998.12,0.0,41.24,0.0,-100.0,29.6,156.62,0.6,93.28,9997.82,40.2,-99.98,0.57,2.14,0.0,0,none,10.0
1789892820.2975435,Router,9997.93,0.0,40.93,0.0,-99.7,29.0,156.62,0.46,97.7,9997.84,40.59,-99.94,0.1,1.93,0.2,0,none,10.0
1789892820.3003752,Router,9998.45,0.0,40.8,0.0,-99.3,31.7,156.62,0.48,99.58,9998.05,40.85,-99.8,1.06,1.28,0.7,0,none,10.0
1789892820.3026772,Router,9998.39,0.0,39.35,0.0,-99.6,33.1,156.62,0.64,99.0,9998.15,40.51,-99.72,0.48,-1.66,0.4,0,none,10.0
1789892820.3051305,Router,9999.0,0.0,38.13,0.0,-99.6,36.5,156.62,0.53,93.9,9998.38,40.09,-99.64,1.14,-2.12,0.4,1,router_latency_spike,0.0
1789892820.307693,Router,9999.0,0.0,36.97,0.0,-99.6,38.6,156.62,0.53,95.88,9998.55,39.24,-99.56,0.88,-4.27,0.4,1,router_latency_spike,0.0
1789892820.3104463,Router,9999.0,0.0,36.5,0.0,-99.2,36.4,156.62,0.43,100.21,9998.77,38.35,-99.46,1.07,-4.43,0.5,1,router_latency_spike,0.0
1789892820.3128252,Router,9999.0,0.0,35.91,0.0,-99.0,36.1,156.62,0.28,101.69,9998.88,37.37,-99.4,0.55,-4.89,0.3,1,router_latency_spike,0.0
1789892820.3154883,Router,9999.0,12.5,36.72,0.0,-98.9,33.3,156.62,0.22,97.85,9999.0,36.85,-99.26,0.61,-2.63,0.7,1,router_latency_spike,0.0
1789892820.3180614,Router,9999.0,25.0,35.47,0.0,-98.7,34.1,156.62,0.21,100.17,9999.0,36.31,-99.08,0.0,-2.66,0.9,1,router_latency_spike,0.0
1789892820.3205714,Router,9999.0,25.0,36.44,0.0,-99.0,31.3,156.62,0.33,105.68,9999.0,36.21,-98.96,0.0,-0.53,0.6,1,router_latency_spike,0.0
1789892820.3231666,Router,9999.0,25.0,37.57,0.0,-99.1,27.7,156.62,0.48,104.76,9999.0,36.42,-98.94,0.0,1.07,0.1,1,router_latency_spike,0.0
1789892820.326026,Router,9999.0,25.0,37.77,0.0,-99.0,28.7,156.62,0.58,103.1,9999.0,36.79,-98.94,0.0,1.86,0.0,1,router_latency_spike,0.0
1789892820.3284736,Router,9999.0,37.5,38.27,0.0,-99.2,25.9,156.62,0.39,98.95,9999.0,37.1,-99.0,0.0,1.55,-0.3,1,router_latency_spike,0.0
1789892820.3308265,Router,9999.0,37.5,37.09,0.0,-99.1,26.9,156.62,0.25,104.91,9999.0,37.43,-99.08,0.0,1.62,-0.4,1,router_latency_spike,0.0
1789892820.3340688,Router,9999.0,37.5,35.8,0.0,-99.4,23.9,156.62,0.18,107.19,9999.0,37.3,-99.16,0.0,-0.64,-0.4,1,router_latency_spike,0.0
1789892820.3368866,Router,9999.0,37.5,36.41,0.0,-99.5,25.1,156.62,0.37,102.56,9999.0,37.07,-99.24,0.0,-1.16,-0.4,1,router_latency_spike,0.0
1789892820.3397648,Router,9999.0,25.0,37.1,0.0,-99.8,27.3,156.62,0.57,101.78,9999.0,36.93,-99.4,0.0,-0.67,-0.8,1,,0.0
1789892820.342571,Router,9999.0,25.0,36.62,0.0,-100.0,27.7,156.62,0.69,106.51,9999.0,36.6,-99.56,0.0,-1.65,-0.8,0,none,10.0
1789892820.3453608,Router,9998.41,25.0,37.61,0.0,-100.0,31.2,156.62,0.44,103.62,9998.88,36.71,-99.74,-0.59,0.52,-0.9,0,none,10.0
1789892820.3481197,Router,9998.04,25.0,38.77,0.0,-100.0,28.9,156.62,0.37,102.99,9998.69,37.3,-99.86,-0.96,2.97,-0.6,0,none,10.0
1789892820.3504677,Router,9997.4,12.5,38.01,0.0,-100.0,26.9,156.62,0.36,105.52,9998.37,37.62,-99.96,-1.6,1.6,-0.5,0,none,10.0
1789892820.353068,Router,9997.97,12.5,39.07,0.0,-99.7,24.6,156.62,0.29,104.91,9998.16,38.02,-99.94,-1.03,1.97,0.1,0,none,10.0
1789892820.3556755,Router,9997.62,12.5,39.37,0.0,-100.0,20.9,156.62,0.35,105.47,9997.89,38.57,-99.94,-1.38,2.75,0.0,0,none,10.0
1789892820.3582854,Router,9996.89,0.0,39.17,0.0,-100.0,24.6,156.62,0.26,99.74,9997.58,38.88,-99.94,-1.52,1.56,0.0,0,none,10.0
1789892820.3609152,Router,9996.91,0.0,37.78,0.0,-100.0,24.9,156.62,0.46,99.89,9997.36,38.68,-99.94,-1.13,-0.99,0.0,0,none,10.0
1789892820.363501,Router,9996.14,0.0,36.95,0.0,-100.0,27.8,156.62,0.35,104.3,9997.11,38.47,-99.94,-1.26,-1.06,0.0,0,none,10.0
1789892820.3660648,Router,9996.9,0.0,36.2,0.0,-100.0,26.4,156.62,0.54,101.85,9996.89,37.89,-100.0,-1.07,-2.87,-0.3,0,none,10.0
1789892820.3686044,Router,9997.65,0.0,35.66,0.0,-100.0,24.8,156.62,0.64,103.52,9996.9,37.15,-100.0,0.03,-3.71,0.0,0,none,10.0
1789892820.3711467,Router,9997.39,0.0,36.82,0.0,-99.7,20.9,156.62,0.72,105.84,9997.0,36.68,-99.94,0.5,-2.35,0.3,0,none,10.0
1789892820.3737657,Router,9998.05,0.0,36.25,0.0,-99.6,21.0,156.62,0.52,107.09,9997.23,36.38,-99.86,1.14,-1.53,0.4,0,none,10.0
1789892820.3763726,Router,9998.33,0.0,35.84,0.0,-99.6,18.2,156.62,0.66,103.68,9997.66,36.15,-99.78,2.19,-1.11,0.4,0,none,10.0
1789892820.3791509,Router,9997.76,0.0,34.45,0.0,-99.6,18.1,156.62,0.78,105.74,9997.84,35.8,-99.7,0.86,-1.75,0.4,0,none,10.0
1789892820.3816447,Router,9998.25,0.0,34.33,0.0,-99.5,18.8,156.62,0.6,108.11,9997.96,35.54,-99.6,0.6,-1.33,0.5,0,none,10.0
1789892820.3843856,Router,9997.8,0.0,34.82,0.0,-99.4,22.5,156.62,0.75,110.07,9998.04,35.14,-99.54,0.41,-2.0,0.3,0,none,10.0
1789892820.3871176,Router,9998.54,0.0,34.19,0.0,-99.7,26.3,156.62,0.81,109.92,9998.14,34.73,-99.56,0.49,-2.06,-0.1,0,none,10.0
1789892820.389744,Router,9998.1,0.0,34.48,0.0,-99.8,29.1,156.62,0.65,114.32,9998.09,34.45,-99.6,-0.23,-1.36,-0.2,0,none,10.0
1789892820.3924315,Router,9997.88,0.0,33.08,0.0,-100.0,28.4,156.62,0.65,117.48,9998.11,34.18,-99.68,0.12,-1.37,-0.4,0,none,10.0
1789892820.395273,Router,9997.32,0.0,31.94,0.0,-100.0,24.5,156.62,0.44,116.49,9997.93,33.7,-99.78,-0.93,-2.39,-0.5,0,none,10.0
1789892820.398119,Router,9996.94,0.0,30.81,0.0,-100.0,27.7,156.62,0.39,117.88,9997.76,32.9,-99.9,-0.86,-4.01,-0.6,0,none,10.0
1789892820.4009244,Router,9996.8,0.0,30.63,0.0,-99.8,29.6,156.62,0.54,116.16,9997.41,32.19,-99.92,-1.74,-3.56,-0.1,0,none,10.0
1789892820.403798,Router,9996.75,0.0,30.27,0.0,-99.9,26.3,156.62,0.49,119.56,9997.14,31.35,-99.94,-1.35,-4.21,-0.1,0,none,10.0
1789892820.4066517,Router,9996.79,0.0,29.83,0.0,-100.0,26.8,156.62,0.32,122.12,9996.92,30.7,-99.94,-1.09,-3.25,0.0,0,none,10.0
1789892820.4095495,Router,9997.41,0.0,31.11,0.0,-100.0,25.8,156.62,0.47,125.45,9996.94,30.53,-99.94,0.09,-0.83,0.0,0,none,10.0
1789892820.4120767,Router,9997.19,0.0,31.17,0.0,-100.0,29.3,156.62,0.29,124.04,9996.99,30.6,-99.94,0.25,0.36,0.0,0,none,10.0
1789892820.414832,Router,9997.67,0.0,31.61,0.0,-100.0,25.9,156.62,0.31,126.04,9997.16,30.8,-99.98,0.87,0.98,-0.2,0,none,10.0
1789892820.4178658,Router,9996.92,0.0,32.95,0.0,-99.6,29.5,156.62,0.19,131.74,9997.2,31.33,-99.92,0.17,2.68,0.3,0,none,10.0
1789892820.4209003,Router,9996.32,0.0,31.79,0.0,-99.9,27.7,156.62,0.29,135.59,9997.1,31.73,-99.9,-0.47,1.96,0.1,0,none,10.0
1789892820.423941,Router,9996.21,0.0,31.14,0.0,-100.0,25.4,156.62,0.57,138.18,9996.86,31.73,-99.9,-1.2,0.03,0.0,0,none,10.0
1789892820.4267302,Router,9996.44,0.0,31.47,0.0,-100.0,25.6,156.62,0.74,139.49,9996.71,31.79,-99.9,-0.75,0.3,0.0,0,none,10.0
1789892820.4295092,Router,9996.84,0.0,30.3,0.0,-100.0,24.6,156.62,0.65,143.6,9996.55,31.53,-99.9,-0.83,-1.31,0.0,0,none,10.0
1789892820.4318533,Router,9996.08,0.0,29.8,0.0,-99.8,24.4,156.62,0.58,146.88,9996.38,30.9,-99.94,-0.84,-3.15,-0.2,0,none,10.0
1789892820.4344506,Router,9995.61,0.0,28.7,0.0,-99.8,23.2,156.62,0.58,149.05,9996.24,30.28,-99.92,-0.71,-3.09,0.1,0,none,10.0
1789892820.4372015,Router,9995.44,0.0,28.0,0.0,-99.9,22.4,156.62,0.62,153.94,9996.08,29.65,-99.9,-0.77,-3.14,0.1,0,none,10.0
1789892820.4398162,Router,9995.47,0.0,28.39,0.0,-100.0,18.8,156.62,0.54,152.12,9995.89,29.04,-99.9,-0.97,-3.08,0.0,0,none,10.0
1789892820.4427912,Router,9994.97,0.0,29.36,0.0,-100.0,16.1,156.62,0.64,153.29,9995.51,28.85,-99.9,-1.87,-0.94,0.0,0,none,10.0
1789892820.4453917,Router,9994.91,0.0,30.85,0.0,-99.9,19.1,156.62,0.75,148.22,9995.28,29.06,-99.92,-1.17,1.05,-0.1,0,none,10.0
1789892820.4480174,Router,9995.47,0.0,29.61,0.0,-99.5,16.5,156.62,0.67,142.91,9995.25,29.24,-99.86,-0.14,0.91,0.3,0,none,10.0
1789892820.4506292,Router,9995.92,0.0,30.02,0.0,-99.8,17.9,156.62,0.66,144.15,9995.35,29.65,-99.84,0.48,2.02,0.1,0,none,10.0
1789892820.4533203,Router,9995.34,0.0,30.43,0.0,-99.6,15.4,156.62,0.76,138.65,9995.32,30.05,-99.76,-0.13,2.04,0.4,0,none,10.0
1789892820.4559226,Router,9995.39,0.0,29.54,0.0,-99.5,18.2,156.62,0.47,134.72,9995.41,30.09,-99.66,0.42,0.18,0.5,0,none,10.0
1789892820.45873,Router,9995.61,0.0,30.42,0.0,-99.6,14.8,156.62,0.32,133.79,9995.55,30.0,-99.6,0.7,-0.43,0.3,0,none,10.0
1789892820.4613724,Router,9995.07,0.0,31.77,0.0,-99.3,15.3,156.62,0.56,134.58,9995.47,30.44,-99.56,-0.4,2.16,0.2,0,none,10.0
1789892820.4639866,Router,9994.98,0.0,32.72,0.0,-99.6,11.5,156.62,0.44,139.45,9995.28,30.98,-99.52,-0.94,2.7,0.2,0,none,10.0
1789892820.4666097,Router,9995.77,0.0,32.5,0.0,-100.0,9.7,156.62,0.4,145.17,9995.36,31.39,-99.6,0.43,2.07,-0.4,0,none,10.0
1789892820.469628,Router,9995.44,0.0,32.24,0.0,-100.0,8.2,156.62,0.33,145.55,9995.37,31.93,-99.7,0.05,2.7,-0.5,0,none,10.0
1789892820.4725366,Router,9995.96,0.0,32.65,0.0,-100.0,11.8,156.62,0.57,147.61,9995.44,32.38,-99.78,0.35,2.23,-0.4,0,none,10.0
1789892820.4753077,Router,9996.15,0.0,32.73,0.0,-100.0,10.7,156.62,0.56,143.42,9995.66,32.57,-99.92,1.08,0.96,-0.7,0,none,10.0
1789892820.4779856,Router,9995.65,0.0,32.32,0.0,-99.7,7.5,156.62,0.63,144.81,9995.79,32.49,-99.94,0.67,-0.4,-0.1,0,none,10.0
1789892820.4806516,Router,9999.0,12.5,32.26,0.0,-99.6,5.8,156.62,0.57,150.49,9996.44,32.44,-99.86,3.23,-0.24,0.4,1,router_packet_loss,0.0
1789892820.4833636,Router,9999.0,25.0,31.35,0.0,-99.5,3.9,156.62,0.64,147.09,9997.15,32.26,-99.76,3.56,-0.89,0.5,1,router_packet_loss,0.0
1789892820.486422,Router,9999.0,37.5,32.25,0.0,-99.7,4.2,156.62,0.6,151.23,9997.76,32.18,-99.7,3.04,-0.4,0.3,1,router_packet_loss,0.0
1789892820.4892442,Router,9999.0,37.5,33.47,0.0,-100.0,2.1,156.62,0.45,155.79,9998.33,32.33,-99.7,2.85,0.74,0.0,1,router_packet_loss,0.0
1789892820.4917564,Router,9999.0,37.5,31.98,0.0,-99.7,1.0,156.62,0.34,161.58,9999.0,32.26,-99.7,3.35,-0.34,0.0,1,router_packet_loss,0.0
1789892820.4943078,Router,9999.0,37.5,31.62,0.0,-99.8,1.0,156.62,0.26,166.84,9999.0,32.13,-99.74,0.0,-0.64,-0.2,1,router_packet_loss,0.0
1789892820.4968238,Router,9999.0,37.5,31.51,0.0,-99.6,1.0,156.62,0.5,171.86,9999.0,32.17,-99.76,0.0,0.16,-0.1,1,router_packet_loss,0.0
1789892820.4993615,Router,9999.0,50.0,31.92,0.0,-99.8,1.0,156.62,0.43,175.5,9999.0,32.1,-99.78,0.0,-0.33,-0.1,1,router_packet_loss,0.0
1789892820.5019264,Router,9999.0,50.0,31.04,0.0,-99.7,3.0,156.62,0.65,177.01,9999.0,31.61,-99.72,0.0,-2.43,0.3,1,router_packet_loss,0.0
1789892820.5044708,Router,9999.0,50.0,31.65,0.0,-100.0,6.0,156.62,0.56,178.22,9999.0,31.55,-99.78,0.0,-0.33,-0.3,1,router_packet_loss,0.0
1789892820.5070343,Router,9999.0,50.0,32.31,0.0,-99.6,6.3,156.62,0.46,183.44,9999.0,31.69,-99.74,0.0,0.69,0.2,1,router_packet_loss,0.0
1789892820.509611,Router,9999.0,62.5,31.55,0.0,-99.5,2.6,156.62,0.48,178.82,9999.0,31.69,-99.72,0.0,0.04,0.1,1,router_packet_loss,0.0
1789892820.5122352,Router,9999.0,75.0,31.15,0.0,-99.1,3.6,156.62,0.53,177.33,9999.0,31.54,-99.58,0.0,-0.77,0.7,1,router_packet_loss,0.0
1789892820.5149498,Router,9999.0,87.5,32.09,0.0,-99.1,1.0,156.62,0.49,180.29,9999.0,31.75,-99.46,0.0,1.05,0.6,1,router_packet_loss,0.0
1789892820.5175865,Router,9999.0,100.0,33.17,0.0,-99.3,1.0,156.62,0.38,182.86,9999.0,32.05,-99.32,0.0,1.52,0.7,1,router_packet_loss,0.0
1789892820.5202148,Router,9999.0,87.5,31.79,0.0,-99.1,2.8,156.62,0.51,183.5,9999.0,31.95,-99.22,0.0,-0.52,0.5,1,router_packet_loss,0.0
1789892820.522688,Router,9999.0,75.0,30.78,0.0,-98.8,1.0,156.62,0.49,178.13,9999.0,31.8,-99.08,0.0,-0.77,0.7,1,,0.0
1789892820.5252118,Router,9999.0,62.5,31.38,0.0,-99.2,4.5,156.62,0.41,177.76,9999.0,31.84,-99.1,0.0,0.23,-0.1,1,none,0.5
1789892820.5277338,Router,9999.0,50.0,32.27,0.0,-99.1,6.3,156.62,0.32,172.11,9999.0,31.88,-99.1,0.0,0.18,0.0,1,none,0.33
1789892820.5302656,Router,9998.35,37.5,32.5,0.0,-99.1,3.3,156.62,0.45,167.12,9998.87,31.74,-99.06,-0.65,-0.67,0.2,1,none,0.2
1789892820.5327854,Router,9998.1,25.0,33.75,0.0,-99.0,7.1,156.62,0.38,162.45,9998.69,32.14,-99.04,-0.9,1.96,0.1,1,none,0.2
1789892820.5353036,Router,9997.35,12.5,33.56,0.0,-99.2,6.5,156.62,0.45,158.97,9998.36,32.69,-99.12,-1.65,2.78,-0.4,0,none,10.0
1789892820.53784,Router,9997.08,0.0,34.43,0.0,-99.4,7.4,156.62,0.29,158.64,9997.98,33.3,-99.16,-1.92,3.05,-0.2,0,none,10.0
1789892820.5403829,Router,9997.46,0.0,34.98,0.0,-99.1,3.4,156.62,0.41,154.32,9997.67,33.84,-99.16,-1.54,2.71,0.0,0,none,10.0
1789892820.5429072,Router,9997.61,0.0,35.63,0.0,-99.0,1.0,156.62,0.36,148.75,9997.52,34.47,-99.14,-0.74,3.13,0.1,0,none,10.0
1789892820.5454261,Router,9998.26,0.0,35.26,0.0,-98.6,2.2,156.62,0.25,148.41,9997.55,34.77,-99.06,0.16,1.51,0.4,0,none,10.0
1789892820.5476904,Router,9997.65,0.0,34.34,0.0,-98.2,1.0,156.62,0.35,148.03,9997.61,34.93,-98.86,0.3,0.78,1.0,0,none,10.0
1789892820.550516,Router,9998.13,0.0,33.56,0.0,-98.2,2.0,156.62,0.54,142.27,9997.82,34.75,-98.62,1.05,-0.87,1.2,0,none,10.0
1789892820.5530934,Router,9998.37,0.0,34.7,0.0,-98.5,1.0,156.62,0.64,146.02,9998.0,34.7,-98.5,0.91,-0.28,0.6,0,none,10.0
1789892820.5553162,Router,9999.0,0.0,34.93,0.0,-98.3,1.0,156.62,0.75,151.5,9998.28,34.56,-98.36,1.39,-0.7,0.7,0,none,10.0
1789892820.5575297,Router,9999.0,0.0,36.19,0.0,-98.5,1.0,156.62,0.85,146.01,9998.43,34.74,-98.34,0.74,0.93,0.1,0,none,10.0
1789892820.559747,Router,9999.0,0.0,36.27,0.0,-98.7,1.0,156.62,0.82,141.93,9998.7,35.13,-98.44,1.35,1.93,-0.5,1,router_packet_loss,0.0
1789892820.562014,Router,9999.0,12.5,35.22,0.0,-99.1,1.0,156.62,0.65,147.37,9998.87,35.46,-98.62,0.87,1.66,-0.9,1,router_packet_loss,0.0
1789892820.5648558,Router,9999.0,25.0,33.76,0.0,-99.4,1.0,156.62,0.71,150.32,9999.0,35.27,-98.8,0.63,-0.94,-0.9,1,router_packet_loss,0.0
1789892820.5673099,Router,9999.0,37.5,35.06,0.0,-99.3,1.0,156.62,0.46,147.19,9999.0,35.3,-99.0,0.0,0.13,-1.0,1,router_packet_loss,0.0
1789892820.570261,Router,9999.0,50.0,34.42,0.0,-99.5,4.9,156.62,0.4,150.57,9999.0,34.95,-99.2,0.0,-1.77,-1.0,1,router_packet_loss,0.0
1789892820.5729606,Router,9999.0,62.5,33.57,0.0,-99.1,4.7,156.62,0.44,151.97,9999.0,34.41,-99.28,0.0,-2.7,-0.4,1,router_packet_loss,0.0
1789892820.575632,Router,9999.0,75.0,32.94,0.0,-99.3,3.5,156.62,0.28,150.11,9999.0,33.95,-99.32,0.0,-2.28,-0.2,1,router_packet_loss,0.0
1789892820.5782542,Router,9999.0,87.5,32.22,0.0,-99.2,3.7,156.62,0.25,149.57,9999.0,33.64,-99.28,0.0,-1.54,0.2,1,router_packet_loss,0.0
1789892820.58087,Router,9999.0,100.0,32.57,0.0,-99.1,1.0,156.62,0.32,148.24,9999.0,33.14,-99.24,0.0,-2.49,0.2,1,router_packet_loss,0.0
1789892820.583422,Router,9999.0,100.0,31.85,0.0,-99.0,2.5,156.62,0.37,149.22,9999.0,32.63,-99.14,0.0,-2.57,0.5,1,router_packet_loss,0.0
1789892820.5860882,Router,9999.0,100.0,31.38,0.0,-99.2,1.0,156.62,0.55,154.63,9999.0,32.19,-99.16,0.0,-2.19,-0.1,1,router_packet_loss,0.0
1789892820.5886993,Router,9999.0,100.0,29.93,0.0,-99.1,2.6,156.62,0.54,148.92,9999.0,31.59,-99.12,0.0,-3.01,0.2,1,router_packet_loss,0.0
1789892820.5913432,Router,9999.0,100.0,29.95,0.0,-99.4,3.7,156.62,0.66,153.18,9999.0,31.14,-99.16,0.0,-2.27,-0.2,1,router_packet_loss,0.0
1789892820.594081,Router,9999.0,87.5,31.34,0.0,-99.4,1.0,156.62,0.51,150.84,9999.0,30.89,-99.22,0.0,-1.23,-0.3,1,router_packet_loss,0.0
1789892820.5970333,Router,9999.0,75.0,31.35,0.0,-99.6,1.0,156.62,0.46,155.32,9999.0,30.79,-99.34,0.0,-0.5,-0.6,1,router_packet_loss,0.0
1789892820.5998373,Router,9999.0,62.5,30.76,0.0,-99.4,1.9,156.62,0.31,150.59,9999.0,30.67,-99.38,0.0,-0.62,-0.2,1,router_packet_loss,0.0
1789892820.6024282,Router,9999.0,62.5,31.68,0.0,-99.2,5.0,156.62,0.32,146.74,9999.0,31.02,-99.4,0.0,1.75,-0.1,1,,0.0
1789892820.605219,Router,9998.95,50.0,32.92,0.0,-99.4,7.9,156.62,0.47,146.28,9998.99,31.61,-99.4,-0.05,2.97,0.0,0,none,10.0
1789892820.6080241,Router,9998.6,37.5,32.46,0.0,-99.6,4.8,156.62,0.39,150.47,9998.91,31.83,-99.44,-0.4,1.12,-0.2,0,none,10.0
1789892820.610897,Router,9998.97,25.0,33.52,0.0,-99.9,3.8,156.62,0.61,147.46,9998.9,32.27,-99.5,-0.03,2.17,-0.3,0,none,10.0
1789892820.6134906,Router,9998.18,12.5,34.67,0.0,-100.0,3.6,156.62,0.39,147.41,9998.74,33.05,-99.62,-0.82,3.91,-0.6,0,none,10.0
1789892820.6159484,Router,9998.1,12.5,35.68,0.0,-100.0,3.8,156.62,0.42,151.37,9998.56,33.85,-99.78,-0.9,4.0,-0.8,0,none,10.0
1789892820.6192307,Router,9998.86,12.5,35.3,0.0,-99.7,7.0,156.62,0.25,155.1,9998.54,34.33,-99.84,-0.09,2.38,-0.3,0,none,10.0
1789892820.6218472,Router,9998.58,12.5,34.99,0.0,-99.6,7.0,156.62,0.42,149.65,9998.54,34.83,-99.84,-0.02,2.53,0.0,0,none,10.0
1789892820.624744,Router,9998.97,0.0,33.63,0.0,-99.6,9.2,156.62,0.58,154.45,9998.54,34.85,-99.78,0.0,0.11,0.3,0,none,10.0
1789892820.6281269,Router,9999.0,0.0,34.23,0.0,-99.3,6.4,156.62,0.73,149.81,9998.7,34.77,-99.64,0.82,-0.44,0.7,0,none,10.0
1789892820.6306581,Router,9999.0,0.0,34.77,0.0,-99.5,8.2,156.62,0.57,152.87,9998.88,34.58,-99.54,0.9,-0.91,0.5,0,none,10.0
1789892820.633231,Router,9998.45,0.0,34.08,0.0,-99.7,10.2,156.62,0.42,157.21,9998.8,34.34,-99.54,-0.41,-1.22,0.0,0,none,10.0
1789892820.6359909,Router,9998.85,0.0,34.62,0.0,-99.6,9.5,156.62,0.59,151.88,9998.85,34.27,-99.54,0.27,-0.37,0.0,0,none,10.0
1789892820.6385593,Router,9999.0,0.0,33.61,0.0,-99.9,10.4,156.62,0.38,152.55,9998.86,34.26,-99.6,0.03,-0.02,-0.3,0,none,10.0
1789892820.6415977,Router,9999.0,0.0,33.91,0.0,-100.0,11.0,156.62,0.38,150.8,9998.86,34.2,-99.74,0.0,-0.32,-0.7,0,none,10.0
1789892820.644635,Router,9999.0,0.0,35.41,0.0,-100.0,12.9,156.62,0.29,156.79,9998.86,34.33,-99.84,0.0,0.64,-0.5,0,none,10.0
1789892820.647036,Router,9999.0,0.0,34.33,0.0,-99.9,11.8,156.62,0.45,156.67,9998.97,34.38,-99.88,0.55,0.25,-0.2,0,none,10.0
1789892820.6496234,Router,9998.57,0.0,33.88,0.0,-99.8,15.3,156.62,0.55,151.61,9998.91,34.23,-99.92,-0.28,-0.74,-0.2,0,none,10.0
1789892820.6522143,Router,9998.31,0.0,34.98,0.0,-100.0,17.9,156.62,0.61,152.85,9998.78,34.5,-99.94,-0.69,1.37,-0.1,0,none,10.0
1789892820.6548429,Router,9998.3,0.0,34.16,0.0,-100.0,14.9,156.62,0.76,156.41,9998.64,34.55,-99.94,-0.7,0.25,0.0,0,none,10.0
1789892820.6574702,Router,9998.32,0.0,32.74,0.0,-100.0,12.5,156.62,0.5,153.17,9998.5,34.02,-99.94,-0.68,-2.67,0.0,0,none,10.0
1789892820.660372,Router,9998.84,0.0,33.57,0.0,-100.0,11.9,156.62,0.48,148.2,9998.47,33.87,-99.96,-0.16,-0.76,-0.1,0,none,10.0
1789892820.6631615,Router,9998.85,0.0,33.61,0.0,-100.0,8.0,156.62,0.53,146.28,9998.52,33.81,-100.0,0.28,-0.27,-0.2,0,none,10.0
1789892820.6659296,Router,9998.59,0.0,34.64,0.0,-100.0,11.3,156.62,0.46,147.15,9998.58,33.74,-100.0,0.28,-0.34,0.0,0,none,10.0
1789892820.6690102,Router,9997.85,0.0,35.65,0.0,-99.9,10.5,156.62,0.38,149.33,9998.49,34.04,-99.98,-0.45,1.49,0.1,0,none,10.0
1789892820.6720386,Router,9997.66,0.0,35.66,0.0,-100.0,7.3,156.62,0.26,153.75,9998.36,34.63,-99.98,-0.66,2.92,0.0,0,none,10.0
1789892820.6748302,Router,9998.38,0.0,36.38,0.0,-100.0,3.7,156.62,0.41,155.31,9998.27,35.19,-99.98,-0.46,2.81,0.0,0,none,10.0
1789892820.6770718,Router,9998.65,0.0,35.16,0.0,-99.8,6.9,156.62,0.49,160.21,9998.23,35.5,-99.94,-0.2,1.55,0.2,0,none,10.0
1789892820.6797981,Router,9998.63,0.0,34.01,0.0,-100.0,7.7,156.62,0.47,158.09,9998.23,35.37,-99.94,0.04,-0.63,0.0,0,none,10.0
1789892820.6823761,Router,9998.45,0.0,34.69,0.0,-100.0,11.3,156.62,0.43,158.85,9998.35,35.18,-99.96,0.6,-0.96,-0.1,0,none,10.0
1789892820.6849806,Router,9999.0,0.0,33.62,0.0,-100.0,9.4,156.62,0.55,164.47,9998.62,34.77,-99.96,1.34,-2.04,0.0,0,none,10.0
1789892820.6875818,Router,9998.28,0.0,32.19,0.0,-100.0,8.6,156.62,0.57,162.74,9998.6,33.93,-99.96,-0.1,-4.19,0.0,0,none,10.0
1789892820.6904268,Router,9998.74,0.0,31.97,0.0,-100.0,9.8,156.62,0.55,158.58,9998.62,33.3,-100.0,0.09,-3.19,-0.2,0,none,10.0
1789892820.6934159,Router,9998.09,0.0,30.55,0.0,-100.0,6.5,156.62,0.69,162.62,9998.51,32.6,-100.0,-0.54,-3.46,0.0,0,none,10.0
1789892820.6960511,Router,9997.69,0.0,30.46,0.0,-100.0,9.6,156.62,0.43,164.68,9998.36,31.76,-100.0,-0.76,-4.23,0.0,0,none,10.0
1789892820.6989071,Router,9997.06,0.0,30.92,0.0,-100.0,9.6,156.62,0.51,165.93,9997.97,31.22,-100.0,-1.94,-2.7,0.0,0,none,10.0
1789892820.7016203,Router,9997.52,0.0,29.66,0.0,-100.0,6.2,156.62,0.56,161.56,9997.82,30.71,-100.0,-0.76,-2.53,0.0,0,none,10.0
1789892820.7047281,Router,9997.98,0.0,29.27,0.0,-100.0,7.7,156.62,0.63,163.35,9997.67,30.17,-100.0,-0.76,-2.7,0.0,0,none,10.0
1789892820.7072523,Router,9998.18,0.0,28.22,0.0,-100.0,7.5,156.62,0.54,159.48,9997.69,29.71,-100.0,0.09,-2.33,0.0,0,none,10.0
1789892820.7097638,Router,9998.97,0.0,28.14,0.0,-100.0,4.8,156.62,0.64,161.9,9997.94,29.24,-100.0,1.28,-2.32,0.0,0,none,10.0
1789892820.712714,Router,9999.0,0.0,26.82,0.0,-100.0,5.5,156.62,0.49,157.86,9998.33,28.42,-100.0,1.94,-4.1,0.0,0,none,10.0
1789892820.7153718,Router,9998.2,0.0,28.26,0.0,-99.9,8.1,156.62,0.32,160.58,9998.47,28.14,-99.98,0.68,-1.4,0.1,0,none,10.0
1789892820.7177684,Router,9998.59,0.0,29.03,0.0,-100.0,8.8,156.62,0.33,161.6,9998.59,28.09,-99.98,0.61,-0.24,0.0,0,none,10.0
1789892820.720405,Router,9998.0,0.0,29.63,0.0,-99.7,6.7,156.62,0.28,165.96,9998.55,28.38,-99.92,-0.18,1.41,0.3,0,none,10.0
1789892820.7230475,Router,9998.6,0.0,29.26,0.0,-99.6,3.1,156.62,0.25,162.47,9998.48,28.6,-99.84,-0.37,1.12,0.4,0,none,10.0
1789892820.7256668,Router,9998.66,0.0,29.97,0.0,-99.4,3.7,156.62,0.4,157.4,9998.41,29.23,-99.72,-0.34,3.15,0.6,0,none,10.0
1789892820.7278764,Router,9998.02,0.0,29.59,0.0,-99.6,3.7,156.62,0.57,153.77,9998.37,29.5,-99.66,-0.18,1.33,0.3,0,none,10.0
1789892820.7300797,Router,9998.08,0.0,30.21,0.0,-99.5,1.0,156.62,0.65,148.61,9998.27,29.73,-99.56,-0.51,1.18,0.5,0,none,10.0
1789892820.732412,Router,9998.5,0.0,31.66,0.0,-99.3,1.0,156.62,0.44,146.06,9998.37,30.14,-99.48,0.5,2.03,0.4,0,none,10.0
1789892820.7348893,Router,9999.0,0.0,31.95,0.0,-99.4,1.0,156.62,0.59,150.22,9998.45,30.68,-99.44,0.4,2.69,0.2,0,none,10.0
1789892820.7371745,Router,9999.0,0.0,32.76,0.0,-99.3,2.2,156.62,0.75,154.69,9998.52,31.23,-99.42,0.34,2.79,0.1,0,none,10.0
1789892820.7398765,Router,9999.0,0.0,34.18,0.0,-99.5,6.2,156.62,0.51,152.12,9998.72,32.15,-99.4,0.98,4.59,0.1,1,router_latency_spike,0.0
1789892820.7432244,Router,9999.0,0.0,34.04,0.0,-99.2,10.0,156.62,0.41,152.55,9998.9,32.92,-99.34,0.92,3.83,0.3,1,router_latency_spike,0.0
1789892820.7460122,Router,9999.0,0.0,33.21,0.0,-99.3,12.3,156.62,0.26,148.62,9999.0,33.23,-99.34,0.5,1.55,0.0,1,router_latency_spike,0.0
1789892820.7491932,Router,9999.0,0.0,33.69,0.0,-99.6,16.2,156.62,0.38,149.22,9999.0,33.58,-99.38,0.0,1.74,-0.2,1,router_latency_spike,0.0
1789892820.7522717,Router,9999.0,0.0,33.34,0.0,-99.7,12.7,156.62,0.35,148.93,9999.0,33.69,-99.46,0.0,0.58,-0.4,1,router_latency_spike,0.0
1789892820.7548678,Router,9999.0,0.0,33.41,0.0,-99.3,12.4,156.62,0.61,144.61,9999.0,33.54,-99.42,0.0,-0.77,0.2,1,router_latency_spike,0.0
1789892820.7574043,Router,9999.0,12.5,33.63,0.0,-98.9,14.4,156.62,0.44,147.45,9999.0,33.46,-99.36,0.0,-0.41,0.3,1,router_latency_spike,0.0
1789892820.7597897,Router,9999.0,25.0,32.77,0.0,-99.2,12.2,156.62,0.47,148.13,9999.0,33.37,-99.34,0.0,-0.44,0.1,1,router_latency_spike,0.0
1789892820.7627509,Router,9999.0,25.0,31.31,0.0,-98.9,12.1,156.62,0.3,146.41,9999.0,32.89,-99.2,0.0,-2.38,0.7,1,router_latency_spike,0.0
1789892820.7652874,Router,9999.0,25.0,31.04,0.0,-99.0,8.5,156.62,0.53,148.63,9999.0,32.43,-99.06,0.0,-2.3,0.7,1,,0.0
1789892820.7677708,Router,9998.32,25.0,31.59,0.0,-99.2,4.7,156.62,0.65,150.81,9998.86,32.07,-99.04,-0.68,-1.82,0.1,1,none,1.67
1789892820.7707818,Router,9997.6,25.0,31.37,0.0,-99.6,7.9,156.62,0.42,147.86,9998.58,31.62,-99.18,-1.4,-2.26,-0.7,1,none,1.5
1789892820.7733643,Router,9998.26,25.0,31.04,0.0,-100.0,5.4,156.62,0.42,149.3,9998.44,31.27,-99.34,-0.74,-1.73,-0.8,1,none,1.33
1789892820.7764132,Router,9997.58,25.0,32.44,0.0,-100.0,6.9,156.62,0.46,150.07,9998.15,31.5,-99.56,-1.42,1.13,-1.1,1,none,1.17
1789892820.7793565,Router,9998.32,12.5,31.66,0.0,-100.0,7.8,156.62,0.58,150.61,9998.02,31.62,-99.76,-0.68,0.62,-1.0,1,none,1.0
1789892820.7819364,Router,9997.83,0.0,32.19,0.0,-100.0,11.6,156.62,0.61,153.55,9997.92,31.74,-99.92,-0.49,0.6,-0.8,1,none,0.83
1789892820.7848341,Router,9998.01,0.0,33.14,0.0,-99.7,8.2,156.62,0.73,151.1,9998.0,32.09,-99.94,0.41,1.77,-0.1,1,none,0.67
1789892820.7873673,Router,9997.77,0.0,33.38,0.0,-99.3,8.2,156.62,0.47,153.5,9997.9,32.56,-99.8,-0.49,2.34,0.7,1,none,0.5
1789892820.789787,Router,9997.31,0.0,32.74,0.0,-99.6,9.9,156.62,0.36,155.25,9997.85,32.62,-99.72,-0.27,0.3,0.4,1,none,0.33
1789892820.7924306,Router,9996.65,0.0,31.91,0.0,-99.4,7.5,156.62,0.59,159.0,9997.51,32.67,-99.6,-1.67,0.25,0.6,1,none,0.2
1789892820.7950478,Router,9996.78,0.0,30.69,0.0,-99.3,5.2,156.62,0.48,156.47,9997.3,32.37,-99.46,-1.05,-1.5,0.7,1,none,0.2
1789892820.7978365,Router,9996.98,0.0,30.38,0.0,-99.4,7.0,156.62,0.52,152.42,9997.1,31.82,-99.4,-1.03,-2.76,0.3,0,none,10.0
1789892820.8004642,Router,9996.79,0.0,31.82,0.0,-99.6,7.9,156.62,0.56,153.15,9996.9,31.51,-99.46,-0.98,-1.56,-0.3,0,none,10.0
1789892820.8030305,Router,9997.57,0.0,32.96,0.0,-99.4,6.6,156.62,0.45,157.95,9996.95,31.55,-99.42,0.26,0.22,0.2,0,none,10.0
1789892820.8056698,Router,9996.85,0.0,34.26,0.0,-99.4,8.7,156.62,0.52,152.08,9996.99,32.02,-99.42,0.2,2.35,0.0,0,none,10.0
1789892820.8083124,Router,9996.17,0.0,33.04,0.0,-99.4,10.2,156.62,0.56,154.93,9996.87,32.49,-99.44,-0.61,2.35,-0.1,0,none,10.0
1789892820.8109236,Router,9995.6,0.0,32.29,0.0,-99.6,9.8,156.62,0.51,150.15,9996.6,32.87,-99.48,-1.38,1.91,-0.2,0,none,10.0
1789892820.8138773,Router,9995.85,0.0,32.83,0.0,-99.8,9.3,156.62,0.36,152.0,9996.41,33.08,-99.52,-0.94,1.01,-0.2,0,none,10.0
1789892820.8166976,Router,9995.41,0.0,34.22,0.0,-99.9,9.8,156.62,0.32,151.41,9995.98,33.33,-99.62,-2.16,1.26,-0.5,0,none,10.0
1789892820.8192937,Router,9995.39,0.0,35.38,0.0,-99.8,10.3,156.62,0.56,156.23,9995.68,33.55,-99.7,-1.46,1.12,-0.4,0,none,10.0
1789892820.8223076,Router,9996.18,0.0,36.15,0.0,-99.7,14.2,156.62,0.46,158.08,9995.69,34.17,-99.76,0.01,3.11,-0.3,0,none,10.0
1789892820.8252997,Router,9995.86,0.0,36.38,0.0,-99.6,14.5,156.62,0.46,163.55,9995.74,34.99,-99.76,0.26,4.09,0.0,0,none,10.0
1789892820.8282905,Router,9996.28,0.0,37.81,0.0,-99.9,13.7,156.62,0.61,164.72,9995.82,35.99,-99.78,0.43,4.98,-0.1,0,none,10.0
1789892820.8312807,Router,9995.68,0.0,38.77,0.0,-99.8,11.3,156.62,0.49,163.71,9995.88,36.9,-99.76,0.27,4.55,0.1,0,none,10.0
1789892820.8338792,Router,9996.35,0.0,39.03,0.0,-99.7,13.3,156.62,0.38,161.77,9996.07,37.63,-99.74,0.96,3.65,0.1,0,none,10.0
1789892820.8364868,Router,9996.8,0.0,39.06,0.0,-99.8,15.0,156.62,0.4,156.64,9996.19,38.21,-99.76,0.62,2.91,-0.1,0,none,10.0
1789892820.839046,Router,9996.03,0.0,39.09,0.0,-99.9,13.8,156.62,0.3,159.77,9996.23,38.75,-99.82,0.17,2.71,-0.3,0,none,10.0
1789892820.84166,Router,9996.03,0.0,38.38,0.0,-100.0,13.9,156.62,0.58,160.75,9996.18,38.87,-99.84,-0.25,0.57,-0.1,0,none,10.0
1789892820.8443875,Router,9996.63,0.0,38.76,0.0,-100.0,13.6,156.62,0.45,166.04,9996.37,38.86,-99.88,0.95,-0.01,-0.2,0,none,10.0
1789892820.8471036,Router,9996.26,0.0,39.29,0.0,-100.0,16.1,156.62,0.41,167.51,9996.35,38.92,-99.94,-0.09,0.26,-0.3,0,none,10.0
1789892820.8506076,Router,9996.66,0.0,38.58,0.0,-99.8,17.3,156.62,0.41,168.78,9996.32,38.82,-99.94,-0.14,-0.48,0.0,0,none,10.0
1789892820.8532667,Router,9997.3,0.0,37.58,0.0,-99.4,14.4,156.62,0.52,164.33,9996.58,38.52,-99.84,1.27,-1.51,0.5,0,none,10.0
1789892820.8558726,Router,9996.89,0.0,38.32,0.0,-99.2,18.2,156.62,0.65,169.67,9996.75,38.51,-99.68,0.86,-0.06,0.8,0,none,10.0
1789892820.8584845,Router,9997.44,0.0,38.22,0.0,-99.6,19.2,156.62,0.66,168.03,9996.91,38.4,-99.6,0.81,-0.54,0.4,0,none,10.0
1789892820.8610883,Router,9997.04,0.0,37.4,0.0,-99.6,19.3,156.62,0.42,165.43,9997.07,38.02,-99.52,0.78,-1.89,0.4,0,none,10.0
1789892820.8638413,Router,9996.36,0.0,38.17,0.0,-99.6,22.9,156.62,0.31,170.72,9997.01,37.94,-99.48,-0.3,-0.41,0.2,0,none,10.0
1789892820.8663545,Router,9995.78,0.0,39.47,0.0,-99.3,22.2,156.62,0.21,165.96,9996.7,38.32,-99.46,-1.52,1.89,0.1,0,none,10.0
1789892820.8688653,Router,9995.06,0.0,40.96,0.0,-99.5,23.9,156.62,0.44,165.92,9996.34,38.84,-99.52,-1.83,2.64,-0.3,0,none,10.0
1789892820.871317,Router,9995.29,0.0,40.69,0.0,-99.5,25.0,156.62,0.52,170.12,9995.91,39.34,-99.5,-2.15,2.47,0.1,0,none,10.0
1789892820.8741148,Router,9994.49,0.0,42.09,0.0,-99.8,26.6,156.62,0.71,172.53,9995.4,40.28,-99.54,-2.55,4.69,-0.2,0,none,10.0
1789892820.877223,Router,9995.11,0.0,42.53,0.0,-99.7,30.2,156.62,0.76,176.59,9995.15,41.15,-99.56,-1.25,4.36,-0.1,0,none,10.0
1789892820.8797832,Router,9995.59,0.0,41.14,0.0,-99.3,32.3,156.62,0.6,180.68,9995.11,41.48,-99.56,-0.19,1.67,0.0,0,none,10.0
1789892820.882075,Router,9996.37,0.0,42.17,0.0,-99.5,32.7,156.62,0.59,183.52,9995.37,41.72,-99.56,1.31,1.21,0.0,0,none,10.0
1789892820.8846445,Router,9995.92,0.0,43.33,0.0,-99.7,34.5,156.62,0.52,179.29,9995.5,42.25,-99.6,0.63,2.64,-0.2,0,none,10.0
1789892820.8873718,Router,9995.34,0.0,44.62,0.0,-99.5,30.5,156.62,0.53,180.16,9995.67,42.76,-99.54,0.85,2.53,0.3,0,none,10.0
1789892820.8899698,Router,9994.63,0.0,44.09,0.0,-99.2,31.0,156.62,0.56,181.85,9995.57,43.07,-99.44,-0.48,1.56,0.5,0,none,10.0
1789892820.8925734,Router,9995.35,0.0,44.12,0.0,-99.1,30.8,156.62,0.59,182.73,9995.52,43.67,-99.4,-0.24,2.98,0.2,0,none,10.0
1789892820.8952022,Router,9995.86,0.0,44.4,0.0,-98.9,32.2,156.62,0.59,180.43,9995.42,44.11,-99.28,-0.51,2.23,0.6,0,none,10.0
1789892820.897896,Router,9996.54,0.0,43.35,0.0,-99.1,31.5,156.62,0.6,183.66,9995.54,44.12,-99.16,0.62,0.02,0.6,0,none,10.0
1789892820.9005353,Router,9996.58,0.0,44.42,0.0,-98.8,34.1,156.62,0.6,188.24,9995.79,44.08,-99.02,1.24,-0.2,0.7,0,none,10.0
1789892820.903267,Router,9996.47,0.0,43.54,0.0,-98.9,36.5,156.62,0.59,183.18,9996.16,43.97,-98.96,1.84,-0.55,0.3,0,none,10.0
1789892820.9059825,Router,9995.9,0.0,44.62,0.0,-98.5,34.7,156.62,0.62,185.7,9996.27,44.07,-98.84,0.55,0.5,0.6,0,none,10.0
1789892820.908617,Router,9995.79,0.0,46.11,0.0,-98.4,34.3,156.62,0.64,188.62,9996.26,44.41,-98.74,-0.07,1.71,0.5,0,none,10.0
1789892820.9116302,Router,9995.91,0.0,45.91,0.0,-98.8,33.9,156.62,0.66,190.13,9996.13,44.92,-98.68,-0.63,2.56,0.3,0,none,10.0
1789892820.9145393,Router,9995.3,0.0,46.42,0.0,-98.5,36.3,156.62,0.78,193.22,9995.87,45.32,-98.62,-1.28,2.0,0.3,0,none,10.0
1789892820.9171276,Router,9994.57,0.0,46.95,0.0,-98.8,39.1,156.62,0.62,187.41,9995.49,46.0,-98.6,-1.9,3.41,0.1,0,none,10.0
1789892820.919783,Router,9994.91,0.0,46.66,0.0,-98.7,42.3,156.62,0.62,185.25,9995.3,46.41,-98.64,-0.99,2.04,-0.2,0,none,10.0
1789892820.9228065,Router,9994.38,0.0,45.45,0.0,-98.6,41.0,156.62,0.5,186.91,9995.01,46.28,-98.68,-1.41,-0.66,-0.2,0,none,10.0
1789892820.9257998,Router,9993.99,0.0,45.42,0.0,-98.6,39.6,156.62,0.45,187.24,9994.63,46.18,-98.64,-1.92,-0.49,0.2,0,none,10.0
1789892820.9283862,Router,9994.71,0.0,44.91,0.0,-98.8,39.3,156.62,0.62,189.52,9994.51,45.88,-98.7,-0.59,-1.51,-0.3,0,none,10.0
1789892820.931019,Router,9994.93,0.0,45.78,0.0,-98.6,39.5,156.62,0.48,187.71,9994.58,45.64,-98.66,0.36,-1.17,0.2,0,none,10.0
1789892820.9337323,Router,9995.34,0.0,46.89,0.0,-98.7,39.4,156.62,0.37,188.63,9994.67,45.69,-98.66,0.43,0.23,0.0,0,none,10.0
1789892820.936358,Router,9995.62,0.0,46.78,0.0,-99.0,37.7,156.62,0.54,182.76,9994.92,45.96,-98.74,1.24,1.33,-0.4,0,none,10.0
1789892820.9389756,Router,9995.28,0.0,45.49,0.0,-99.3,39.0,156.62,0.59,187.76,9995.18,45.97,-98.88,1.29,0.07,-0.7,0,none,10.0
1789892820.94204,Router,9994.74,0.0,44.35,0.0,-99.0,35.6,156.62,0.47,181.99,9995.18,45.86,-98.92,0.03,-0.56,-0.2,0,none,10.0
1789892820.9446986,Router,9999.0,0.0,45.17,0.0,-99.3,35.8,156.62,0.31,186.95,9996.0,45.74,-99.06,4.07,-0.61,-0.7,1,router_latency_spike,0.0
1789892820.9473264,Router,9999.0,0.0,44.43,0.0,-99.4,38.8,156.62,0.54,192.14,9996.73,45.24,-99.2,3.66,-2.46,-0.7,1,router_latency_spike,0.0
1789892820.9499373,Router,9999.0,0.0,45.29,0.0,-99.8,39.0,156.62,0.43,189.55,9997.4,44.95,-99.36,3.38,-1.49,-0.8,1,router_latency_spike,0.0
1789892820.952571,Router,9999.0,0.0,46.79,0.0,-99.5,36.1,156.62,0.44,189.98,9998.15,45.21,-99.4,3.72,1.3,-0.2,1,router_latency_spike,0.0
1789892820.955182,Router,9999.0,0.0,45.35,0.0,-99.2,35.8,156.62,0.39,195.86,9999.0,45.41,-99.44,4.26,1.0,-0.2,1,router_latency_spike,0.0
1789892820.9581587,Router,9999.0,0.0,46.36,0.0,-99.5,39.6,156.62,0.63,191.84,9999.0,45.64,-99.48,0.0,1.19,-0.2,1,router_latency_spike,0.0
1789892820.960797,Router,9999.0,12.5,47.75,0.0,-99.4,36.8,156.62,0.69,193.37,9999.0,46.31,-99.48,0.0,3.32,0.0,1,router_latency_spike,0.0
1789892820.9635775,Router,9999.0,25.0,47.65,0.0,-99.2,34.6,156.62,0.53,191.76,9999.0,46.78,-99.36,0.0,2.36,0.6,1,router_latency_spike,0.0
1789892820.9663246,Router,9999.0,25.0,46.15,0.0,-98.9,32.3,156.62,0.53,193.9,9999.0,46.65,-99.24,0.0,-0.64,0.6,1,router_latency_spike,0.0
1789892820.9690585,Router,9999.0,25.0,45.72,0.0,-98.5,33.4,156.62,0.67,199.32,9999.0,46.73,-99.1,0.0,0.37,0.7,1,router_latency_spike,0.0
1789892820.971877,Router,9999.0,25.0,44.62,0.0,-98.1,31.8,156.62,0.52,198.67,9999.0,46.38,-98.82,0.0,-1.74,1.4,1,router_latency_spike,0.0
1789892820.9745,Router,9999.0,25.0,45.06,0.0,-98.2,29.9,156.62,0.35,193.95,9999.0,45.84,-98.58,0.0,-2.69,1.2,1,,0.0
1789892820.977541,Router,9998.79,25.0,46.08,0.0,-97.9,26.0,156.62,0.29,192.5,9998.96,45.53,-98.32,-0.21,-1.57,1.3,1,none,0.2
1789892820.9805293,Router,9998.37,25.0,45.52,0.0,-97.5,28.0,156.62,0.35,191.51,9998.83,45.4,-98.04,-0.63,-0.63,1.4,0,none,10.0
1789892820.983527,Router,9998.47,12.5,44.04,0.0,-97.5,24.4,156.62,0.53,191.72,9998.73,45.06,-97.84,-0.53,-1.68,1.0,0,none,10.0
1789892820.9864573,Router,9998.15,0.0,45.38,0.0,-97.6,22.0,156.62,0.66,187.52,9998.56,45.22,-97.74,-0.85,0.76,0.5,0,none,10.0
1789892820.989028,Router,9999.0,0.0,46.34,0.0,-97.4,22.8,156.62,0.47,189.38,9998.56,45.47,-97.58,0.0,1.28,0.8,1,router_latency_spike,0.0
1789892820.9915452,Router,9999.0,0.0,46.58,0.0,-97.7,21.1,156.62,0.55,188.49,9998.6,45.57,-97.54,0.21,0.5,0.2,1,router_latency_spike,0.0
1789892820.9940553,Router,9999.0,0.0,45.72,0.0,-98.1,20.2,156.62,0.72,185.06,9998.72,45.61,-97.66,0.63,0.2,-0.6,1,router_latency_spike,0.0
1789892820.9965644,Router,9999.0,12.5,44.9,0.0,-98.2,23.6,156.62,0.6,179.91,9998.83,45.78,-97.8,0.53,0.86,-0.7,1,router_latency_spike,0.0
1789892820.9990737,Router,9999.0,12.5,45.49,0.0,-98.0,23.4,156.62,0.59,178.18,9999.0,45.81,-97.88,0.85,0.11,-0.4,1,router_latency_spike,0.0
1789892821.0015843,Router,9999.0,12.5,44.99,0.0,-98.0,20.4,156.62,0.5,179.06,9999.0,45.54,-98.0,0.0,-1.35,-0.6,1,router_latency_spike,0.0
1789892821.0041013,Router,9999.0,12.5,44.96,0.0,-98.3,22.9,156.62,0.54,176.33,9999.0,45.21,-98.12,0.0,-1.62,-0.6,1,router_latency_spike,0.0
1789892821.0066159,Router,9999.0,12.5,45.39,0.0,-98.0,23.9,156.62,0.55,174.67,9999.0,45.15,-98.1,0.0,-0.33,0.1,1,router_latency_spike,0.0
1789892821.008838,Router,9999.0,12.5,46.44,0.0,-97.6,25.1,156.62,0.68,175.78,9999.0,45.45,-97.98,0.0,1.54,0.6,1,router_latency_spike,0.0
1789892821.0113811,Router,9999.0,12.5,45.02,0.0,-97.3,21.2,156.62,0.79,172.34,9999.0,45.36,-97.84,0.0,-0.47,0.7,1,router_latency_spike,0.0
1789892821.0137863,Router,9999.0,25.0,46.48,0.0,-97.2,24.7,156.62,0.59,174.47,9999.0,45.66,-97.68,0.0,1.49,0.8,1,router_latency_spike,0.0
1789892821.0163991,Router,9999.0,12.5,45.01,0.0,-97.6,21.5,156.62,0.4,177.46,9999.0,45.67,-97.54,0.0,0.05,0.7,1,router_latency_spike,0.0
1789892821.0189621,Router,9999.0,12.5,44.06,0.0,-97.2,18.6,156.62,0.35,177.6,9999.0,45.4,-97.38,0.0,-1.33,0.8,1,router_latency_spike,0.0
1789892821.0214732,Router,9999.0,12.5,44.61,0.0,-97.2,19.9,156.62,0.51,179.56,9999.0,45.04,-97.3,0.0,-1.83,0.4,1,router_latency_spike,0.0
1789892821.0239847,Router,9999.0,12.5,43.49,0.0,-97.1,19.1,156.62,0.5,175.15,9999.0,44.73,-97.26,0.0,-1.53,0.2,1,router_latency_spike,0.0
1789892821.026494,Router,9999.0,12.5,43.29,0.0,-97.2,19.1,156.62,0.41,171.84,9999.0,44.09,-97.26,0.0,-3.19,0.0,1,router_latency_spike,0.0
1789892821.0290027,Router,9999.0,12.5,44.67,0.0,-97.5,17.1,156.62,0.33,174.27,9999.0,44.02,-97.24,0.0,-0.34,0.1,1,,0.0
1789892821.0315402,Router,9999.0,12.5,45.0,0.0,-97.9,20.5,156.62,0.42,179.24,9999.0,44.21,-97.38,0.0,0.94,-0.7,0,none,10.0
1789892821.034015,Router,9999.0,0.0,44.59,0.0,-98.1,20.6,156.62,0.45,179.25,9999.0,44.21,-97.56,0.0,-0.02,-0.9,0,none,10.0
1789892821.0365067,Router,9999.0,0.0,44.61,0.0,-98.3,22.3,156.62,0.31,176.77,9999.0,44.43,-97.8,0.0,1.12,-1.2,0,none,10.0
1789892821.0391026,Router,9999.0,0.0,43.77,0.0,-98.0,22.0,156.62,0.42,182.19,9999.0,44.53,-97.96,0.0,0.48,-0.8,0,none,10.0
1789892821.0417464,Router,9999.0,0.0,43.15,0.0,-97.7,18.0,156.62,0.43,183.62,9999.0,44.22,-98.0,0.0,-1.52,-0.2,0,none,10.0
1789892821.0443463,Router,9999.0,0.0,43.51,0.0,-98.1,15.8,156.62,0.47,188.65,9999.0,43.93,-98.04,0.0,-1.49,-0.2,0,none,10.0
1789892821.0470226,Router,9998.55,0.0,43.19,0.0,-97.9,14.6,156.62,0.4,194.51,9998.91,43.65,-98.0,-0.45,-1.4,0.2,0,none,10.0
1789892821.0498493,Router,9998.73,0.0,43.68,0.0,-98.3,15.6,156.62,0.54,192.53,9998.86,43.46,-98.0,-0.27,-0.93,0.0,0,none,10.0
1789892821.0522962,Router,9999.0,0.0,43.6,0.0,-98.6,12.1,156.62,0.41,188.88,9998.86,43.43,-98.12,0.0,-0.17,-0.6,0,none,10.0
1789892821.0550568,Router,9998.7,0.0,44.65,0.0,-98.6,15.3,156.62,0.46,192.45,9998.8,43.73,-98.3,-0.3,1.5,-0.9,0,none,10.0
1789892821.0576859,Router,9998.37,0.0,44.66,0.0,-98.5,11.9,156.62,0.41,193.36,9998.67,43.96,-98.38,-0.63,1.15,-0.4,0,none,10.0
1789892821.0602894,Router,9998.95,0.0,43.73,0.0,-98.7,15.4,156.62,0.49,195.23,9998.75,44.06,-98.54,0.4,0.54,-0.8,0,none,10.0
1789892821.062901,Router,9998.87,0.0,42.53,0.0,-99.1,14.5,156.62,0.36,191.67,9998.78,43.83,-98.7,0.14,-1.15,-0.8,0,none,10.0
1789892821.0657167,Router,9999.0,0.0,43.98,0.0,-99.2,10.6,156.62,0.32,194.2,9998.78,43.91,-98.82,0.0,0.38,-0.6,0,none,10.0
1789892821.0681584,Router,9998.86,0.0,43.81,0.0,-99.2,12.8,156.62,0.42,199.62,9998.81,43.74,-98.94,0.16,-0.84,-0.6,0,none,10.0
1789892821.0707655,Router,9999.0,0.0,44.72,0.0,-98.8,13.0,156.62,0.32,202.2,9998.94,43.75,-99.0,0.63,0.06,-0.3,0,none,10.0
1789892821.073389,Router,9998.88,0.0,45.1,0.0,-98.8,11.4,156.62,0.53,202.92,9998.92,44.03,-99.02,-0.07,1.37,-0.1,0,none,10.0
1789892821.076093,Router,9998.63,0.0,44.13,0.0,-98.8,12.8,156.62,0.54,202.25,9998.87,44.35,-98.96,-0.24,1.6,0.3,0,none,10.0
1789892821.0786974,Router,9999.0,0.0,43.61,0.0,-99.1,15.5,156.62,0.72,205.66,9998.87,44.27,-98.94,0.0,-0.37,0.1,0,none,10.0
1789892821.081508,Router,9999.0,0.0,44.4,0.0,-98.7,19.3,156.62,0.67,202.94,9998.9,44.39,-98.84,0.14,0.59,0.5,0,none,10.0
1789892821.0841763,Router,9999.0,0.0,44.12,0.0,-98.8,16.3,156.62,0.71,208.43,9998.9,44.27,-98.84,0.0,-0.6,0.0,0,none,10.0
1789892821.0868268,Router,9998.25,0.0,42.75,0.0,-99.2,17.9,156.62,0.72,203.08,9998.78,43.8,-98.92,-0.63,-2.35,-0.4,0,none,10.0
1789892821.0894322,Router,9998.06,0.0,43.68,0.0,-99.3,18.9,156.62,0.54,198.99,9998.66,43.71,-99.02,-0.57,-0.45,-0.5,0,none,10.0
1789892821.0921364,Router,9997.28,0.0,42.55,0.0,-99.6,21.5,156.62,0.36,196.8,9998.32,43.5,-99.12,-1.72,-1.06,-0.5,0,none,10.0
1789892821.0947413,Router,9996.87,0.0,42.63,0.0,-99.3,23.7,156.62,0.27,193.31,9997.89,43.15,-99.24,-2.13,-1.77,-0.6,0,none,10.0
1789892821.097313,Router,9997.28,0.0,42.3,0.0,-99.0,22.7,156.62,0.23,192.26,9997.55,42.78,-99.28,-1.72,-1.82,-0.2,0,none,10.0
1789892821.0999565,Router,9996.64,0.0,41.17,0.0,-99.3,24.3,156.62,0.51,196.34,9997.23,42.47,-99.3,-1.61,-1.58,-0.1,0,none,10.0
1789892821.102528,Router,9997.21,0.0,40.48,0.0,-99.3,24.4,156.62,0.67,201.08,9997.06,41.83,-99.3,-0.85,-3.2,0.0,0,none,10.0
1789892821.1050107,Router,9997.99,0.0,41.7,0.0,-99.4,25.9,156.62,0.49,197.61,9997.2,41.66,-99.26,0.71,-0.85,0.2,0,none,10.0
1789892821.1075523,Router,9998.3,0.0,41.09,0.0,-99.6,22.0,156.62,0.32,192.71,9997.48,41.35,-99.32,1.43,-1.54,-0.3,0,none,10.0
1789892821.110178,Router,9998.02,0.0,42.02,0.0,-99.4,20.2,156.62,0.31,193.62,9997.63,41.29,-99.4,0.74,-0.28,-0.4,0,none,10.0
1789892821.1127162,Router,9997.91,0.0,41.58,0.0,-99.3,19.8,156.62,0.59,191.52,9997.89,41.37,-99.4,1.27,0.41,0.0,0,none,10.0
1789892821.1157136,Router,9998.2,0.0,41.92,0.0,-99.5,23.2,156.62,0.41,194.21,9998.08,41.66,-99.44,0.99,1.44,-0.2,0,none,10.0
1789892821.118437,Router,9998.29,0.0,43.28,0.0,-99.2,23.5,156.62,0.56,193.69,9998.14,41.98,-99.4,0.3,1.58,0.2,0,none,10.0
1789892821.121094,Router,9998.53,0.0,43.17,0.0,-99.1,25.1,156.62,0.47,190.16,9998.19,42.39,-99.3,0.23,2.08,0.5,0,none,10.0
1789892821.123703,Router,9998.22,0.0,41.84,0.0,-99.1,21.8,156.62,0.66,187.42,9998.23,42.36,-99.24,0.2,-0.18,0.3,0,none,10.0
1789892821.126311,Router,9998.56,0.0,43.1,0.0,-98.9,21.1,156.62,0.61,185.61,9998.36,42.66,-99.16,0.65,1.52,0.4,0,none,10.0
1789892821.1293485,Router,9999.0,0.0,43.94,0.0,-100.0,1.0,156.62,0.67,183.61,9998.52,43.07,-99.26,0.8,2.02,-0.5,1,wifi_ap_degrade,0.0
1789892821.1321027,Router,9999.0,0.0,45.21,0.0,-100.0,1.0,156.62,0.41,179.74,9998.66,43.45,-99.42,0.71,1.93,-0.8,1,wifi_ap_degrade,0.0
1789892821.1347446,Router,9999.0,0.0,46.01,0.0,-100.0,1.0,156.62,0.51,180.37,9998.76,44.02,-99.6,0.47,2.84,-0.9,1,wifi_ap_degrade,0.0
1789892821.137361,Router,9999.0,0.0,46.94,0.0,-100.0,1.0,156.62,0.71,179.87,9998.91,45.04,-99.78,0.78,5.1,-0.9,1,wifi_ap_degrade,0.0
1789892821.1401198,Router,9999.0,12.5,47.69,0.0,-100.0,1.0,156.62,0.77,182.12,9999.0,45.96,-100.0,0.44,4.59,-1.1,1,wifi_ap_degrade,0.0
1789892821.1427305,Router,9999.0,12.5,47.04,0.0,-100.0,1.0,156.62,0.58,184.96,9999.0,46.58,-100.0,0.0,3.1,0.0,1,wifi_ap_degrade,0.0
1789892821.1452441,Router,9999.0,12.5,45.73,0.0,-100.0,1.0,156.62,0.52,182.92,9999.0,46.68,-100.0,0.0,0.52,0.0,1,wifi_ap_degrade,0.0
1789892821.1478028,Router,9999.0,12.5,44.62,0.0,-100.0,1.0,156.62,0.43,188.54,9999.0,46.4,-100.0,0.0,-1.39,0.0,1,wifi_ap_degrade,0.0
1789892821.1503425,Router,9999.0,12.5,44.52,0.0,-100.0,1.0,156.62,0.38,192.78,9999.0,45.92,-100.0,0.0,-2.42,0.0,1,wifi_ap_degrade,0.0
1789892821.1529102,Router,9999.0,12.5,45.67,0.0,-100.0,1.0,156.62,0.23,187.26,9999.0,45.52,-100.0,0.0,-2.02,0.0,1,wifi_ap_degrade,0.0
1789892821.155467,Router,9999.0,12.5,46.06,0.0,-100.0,1.0,156.62,0.49,182.58,9999.0,45.32,-100.0,0.0,-0.98,0.0,1,wifi_ap_degrade,0.0
1789892821.1580226,Router,9999.0,12.5,45.1,0.0,-100.0,1.0,156.62,0.47,185.24,9999.0,45.19,-100.0,0.0,-0.63,0.0,1,wifi_ap_degrade,0.0
1789892821.160584,Router,9999.0,0.0,43.81,0.0,-100.0,1.0,156.62,0.59,189.34,9999.0,45.03,-100.0,0.0,-0.81,0.0,1,wifi_ap_degrade,0.0
1789892821.1631837,Router,9999.0,12.5,44.53,0.0,-100.0,1.0,156.62,0.69,190.88,9999.0,45.03,-100.0,0.0,0.01,0.0,1,wifi_ap_degrade,0.0
1789892821.1658142,Router,9999.0,12.5,45.46,0.0,-100.0,1.0,156.62,0.54,184.96,9999.0,44.99,-100.0,0.0,-0.21,0.0,1,,0.0
1789892821.1684391,Router,9999.0,12.5,44.77,0.0,-100.0,1.0,156.62,0.53,185.97,9999.0,44.73,-100.0,0.0,-1.29,0.0,0,none,10.0
1789892821.1711912,Router,9998.84,12.5,44.07,0.0,-99.6,1.0,156.62,0.4,185.49,9998.97,44.53,-99.92,-0.16,-1.03,0.4,0,none,10.0
1789892821.1737444,Router,9998.84,12.5,42.96,0.0,-99.9,1.0,156.62,0.48,181.3,9998.94,44.36,-99.9,-0.16,-0.85,0.1,0,none,10.0
1789892821.176779,Router,9999.0,12.5,42.9,0.0,-100.0,1.0,156.62,0.33,180.78,9998.94,44.03,-99.9,0.0,-1.63,0.0,0,none,10.0
1789892821.1790547,Router,9998.41,12.5,42.92,0.0,-100.0,3.9,156.62,0.23,180.3,9998.82,43.52,-99.9,-0.59,-2.54,0.0,0,none,10.0
1789892821.181488,Router,9998.24,12.5,43.89,0.0,-100.0,7.9,156.62,0.28,182.63,9998.67,43.35,-99.9,-0.76,-0.88,0.0,0,none,10.0
1789892821.184423,Router,9998.49,0.0,43.2,0.0,-100.0,4.0,156.62,0.32,188.45,9998.6,43.17,-99.98,-0.35,-0.87,-0.4,0,none,10.0
1789892821.1870196,Router,9997.78,0.0,44.31,0.0,-100.0,7.4,156.62,0.28,184.04,9998.38,43.44,-100.0,-1.06,1.35,-0.1,0,none,10.0
1789892821.1895685,Router,9997.52,0.0,44.85,0.0,-100.0,5.3,156.62,0.47,186.55,9998.09,43.83,-100.0,-1.48,1.95,0.0,0,none,10.0
1789892821.1924179,Router,9997.89,0.0,46.29,0.0,-99.9,4.2,156.62,0.42,180.99,9997.98,44.51,-99.98,-0.52,3.37,0.1,0,none,10.0
1789892821.1950314,Router,9997.9,0.0,45.31,0.0,-99.5,1.0,156.62,0.31,185.02,9997.92,44.79,-99.88,-0.34,1.42,0.5,0,none,10.0
1789892821.1976297,Router,9997.32,0.0,44.96,0.0,-99.3,1.0,156.62,0.35,181.93,9997.68,45.14,-99.74,-1.17,1.76,0.7,0,none,10.0
1789892821.200238,Router,9997.61,0.0,46.18,0.0,-99.2,1.0,156.62,0.29,187.25,9997.65,45.52,-99.58,-0.17,1.87,0.8,0,none,10.0
1789892821.2029927,Router,9996.82,0.0,45.93,0.0,-99.0,1.0,156.62,0.43,191.35,9997.51,45.73,-99.38,-0.7,1.08,1.0,0,none,10.0
1789892821.2057645,Router,9997.06,0.0,45.15,0.0,-98.7,2.2,156.62,0.66,197.04,9997.34,45.51,-99.14,-0.83,-1.14,1.2,0,none,10.0
1789892821.20816,Router,9999.0,0.0,44.5,0.0,-99.0,1.6,156.62,0.6,192.32,9997.56,45.34,-99.04,1.1,-0.81,0.5,1,router_latency_spike,0.0
1789892821.2105129,Router,9999.0,12.5,45.65,0.0,-99.2,1.0,156.62,0.53,197.65,9997.9,45.48,-99.02,1.68,0.69,0.1,1,router_latency_spike,0.0
1789892821.2129135,Router,9999.0,25.0,45.81,0.0,-99.3,1.0,156.62,0.36,200.82,9998.18,45.41,-99.04,1.39,-0.37,-0.1,1,router_latency_spike,0.0
1789892821.2152996,Router,9999.0,25.0,45.15,0.0,-99.0,1.0,156.62,0.48,202.35,9998.61,45.25,-99.04,2.18,-0.78,0.0,1,router_latency_spike,0.0
1789892821.2177176,Router,9999.0,25.0,46.02,0.0,-99.0,1.9,156.62,0.34,197.24,9999.0,45.43,-99.1,1.94,0.87,-0.3,1,router_latency_spike,0.0
1789892821.220161,Router,9999.0,25.0,46.46,0.0,-98.8,4.9,156.62,0.39,196.75,9999.0,45.82,-99.06,0.0,1.96,0.2,1,router_latency_spike,0.0
1789892821.2229245,Router,9999.0,25.0,46.65,0.0,-99.1,8.5,156.62,0.35,200.94,9999.0,46.02,-99.04,0.0,1.0,0.1,1,router_latency_spike,0.0
1789892821.225632,Router,9999.0,25.0,47.48,0.0,-98.8,7.1,156.62,0.51,198.67,9999.0,46.35,-98.94,0.0,1.67,0.5,1,router_latency_spike,0.0
1789892821.2283835,Router,9999.0,37.5,46.71,0.0,-98.8,5.6,156.62,0.63,203.43,9999.0,46.66,-98.9,0.0,1.56,0.2,1,router_latency_spike,0.0
1789892821.231023,Router,9999.0,25.0,45.86,0.0,-99.0,5.2,156.62,0.61,201.47,9999.0,46.63,-98.9,0.0,-0.16,0.0,1,router_latency_spike,0.0
1789892821.2336397,Router,9999.0,12.5,46.39,0.0,-99.0,7.3,156.62,0.53,203.93,9999.0,46.62,-98.94,0.0,-0.07,-0.2,1,router_latency_spike,0.0
1789892821.2364407,Router,9999.0,12.5,46.8,0.0,-99.0,9.9,156.62,0.63,205.3,9999.0,46.65,-98.92,0.0,0.15,0.1,1,router_latency_spike,0.0
1789892821.2390144,Router,9999.0,12.5,46.79,0.0,-99.2,6.6,156.62,0.49,202.54,9999.0,46.51,-99.0,0.0,-0.69,-0.4,1,,0.0
1789892821.2422516,Router,9998.2,12.5,46.09,0.0,-99.0,8.9,156.62,0.31,205.43,9998.84,46.39,-99.04,-0.8,-0.62,-0.2,1,none,0.2
1789892821.2448568,Router,9998.64,12.5,46.13,0.0,-99.3,4.9,156.62,0.32,202.69,9998.77,46.44,-99.1,-0.36,0.27,-0.3,1,none,0.2
1789892821.2475393,Router,9998.33,12.5,45.47,0.0,-99.5,5.7,156.62,0.55,202.91,9998.63,46.26,-99.2,-0.67,-0.92,-0.5,0,none,10.0
1789892821.250138,Router,9998.53,0.0,46.27,0.0,-99.1,4.2,156.62,0.39,206.49,9998.54,46.15,-99.22,-0.47,-0.53,-0.1,0,none,10.0
1789892821.2532158,Router,9997.91,0.0,47.33,0.0,-98.9,1.0,156.62,0.4,202.62,9998.32,46.26,-99.16,-1.09,0.54,0.3,0,none,10.0
1789892821.255825,Router,9997.18,0.0,46.7,0.0,-98.6,1.0,156.62,0.55,197.32,9998.12,46.38,-99.08,-1.02,0.61,0.4,0,none,10.0
1789892821.2584343,Router,9997.75,0.0,47.24,0.0,-98.8,1.0,156.62,0.62,194.97,9997.94,46.6,-98.98,-0.89,1.11,0.5,0,none,10.0
1789892821.261142,Router,9998.46,0.0,46.23,0.0,-98.5,3.6,156.62,0.66,197.31,9997.97,46.75,-98.78,0.13,0.76,1.0,0,none,10.0
1789892821.2642348,Router,9997.73,0.0,47.45,0.0,-98.7,2.1,156.62,0.42,202.13,9997.81,46.99,-98.7,-0.8,1.18,0.4,0,none,10.0
1789892821.2670364,Router,9997.28,0.0,46.72,0.0,-98.5,1.0,156.62,0.35,206.9,9997.68,46.87,-98.62,-0.63,-0.61,0.4,0,none,10.0
1789892821.2700348,Router,9998.02,0.0,47.73,0.0,-98.7,2.0,156.62,0.42,206.75,9997.85,47.07,-98.64,0.84,1.03,-0.1,0,none,10.0
1789892821.2731326,Router,9998.31,0.0,46.85,0.0,-98.9,1.0,156.62,0.26,208.5,9997.96,47.0,-98.66,0.56,-0.39,-0.1,0,none,10.0
1789892821.2759936,Router,9999.0,0.0,48.13,0.0,-98.8,2.5,156.62,0.44,211.85,9998.07,47.38,-98.72,0.54,1.9,-0.3,1,router_latency_spike,0.0
1789892821.27858,Router,9999.0,0.0,47.99,0.0,-99.1,1.0,156.62,0.53,210.75,9998.32,47.48,-98.8,1.27,0.54,-0.4,1,router_latency_spike,0.0
1789892821.281163,Router,9999.0,0.0,48.67,0.0,-98.9,4.4,156.62,0.42,216.34,9998.67,47.87,-98.88,1.72,1.95,-0.4,1,router_latency_spike,0.0
1789892821.2842624,Router,9999.0,0.0,47.89,0.0,-99.3,3.0,156.62,0.31,218.21,9998.86,47.91,-99.0,0.98,0.16,-0.6,1,router_latency_spike,0.0
1789892821.2868392,Router,9999.0,0.0,48.58,0.0,-99.0,6.1,156.62,0.41,217.8,9999.0,48.25,-99.02,0.69,1.73,-0.1,1,router_latency_spike,0.0
1789892821.2895873,Router,9999.0,0.0,49.65,0.0,-99.2,3.1,156.62,0.64,213.96,9999.0,48.56,-99.1,0.0,1.52,-0.4,1,router_latency_spike,0.0
1789892821.2921991,Router,9999.0,0.0,49.5,0.0,-99.0,1.0,156.62,0.64,213.81,9999.0,48.86,-99.08,0.0,1.51,0.1,1,router_latency_spike,0.0
1789892821.2948833,Router,9999.0,0.0,48.44,0.0,-98.8,3.1,156.62,0.73,218.19,9999.0,48.81,-99.06,0.0,-0.23,0.1,1,router_latency_spike,0.0
1789892821.2977698,Router,9999.0,0.0,49.46,0.0,-98.6,4.9,156.62,0.54,214.67,9999.0,49.13,-98.92,0.0,1.57,0.7,1,router_latency_spike,0.0
1789892821.3002527,Router,9999.0,0.0,50.23,0.0,-98.7,3.6,156.62,0.55,211.19,9999.0,49.46,-98.86,0.0,1.65,0.3,1,router_latency_spike,0.0
1789892821.303008,Router,9999.0,0.0,49.0,0.0,-98.3,6.5,156.62,0.41,205.55,9999.0,49.33,-98.68,0.0,-0.65,0.9,1,router_latency_spike,0.0
1789892821.3056142,Router,9999.0,0.0,48.85,0.0,-98.4,2.6,156.62,0.54,206.08,9999.0,49.2,-98.56,0.0,-0.65,0.6,1,router_latency_spike,0.0
1789892821.3082244,Router,9999.0,12.5,50.18,0.0,-98.6,1.0,156.62,0.66,201.58,9999.0,49.54,-98.52,0.0,1.74,0.2,1,router_latency_spike,0.0
1789892821.310846,Router,9999.0,12.5,51.16,0.0,-98.9,2.8,156.62,0.42,205.87,9999.0,49.88,-98.58,0.0,1.7,-0.3,1,,0.0
1789892821.3136764,Router,9999.0,12.5,52.61,0.0,-99.2,4.7,156.62,0.43,207.89,9999.0,50.36,-98.68,0.0,2.38,-0.5,1,none,1.17
1789892821.3161907,Router,9999.0,12.5,53.22,0.0,-98.9,4.0,156.62,0.62,210.05,9999.0,51.2,-98.8,0.0,4.22,-0.6,1,none,1.0
1789892821.3187568,Router,9998.41,12.5,52.66,0.0,-98.6,1.3,156.62,0.62,213.73,9998.88,51.97,-98.84,-0.59,3.81,-0.2,1,none,0.83
1789892821.321377,Router,9998.31,12.5,54.0,0.0,-98.8,2.6,156.62,0.6,217.78,9998.74,52.73,-98.88,-0.69,3.82,-0.2,1,none,0.67
1789892821.324103,Router,9998.41,12.5,53.44,0.0,-99.1,3.8,156.62,0.68,222.36,9998.63,53.19,-98.92,-0.59,2.28,-0.2,1,none,0.5
1789892821.3267274,Router,9998.69,12.5,53.25,0.0,-99.1,3.7,156.62,0.77,217.65,9998.56,53.31,-98.9,-0.31,0.64,0.1,1,none,0.33
1789892821.3295426,Router,9999.0,0.0,53.81,0.0,-99.2,5.1,156.62,0.75,213.06,9998.56,53.43,-98.96,0.0,0.59,-0.3,1,none,0.2
1789892821.332018,Router,9998.67,0.0,54.91,0.0,-99.5,5.6,156.62,0.71,211.17,9998.62,53.88,-99.14,0.26,2.25,-0.9,1,none,0.2
1789892821.334684,Router,9999.0,0.0,55.4,0.0,-99.8,8.7,156.62,0.72,207.73,9998.75,54.16,-99.34,0.69,1.4,-1.0,0,none,10.0
1789892821.3372917,Router,9999.0,0.0,56.21,0.0,-99.9,8.6,156.62,0.57,205.18,9998.87,54.72,-99.5,0.59,2.77,-0.8,0,none,10.0
1789892821.3399107,Router,9999.0,0.0,56.03,0.0,-99.5,8.0,156.62,0.53,202.74,9998.93,55.27,-99.58,0.31,2.78,-0.4,0,none,10.0
1789892821.3427017,Router,9998.87,0.0,55.8,0.0,-99.3,6.3,156.62,0.66,200.9,9998.91,55.67,-99.6,-0.13,1.99,-0.1,0,none,10.0
1789892821.3455088,Router,9998.91,0.0,56.22,0.0,-98.9,8.3,156.62,0.77,204.53,9998.96,55.93,-99.48,0.24,1.31,0.6,0,none,10.0
1789892821.3478556,Router,9998.53,0.0,56.66,0.0,-98.5,7.2,156.62,0.66,203.49,9998.86,56.18,-99.22,-0.47,1.26,1.3,0,none,10.0
1789892821.3503644,Router,9998.4,0.0,55.5,0.0,-98.7,4.0,156.62,0.41,204.63,9998.74,56.04,-98.98,-0.6,-0.71,1.2,0,none,10.0
1789892821.3529167,Router,9997.65,0.0,56.22,0.0,-99.0,2.0,156.62,0.38,201.26,9998.47,56.08,-98.88,-1.35,0.19,0.5,0,none,10.0
1789892821.355445,Router,9997.91,0.0,55.96,0.0,-99.4,1.0,156.62,0.3,206.44,9998.28,56.11,-98.9,-0.96,0.16,-0.1,0,none,10.0
1789892821.3579636,Router,9998.39,0.0,56.74,0.0,-99.1,3.0,156.62,0.2,209.0,9998.18,56.22,-98.94,-0.52,0.52,-0.2,0,none,10.0
1789892821.3604617,Router,9997.96,0.0,57.35,0.0,-98.9,3.4,156.62,0.25,212.08,9998.06,56.35,-99.02,-0.57,0.69,-0.4,0,none,10.0
1789892821.3628852,Router,9998.67,0.0,57.43,0.0,-98.5,1.0,156.62,0.4,216.28,9998.12,56.74,-98.98,0.27,1.93,0.2,0,none,10.0
1789892821.3653622,Router,9998.89,0.0,58.56,0.0,-98.6,1.0,156.62,0.48,214.93,9998.36,57.21,-98.9,1.24,2.34,0.4,0,none,10.0
1789892821.3680723,Router,9998.49,0.0,58.71,0.0,-98.5,1.0,156.62,0.58,220.58,9998.48,57.76,-98.72,0.58,2.75,0.9,0,none,10.0
1789892821.3706613,Router,9998.79,0.0,57.7,0.0,-98.5,4.2,156.62,0.48,215.75,9998.56,57.95,-98.6,0.4,0.96,0.6,0,none,10.0
1789892821.3732765,Router,9998.55,0.0,58.95,0.0,-98.8,5.8,156.62,0.31,213.15,9998.68,58.27,-98.58,0.59,1.6,0.1,0,none,10.0
1789892821.3759127,Router,9998.3,0.0,60.0,0.0,-98.8,9.1,156.62,0.58,214.21,9998.6,58.78,-98.64,-0.37,2.57,-0.3,0,none,10.0
1789892821.3793836,Router,9997.8,0.0,60.2,0.0,-98.5,7.6,156.62,0.4,213.06,9998.39,59.11,-98.62,-1.09,1.64,0.1,0,none,10.0
1789892821.3819435,Router,9998.14,0.0,59.39,0.0,-98.4,11.0,156.62,0.43,214.78,9998.32,59.25,-98.6,-0.35,0.68,0.1,0,none,10.0
1789892821.3846438,Router,9998.28,0.0,59.03,0.0,-98.5,12.0,156.62,0.34,212.79,9998.21,59.51,-98.6,-0.51,1.33,0.0,0,none,10.0
1789892821.3872683,Router,9997.88,0.0,59.05,0.0,-98.6,13.6,156.62,0.28,215.21,9998.08,59.53,-98.56,-0.67,0.1,0.2,0,none,10.0
1789892821.3898807,Router,9997.98,0.0,57.95,0.0,-99.0,12.9,156.62,0.18,210.31,9998.02,59.12,-98.6,-0.32,-2.05,-0.2,0,none,10.0
1789892821.3927152,Router,9997.37,0.0,57.87,0.0,-98.7,14.1,156.62,0.28,208.07,9997.93,58.66,-98.64,-0.43,-2.33,-0.2,0,none,10.0
1789892821.3952131,Router,9999.0,0.0,58.84,0.0,-100.0,1.0,156.62,0.35,202.07,9998.1,58.55,-98.96,0.86,-0.55,-1.6,1,wifi_ap_degrade,0.0
1789892821.3978934,Router,9999.0,0.0,59.44,0.0,-100.0,1.0,156.62,0.56,198.87,9998.25,58.63,-99.26,0.72,0.41,-1.5,1,wifi_ap_degrade,0.0
1789892821.4006608,Router,9999.0,0.0,58.34,0.0,-100.0,1.0,156.62,0.49,200.06,9998.47,58.49,-99.54,1.12,-0.71,-1.4,1,wifi_ap_degrade,0.0
1789892821.4033089,Router,9999.0,0.0,59.24,0.0,-100.0,1.0,156.62,0.31,201.24,9998.67,58.75,-99.74,1.02,1.29,-1.0,1,wifi_ap_degrade,0.0
1789892821.4060426,Router,9999.0,0.0,58.35,0.0,-100.0,1.0,156.62,0.25,206.18,9999.0,58.84,-100.0,1.63,0.48,-1.3,1,wifi_ap_degrade,0.0
1789892821.4084258,Router,9999.0,0.0,59.63,0.0,-100.0,1.0,156.62,0.35,212.0,9999.0,59.0,-100.0,0.0,0.79,0.0,1,wifi_ap_degrade,0.0
1789892821.4111202,Router,9999.0,0.0,60.77,0.0,-100.0,1.0,156.62,0.23,213.03,9999.0,59.27,-100.0,0.0,1.33,0.0,1,wifi_ap_degrade,0.0
1789892821.4136114,Router,9999.0,0.0,61.49,0.0,-100.0,1.0,156.62,0.22,211.99,9999.0,59.9,-100.0,0.0,3.15,0.0,1,wifi_ap_degrade,0.0
1789892821.4160237,Router,9999.0,0.0,61.47,0.0,-100.0,1.0,156.62,0.28,207.8,9999.0,60.34,-100.0,0.0,2.23,0.0,1,wifi_ap_degrade,0.0
1789892821.4184604,Router,9999.0,0.0,61.88,0.0,-100.0,1.0,156.62,0.33,202.01,9999.0,61.05,-100.0,0.0,3.53,0.0,1,wifi_ap_degrade,0.0
1789892821.4208956,Router,9999.0,0.0,62.27,0.0,-100.0,1.0,156.62,0.4,199.64,9999.0,61.58,-100.0,0.0,2.64,0.0,1,wifi_ap_degrade,0.0
1789892821.4235477,Router,9999.0,0.0,61.05,0.0,-100.0,1.0,156.62,0.62,205.48,9999.0,61.63,-100.0,0.0,0.28,0.0,1,,0.0
1789892821.4259605,Router,9998.21,0.0,60.92,0.0,-100.0,1.0,156.62,0.58,203.18,9998.84,61.52,-100.0,-0.79,-0.57,0.0,1,none,0.2
1789892821.4284115,Router,9997.52,0.0,59.51,0.0,-100.0,1.0,156.62,0.54,205.56,9998.55,61.13,-100.0,-1.48,-1.96,0.0,0,none,10.0
1789892821.4308417,Router,9998.11,0.0,58.4,0.0,-100.0,1.0,156.62,0.34,201.27,9998.37,60.43,-100.0,-0.89,-3.48,0.0,0,none,10.0
1789892821.433295,Router,9998.57,0.0,59.42,0.0,-99.8,1.0,156.62,0.25,201.76,9998.28,59.86,-99.96,-0.43,-2.85,0.2,0,none,10.0
1789892821.435724,Router,9997.93,0.0,59.99,0.0,-99.4,1.0,156.62,0.51,201.64,9998.07,59.65,-99.84,-1.07,-1.06,0.6,0,none,10.0
1789892821.4381242,Router,9997.27,0.0,59.33,0.0,-99.8,1.0,156.62,0.7,199.3,9997.88,59.33,-99.8,-0.94,-1.59,0.2,0,none,10.0
1789892821.4409175,Router,9997.06,0.0,60.69,0.0,-99.7,1.0,156.62,0.58,204.41,9997.79,59.57,-99.74,-0.46,1.18,0.3,0,none,10.0
1789892821.4433227,Router,9996.9,0.0,60.43,0.0,-100.0,4.3,156.62,0.46,209.79,9997.55,59.97,-99.74,-1.21,2.03,0.0,0,none,10.0
1789892821.4457488,Router,9996.75,0.0,61.72,0.0,-100.0,7.6,156.62,0.32,212.4,9997.18,60.43,-99.78,-1.82,2.3,-0.2,0,none,10.0
1789892821.4481697,Router,9996.11,0.0,61.26,0.0,-100.0,8.5,156.62,0.41,214.6,9996.82,60.69,-99.9,-1.82,1.27,-0.6,0,none,10.0
1789892821.450599,Router,9996.39,0.0,61.7,0.0,-100.0,4.8,156.62,0.37,213.48,9996.64,61.16,-99.94,-0.88,2.37,-0.2,0,none,10.0
1789892821.4532468,Router,9996.74,0.0,62.22,0.0,-100.0,3.1,156.62,0.41,218.34,9996.58,61.47,-100.0,-0.32,1.53,-0.3,0,none,10.0
1789892821.4562743,Router,9996.74,0.0,62.09,0.0,-99.6,5.6,156.62,0.42,219.39,9996.55,61.8,-99.92,-0.16,1.66,0.4,0,none,10.0
1789892821.4588852,Router,9999.0,0.0,62.34,0.0,-99.5,5.8,156.62,0.64,216.48,9997.0,61.92,-99.82,2.25,0.62,0.5,1,router_packet_loss,0.0
1789892821.4615881,Router,9999.0,12.5,62.85,0.0,-99.3,8.0,156.62,0.5,216.19,9997.57,62.24,-99.68,2.89,1.59,0.7,1,router_packet_loss,0.0
1789892821.464289,Router,9999.0,12.5,63.16,0.0,-99.4,4.1,156.62,0.54,218.99,9998.1,62.53,-99.56,2.61,1.46,0.6,1,router_packet_loss,0.0
1789892821.4669776,Router,9999.0,25.0,61.89,0.0,-99.2,7.6,156.62,0.36,223.09,9998.55,62.47,-99.4,2.26,-0.33,0.8,1,router_packet_loss,0.0
1789892821.4694247,Router,9999.0,25.0,60.69,0.0,-99.1,5.1,156.62,0.6,228.04,9999.0,62.19,-99.3,2.26,-1.4,0.5,1,router_packet_loss,0.0
1789892821.4718728,Router,9999.0,25.0,59.3,0.0,-99.4,4.1,156.62,0.43,225.04,9999.0,61.58,-99.28,0.0,-3.04,0.1,1,router_packet_loss,0.0
1789892821.47446,Router,9999.0,25.0,58.97,0.0,-99.3,1.0,156.62,0.42,228.2,9999.0,60.8,-99.28,0.0,-3.88,0.0,1,router_packet_loss,0.0
1789892821.4768972,Router,9999.0,37.5,57.92,0.0,-99.0,1.0,156.62,0.27,232.32,9999.0,59.75,-99.2,0.0,-5.24,0.4,1,router_packet_loss,0.0
1789892821.4793763,Router,9999.0,50.0,57.88,0.0,-98.7,1.0,156.62,0.38,229.12,9999.0,58.95,-99.1,0.0,-4.01,0.5,1,router_packet_loss,0.0
1789892821.4820628,Router,9999.0,50.0,56.81,0.0,-98.6,1.0,156.62,0.43,230.67,9999.0,58.18,-99.0,0.0,-3.88,0.5,1,router_packet_loss,0.0
1789892821.4848728,Router,9999.0,62.5,57.75,0.0,-98.5,4.3,156.62,0.27,232.04,9999.0,57.87,-98.82,0.0,-1.55,0.9,1,router_packet_loss,0.0
1789892821.4872332,Router,9999.0,50.0,57.47,0.0,-98.6,3.9,156.62,0.35,227.72,9999.0,57.57,-98.68,0.0,-1.5,0.7,1,router_packet_loss,0.0
1789892821.4896452,Router,9999.0,62.5,57.83,0.0,-98.5,7.9,156.62,0.35,228.6,9999.0,57.55,-98.58,0.0,-0.09,0.5,1,router_packet_loss,0.0
1789892821.4920871,Router,9999.0,75.0,56.49,0.0,-98.4,7.0,156.62,0.39,232.83,9999.0,57.27,-98.52,0.0,-1.39,0.3,1,router_packet_loss,0.0
1789892821.4945383,Router,9999.0,75.0,57.73,0.0,-98.0,6.9,156.62,0.32,238.72,9999.0,57.45,-98.4,0.0,0.92,0.6,1,router_packet_loss,0.0
1789892821.497205,Router,9999.0,75.0,56.59,0.0,-97.8,8.1,156.62,0.27,233.72,9999.0,57.22,-98.26,0.0,-1.16,0.7,1,,0.0
1789892821.4996572,Router,9999.0,62.5,56.12,0.0,-97.4,7.4,156.62,0.29,234.8,9999.0,56.95,-98.02,0.0,-1.35,1.2,0,none,10.0
1789892821.5024672,Router,9999.0,50.0,55.8,0.0,-97.1,11.1,156.62,0.4,239.12,9999.0,56.55,-97.74,0.0,-2.03,1.4,0,none,10.0
1789892821.5049114,Router,9998.48,37.5,55.05,0.0,-97.3,13.4,156.62,0.37,242.61,9998.9,56.26,-97.52,-0.52,-1.44,1.1,0,none,10.0
1789892821.5073671,Router,9998.74,37.5,56.48,0.0,-97.0,16.6,156.62,0.53,246.6,9998.84,56.01,-97.32,-0.26,-1.25,1.0,0,none,10.0
1789892821.5098042,Router,9998.1,25.0,57.37,0.0,-97.2,19.2,156.62,0.63,246.02,9998.66,56.16,-97.2,-0.9,0.78,0.6,0,none,10.0
1789892821.5122442,Router,9998.16,12.5,56.9,0.0,-97.2,15.7,156.62,0.68,246.91,9998.5,56.32,-97.16,-0.84,0.78,0.2,0,none,10.0
1789892821.5146809,Router,9998.81,12.5,56.74,0.0,-96.8,14.2,156.62,0.67,243.79,9998.46,56.51,-97.1,-0.19,0.94,0.3,0,none,10.0
1789892821.5170903,Router,9998.01,0.0,56.59,0.0,-96.7,14.3,156.62,0.61,238.63,9998.36,56.82,-96.98,-0.47,1.54,0.6,0,none,10.0
1789892821.5198617,Router,9998.24,0.0,56.76,0.0,-97.0,14.8,156.62,0.53,236.3,9998.26,56.87,-96.98,-0.5,0.28,0.0,0,none,10.0
1789892821.5225673,Router,9997.65,0.0,57.16,0.0,-96.8,18.0,156.62,0.56,236.23,9998.17,56.83,-96.9,-0.45,-0.21,0.4,0,none,10.0
1789892821.5252416,Router,9997.72,0.0,58.56,0.0,-97.0,21.2,156.62,0.71,237.72,9998.09,57.16,-96.86,-0.44,1.66,0.2,0,none,10.0
1789892821.5279136,Router,9997.1,0.0,59.6,0.0,-97.1,21.8,156.62,0.64,235.39,9997.74,57.73,-96.92,-1.71,2.86,-0.3,0,none,10.0
1789892821.5306177,Router,9996.64,0.0,59.14,0.0,-97.1,21.9,156.62,0.58,240.99,9997.47,58.24,-97.0,-1.37,2.55,-0.4,0,none,10.0
1789892821.5333297,Router,9995.88,0.0,60.36,0.0,-96.9,19.6,156.62,0.51,242.8,9997.0,58.96,-96.98,-2.36,3.6,0.1,0,none,10.0
1789892821.536023,Router,9996.67,0.0,60.73,0.0,-96.9,20.7,156.62,0.31,238.24,9996.8,59.68,-97.0,-0.98,3.57,-0.1,0,none,10.0
1789892821.5386817,Router,9997.45,0.0,59.66,0.0,-97.1,17.6,156.62,0.45,238.18,9996.75,59.9,-97.02,-0.27,1.1,-0.1,0,none,10.0
1789892821.5414195,Router,9997.98,0.0,59.98,0.0,-96.8,14.3,156.62,0.58,243.81,9996.92,59.97,-96.96,0.88,0.38,0.3,0,none,10.0
1789892821.5441675,Router,9997.91,0.0,60.69,0.0,-96.5,17.2,156.62,0.53,240.01,9997.18,60.28,-96.84,1.27,1.55,0.6,0,none,10.0
1789892821.546917,Router,9997.42,0.0,61.58,0.0,-96.2,16.4,156.62,0.36,234.72,9997.49,60.53,-96.7,1.54,1.22,0.7,0,none,10.0
1789892821.549677,Router,9996.67,0.0,60.73,0.0,-95.9,13.2,156.62,0.52,237.87,9997.49,60.53,-96.5,0.0,0.0,1.0,0,none,10.0
1789892821.552361,Router,9996.07,0.0,61.76,0.0,-95.7,12.9,156.62,0.68,232.64,9997.21,60.95,-96.22,-1.38,2.1,1.4,0,none,10.0
1789892821.5549781,Router,9996.57,0.0,63.04,0.0,-96.0,16.7,156.62,0.42,229.08,9996.93,61.56,-96.06,-1.41,3.06,0.8,0,none,10.0
1789892821.557627,Router,9996.11,0.0,62.51,0.0,-96.3,19.2,156.62,0.48,227.33,9996.57,61.92,-96.02,-1.8,1.82,0.2,0,none,10.0
1789892821.5606608,Router,9995.56,0.0,62.57,0.0,-95.9,21.3,156.62,0.38,226.15,9996.2,62.12,-95.96,-1.86,0.99,0.3,0,none,10.0
1789892821.5632248,Router,9999.0,0.0,63.31,0.0,-96.2,24.6,156.62,0.48,223.23,9996.66,62.64,-96.02,2.33,2.58,-0.3,1,router_latency_spike,0.0
1789892821.565869,Router,9999.0,12.5,62.96,0.0,-95.8,26.1,156.62,0.61,222.27,9997.25,62.88,-96.04,2.93,1.2,-0.1,1,router_latency_spike,0.0
1789892821.5684211,Router,9999.0,12.5,63.98,0.0,-95.5,27.9,156.62,0.46,220.93,9997.73,63.07,-95.94,2.43,0.94,0.5,1,router_latency_spike,0.0
1789892821.5711036,Router,9999.0,12.5,63.86,0.0,-95.2,24.0,156.62,0.33,216.89,9998.31,63.34,-95.72,2.89,1.35,1.1,1,router_latency_spike,0.0
1789892821.573792,Router,9999.0,25.0,65.05,0.0,-95.1,26.2,156.62,0.26,214.93,9999.0,63.83,-95.56,3.44,2.48,0.8,1,router_latency_spike,0.0
1789892821.576149,Router,9999.0,25.0,65.27,0.0,-94.9,22.5,156.62,0.29,220.77,9999.0,64.22,-95.3,0.0,1.96,1.3,1,router_latency_spike,0.0
1789892821.578582,Router,9999.0,25.0,63.99,0.0,-94.6,18.9,156.62,0.26,224.75,9999.0,64.43,-95.06,0.0,1.03,1.2,1,router_latency_spike,0.0
1789892821.5812068,Router,9999.0,25.0,65.18,0.0,-94.6,21.4,156.62,0.25,230.35,9999.0,64.67,-94.88,0.0,1.2,0.9,1,router_latency_spike,0.0
1789892821.583554,Router,9999.0,25.0,66.12,0.0,-94.2,17.6,156.62,0.16,226.54,9999.0,65.12,-94.68,0.0,2.26,1.0,1,router_latency_spike,0.0
1789892821.585835,Router,9999.0,12.5,66.58,0.0,-94.1,13.9,156.62,0.14,231.92,9999.0,65.43,-94.48,0.0,1.53,1.0,1,router_latency_spike,0.0
1789892821.5882041,Router,9999.0,12.5,65.53,0.0,-93.9,14.3,156.62,0.22,234.24,9999.0,65.48,-94.28,0.0,0.26,1.0,1,,0.0
1789892821.5908675,Router,9998.83,12.5,64.79,0.0,-93.5,17.2,156.62,0.53,231.93,9998.97,65.64,-94.06,-0.17,0.8,1.1,1,none,0.2
1789892821.5932531,Router,9998.54,0.0,65.79,0.0,-93.2,14.6,156.62,0.61,229.17,9998.87,65.76,-93.78,-0.46,0.61,1.4,1,none,0.2
1789892821.5960088,Router,9998.06,0.0,67.04,0.0,-93.3,14.6,156.62,0.59,225.24,9998.69,65.95,-93.6,-0.94,0.92,0.9,0,none,10.0
1789892821.5987513,Router,9997.78,0.0,66.09,0.0,-93.5,13.4,156.62,0.74,223.53,9998.44,65.85,-93.48,-1.22,-0.49,0.6,0,none,10.0
1789892821.6015024,Router,9998.36,0.0,65.77,0.0,-93.9,12.4,156.62,0.61,219.32,9998.31,65.9,-93.48,-0.64,0.24,0.0,0,none,10.0
1789892821.6037602,Router,9997.88,0.0,65.73,0.0,-93.7,12.2,156.62,0.73,215.56,9998.12,66.08,-93.52,-0.95,0.94,-0.2,0,none,10.0
1789892821.6062868,Router,9997.53,0.0,65.69,0.0,-93.5,10.4,156.62,0.53,215.21,9997.92,66.06,-93.58,-1.01,-0.1,-0.3,0,none,10.0
1789892821.60897,Router,9998.12,0.0,66.06,0.0,-93.6,6.8,156.62,0.62,216.42,9997.93,65.87,-93.64,0.06,-0.98,-0.3,0,none,10.0
1789892821.6115801,Router,9998.27,0.0,66.72,0.0,-94.0,10.4,156.62,0.63,219.23,9998.03,65.99,-93.74,0.49,0.63,-0.5,0,none,10.0
1789892821.614192,Router,9998.56,0.0,67.16,0.0,-93.8,8.8,156.62,0.5,216.27,9998.07,66.27,-93.72,0.2,1.39,0.1,0,none,10.0
1789892821.6168253,Router,9998.59,0.0,66.58,0.0,-93.7,7.3,156.62,0.56,215.81,9998.21,66.44,-93.72,0.71,0.85,0.0,0,none,10.0
1789892821.6194491,Router,9998.98,0.0,67.13,0.0,-93.6,9.5,156.62,0.52,216.83,9998.5,66.73,-93.74,1.45,1.44,-0.1,0,none,10.0
1789892821.6227508,Router,9998.68,0.0,65.85,0.0,-93.9,13.0,156.62,0.66,218.94,9998.62,66.69,-93.8,0.56,-0.21,-0.3,0,none,10.0
1789892821.6249235,Router,9998.26,0.0,67.01,0.0,-94.2,16.5,156.62,0.68,221.6,9998.61,66.75,-93.84,-0.01,0.29,-0.2,0,none,10.0
1789892821.627108,Router,9997.87,0.0,68.08,0.0,-94.4,15.7,156.62,0.59,221.5,9998.48,66.93,-93.96,-0.69,0.92,-0.6,0,none,10.0
1789892821.6292982,Router,9998.23,0.0,68.6,0.0,-94.5,14.9,156.62,0.42,223.16,9998.4,67.33,-94.12,-0.36,2.02,-0.8,0,none,10.0
1789892821.6317947,Router,9998.26,0.0,67.79,0.0,-94.4,14.8,156.62,0.47,220.11,9998.26,67.47,-94.28,-0.72,0.66,-0.8,0,none,10.0
1789892821.6344619,Router,9998.31,0.0,67.07,0.0,-94.4,14.7,156.62,0.42,219.3,9998.19,67.71,-94.38,-0.37,1.22,-0.5,0,none,10.0
1789892821.6370223,Router,9997.67,0.0,68.01,0.0,-94.5,15.8,156.62,0.4,219.72,9998.07,67.91,-94.44,-0.59,1.0,-0.3,0,none,10.0
1789892821.6398368,Router,9997.19,0.0,68.19,0.0,-94.8,15.1,156.62,0.64,223.75,9997.93,67.93,-94.52,-0.68,0.11,-0.4,0,none,10.0
1789892821.6424358,Router,9997.41,0.0,67.76,0.0,-94.6,14.7,156.62,0.39,227.06,9997.77,67.76,-94.54,-0.82,-0.84,-0.1,0,none,10.0
1789892821.6451936,Router,9997.7,0.0,67.9,0.0,-94.5,18.6,156.62,0.44,229.29,9997.66,67.79,-94.56,-0.56,0.11,-0.1,0,none,10.0
1789892821.647844,Router,9997.47,0.0,66.6,0.0,-94.1,19.2,156.62,0.6,228.96,9997.49,67.69,-94.5,-0.84,-0.47,0.3,0,none,10.0
1789892821.6504602,Router,9996.92,0.0,66.12,0.0,-93.8,16.5,156.62,0.72,234.13,9997.34,67.31,-94.36,-0.75,-1.89,0.7,0,none,10.0
1789892821.653287,Router,9997.19,0.0,67.28,0.0,-94.1,18.3,156.62,0.7,233.49,9997.34,67.13,-94.22,0.0,-0.91,0.7,0,none,10.0
1789892821.6562498,Router,9996.45,0.0,66.69,0.0,-94.0,21.1,156.62,0.64,234.42,9997.15,66.92,-94.1,-0.96,-1.07,0.6,0,none,10.0
1789892821.6588633,Router,9996.32,0.0,67.07,0.0,-93.9,24.8,156.62,0.44,233.7,9996.87,66.75,-93.98,-1.38,-0.83,0.6,0,none,10.0
1789892821.6614919,Router,9996.85,0.0,67.3,0.0,-93.5,25.1,156.62,0.42,236.86,9996.75,66.89,-93.86,-0.62,0.7,0.6,0,none,10.0
1789892821.6642826,Router,9997.21,0.0,67.15,0.0,-93.6,28.0,156.62,0.31,240.05,9996.8,67.1,-93.82,0.29,1.03,0.2,0,none,10.0
1789892821.666895,Router,9996.8,0.0,65.65,0.0,-93.6,30.3,156.62,0.27,236.94,9996.73,66.77,-93.72,-0.39,-1.63,0.5,0,none,10.0
1789892821.6693947,Router,9996.67,0.0,65.32,0.0,-93.5,28.0,156.62,0.48,242.16,9996.77,66.5,-93.62,0.22,-1.37,0.5,0,none,10.0
1789892821.6718447,Router,9996.4,0.0,63.85,0.0,-93.2,31.4,156.62,0.37,245.03,9996.79,65.85,-93.48,0.08,-3.22,0.7,0,none,10.0
1789892821.6748836,Router,9997.13,0.0,64.11,0.0,-93.5,29.6,156.62,0.5,249.91,9996.84,65.22,-93.48,0.28,-3.19,0.0,0,none,10.0
1789892821.677241,Router,9997.31,0.0,65.25,0.0,-93.9,27.6,156.62,0.58,247.23,9996.86,64.84,-93.54,0.1,-1.9,-0.3,0,none,10.0
1789892821.679609,Router,9997.67,0.0,64.55,0.0,-93.7,27.1,156.62,0.59,247.31,9997.04,64.62,-93.56,0.87,-1.1,-0.1,0,none,10.0
1789892821.68217,Router,9997.7,0.0,65.6,0.0,-93.5,30.3,156.62,0.73,249.81,9997.24,64.67,-93.56,1.03,0.28,0.0,0,none,10.0
1789892821.6847634,Router,9997.5,0.0,65.72,0.0,-93.3,29.1,156.62,0.73,247.16,9997.46,65.05,-93.58,1.1,1.87,-0.1,0,none,10.0
1789892821.6874275,Router,9997.26,0.0,66.35,0.0,-93.5,30.7,156.62,0.7,246.18,9997.49,65.49,-93.58,0.13,2.24,0.0,0,none,10.0
1789892821.6901052,Router,9997.98,0.0,66.53,0.0,-93.4,33.0,156.62,0.68,244.98,9997.62,65.75,-93.48,0.67,1.28,0.5,0,none,10.0
1789892821.6927228,Router,9998.65,0.0,65.45,0.0,-93.5,36.4,156.62,0.66,245.91,9997.82,65.93,-93.44,0.98,0.9,0.2,0,none,10.0
1789892821.6957777,Router,9998.93,0.0,66.19,0.0,-93.3,37.6,156.62,0.72,245.85,9998.06,66.05,-93.4,1.23,0.59,0.2,0,none,10.0
1789892821.69839,Router,9998.69,0.0,65.21,0.0,-93.3,35.6,156.62,0.81,249.49,9998.3,65.95,-93.4,1.19,-0.51,0.0,0,none,10.0
1789892821.7010074,Router,9998.47,0.0,65.07,0.0,-92.9,38.1,156.62,0.51,246.89,9998.54,65.69,-93.28,1.21,-1.28,0.6,0,none,10.0
1789892821.7036161,Router,9999.0,0.0,64.02,0.0,-93.0,34.7,156.62,0.36,242.24,9998.75,65.19,-93.2,1.02,-2.51,0.4,0,none,10.0
1789892821.706259,Router,9998.25,0.0,62.61,0.0,-93.3,36.8,156.62,0.52,243.93,9998.67,64.62,-93.16,-0.4,-2.84,0.2,0,none,10.0
1789892821.7088952,Router,9999.0,0.0,63.35,0.0,-93.6,33.1,156.62,0.71,242.81,9998.68,64.05,-93.22,0.07,-2.84,-0.3,0,none,10.0
1789892821.7118495,Router,9999.0,0.0,64.27,0.0,-93.9,33.4,156.62,0.73,243.88,9998.74,63.86,-93.34,0.31,-0.94,-0.6,0,none,10.0
1789892821.714371,Router,9999.0,0.0,63.45,0.0,-94.0,33.5,156.62,0.59,239.24,9998.85,63.54,-93.56,0.53,-1.62,-1.1,0,none,10.0
1789892821.71707,Router,9999.0,0.0,62.44,0.0,-100.0,1.0,156.62,0.56,244.62,9998.85,63.22,-94.96,0.0,-1.58,-7.0,1,wifi_ap_degrade,0.0
1789892821.7197325,Router,9999.0,12.5,61.89,0.0,-100.0,1.0,156.62,0.48,247.91,9999.0,63.08,-96.3,0.75,-0.72,-6.7,1,wifi_ap_degrade,0.0
1789892821.7223737,Router,9999.0,12.5,62.92,0.0,-100.0,1.0,156.62,0.48,242.28,9999.0,62.99,-97.58,0.0,-0.43,-6.4,1,wifi_ap_degrade,0.0
1789892821.725201,Router,9999.0,12.5,61.49,0.0,-100.0,1.0,156.62,0.48,240.58,9999.0,62.44,-98.8,0.0,-2.78,-6.1,1,wifi_ap_degrade,0.0
1789892821.7281306,Router,9999.0,25.0,61.59,0.0,-100.0,1.0,156.62,0.33,237.49,9999.0,62.07,-100.0,0.0,-1.86,-6.0,1,wifi_ap_degrade,0.0
1789892821.7307894,Router,9999.0,25.0,60.76,0.0,-100.0,1.0,156.62,0.38,237.95,9999.0,61.73,-100.0,0.0,-1.68,0.0,1,wifi_ap_degrade,0.0
1789892821.7334383,Router,9999.0,25.0,61.52,0.0,-100.0,1.0,156.62,0.32,237.57,9999.0,61.66,-100.0,0.0,-0.37,0.0,1,wifi_ap_degrade,0.0
1789892821.7360313,Router,9999.0,25.0,60.99,0.0,-100.0,1.0,156.62,0.43,241.73,9999.0,61.27,-100.0,0.0,-1.93,0.0,1,wifi_ap_degrade,0.0
1789892821.73869,Router,9999.0,25.0,61.1,0.0,-100.0,1.0,156.62,0.56,236.46,9999.0,61.19,-100.0,0.0,-0.39,0.0,1,wifi_ap_degrade,0.0
1789892821.741342,Router,9999.0,12.5,61.13,0.0,-100.0,1.0,156.62,0.38,238.75,9999.0,61.1,-100.0,0.0,-0.46,0.0,1,wifi_ap_degrade,0.0
1789892821.7446547,Router,9999.0,12.5,59.97,0.0,-100.0,1.0,156.62,0.25,242.09,9999.0,60.94,-100.0,0.0,-0.79,0.0,1,wifi_ap_degrade,0.0
1789892821.747276,Router,9999.0,12.5,60.16,0.0,-100.0,1.0,156.62,0.53,245.62,9999.0,60.67,-100.0,0.0,-1.36,0.0,1,wifi_ap_degrade,0.0
1789892821.749915,Router,9999.0,0.0,60.3,0.0,-100.0,1.0,156.62,0.72,249.35,9999.0,60.53,-100.0,0.0,-0.69,0.0,1,wifi_ap_degrade,0.0
1789892821.7526772,Router,9999.0,12.5,59.45,0.0,-100.0,1.0,156.62,0.62,244.58,9999.0,60.2,-100.0,0.0,-1.65,0.0,1,wifi_ap_degrade,0.0
1789892821.755332,Router,9999.0,12.5,59.24,0.0,-100.0,1.0,156.62,0.69,247.13,9999.0,59.82,-100.0,0.0,-1.89,0.0,1,wifi_ap_degrade,0.0
1789892821.7578614,Router,9999.0,12.5,59.07,0.0,-100.0,1.0,156.62,0.56,242.56,9999.0,59.64,-100.0,0.0,-0.9,0.0,1,wifi_ap_degrade,0.0
1789892821.760647,Router,9999.0,12.5,60.35,0.0,-100.0,1.0,156.62,0.62,240.15,9999.0,59.68,-100.0,0.0,0.19,0.0,1,wifi_ap_degrade,0.0
1789892821.7629902,Router,9999.0,12.5,61.13,0.0,-100.0,1.0,156.62,0.43,244.82,9999.0,59.85,-100.0,0.0,0.83,0.0,1,,0.0
1789892821.765696,Router,9998.65,12.5,60.91,0.0,-100.0,1.0,156.62,0.43,240.59,9998.93,60.14,-100.0,-0.35,1.46,0.0,1,none,0.33
1789892821.76834,Router,9999.0,12.5,62.25,0.0,-99.6,1.0,156.62,0.58,244.84,9998.93,60.74,-99.92,0.0,3.01,0.4,1,none,0.2
1789892821.7709596,Router,9998.25,12.5,62.31,0.0,-99.5,1.0,156.62,0.49,247.97,9998.78,61.39,-99.82,-0.75,3.24,0.5,1,none,0.2
1789892821.773511,Router,9999.0,0.0,63.1,0.0,-99.4,1.0,156.62,0.38,252.16,9998.78,61.94,-99.7,0.0,2.75,0.6,0,none,10.0
1789892821.776375,Router,9998.36,0.0,63.63,0.0,-99.2,4.7,156.62,0.5,248.18,9998.65,62.44,-99.54,-0.64,2.5,0.8,0,none,10.0
1789892821.7788043,Router,9998.04,0.0,63.23,0.0,-99.3,3.4,156.62,0.7,243.19,9998.53,62.9,-99.4,-0.61,2.32,0.7,0,none,10.0
1789892821.781402,Router,9998.81,0.0,63.72,0.0,-99.4,2.5,156.62,0.79,239.13,9998.49,63.2,-99.36,-0.19,1.47,0.2,0,none,10.0
1789892821.784183,Router,9999.0,0.0,64.04,0.0,-99.2,3.8,156.62,0.7,234.45,9998.64,63.54,-99.3,0.75,1.73,0.3,0,none,10.0
1789892821.786822,Router,9998.69,0.0,65.07,0.0,-99.2,1.5,156.62,0.7,229.08,9998.58,63.94,-99.26,-0.31,1.97,0.2,0,none,10.0
1789892821.7894657,Router,9999.0,12.5,65.67,0.0,-99.1,1.1,156.62,0.46,233.35,9998.71,64.35,-99.24,0.64,2.04,0.1,1,router_packet_loss,0.0
1789892821.7928593,Router,9999.0,25.0,66.94,0.0,-99.4,1.0,156.62,0.57,232.55,9998.9,65.09,-99.26,0.96,3.71,-0.1,1,router_packet_loss,0.0
1789892821.7953453,Router,9999.0,25.0,65.48,0.0,-99.0,1.0,156.62,0.57,227.11,9998.94,65.44,-99.18,0.19,1.76,0.4,1,router_packet_loss,0.0
1789892821.7980294,Router,9999.0,25.0,65.91,0.0,-99.4,1.0,156.62,0.52,226.28,9998.94,65.81,-99.22,0.0,1.87,-0.2,1,router_packet_loss,0.0
1789892821.8008533,Router,9999.0,25.0,67.18,0.0,-99.4,1.0,156.62,0.48,229.79,9999.0,66.24,-99.26,0.31,2.11,-0.2,1,router_packet_loss,0.0
1789892821.8036356,Router,9999.0,37.5,68.56,0.0,-99.1,4.6,156.62,0.56,230.86,9999.0,66.81,-99.26,0.0,2.89,0.0,1,router_packet_loss,0.0
1789892821.8062694,Router,9999.0,50.0,67.94,0.0,-99.5,2.7,156.62,0.45,236.72,9999.0,67.01,-99.28,0.0,1.0,-0.1,1,router_packet_loss,0.0
1789892821.8089027,Router,9999.0,50.0,68.86,0.0,-99.8,4.5,156.62,0.61,233.35,9999.0,67.69,-99.44,0.0,3.38,-0.8,1,router_packet_loss,0.0
1789892821.8115497,Router,9999.0,50.0,69.69,0.0,-100.0,3.7,156.62,0.64,237.28,9999.0,68.45,-99.56,0.0,3.78,-0.6,1,router_packet_loss,0.0
1789892821.8142426,Router,9999.0,50.0,68.47,0.0,-100.0,4.7,156.62,0.46,232.82,9999.0,68.7,-99.68,0.0,1.29,-0.6,1,router_packet_loss,0.0
1789892821.8170965,Router,9999.0,62.5,67.39,0.0,-99.6,2.8,156.62,0.35,233.3,9999.0,68.47,-99.78,0.0,-1.17,-0.5,1,router_packet_loss,0.0
1789892821.8197377,Router,9999.0,75.0,66.42,0.0,-99.5,1.0,156.62,0.5,237.73,9999.0,68.17,-99.78,0.0,-1.52,0.0,1,router_packet_loss,0.0
1789892821.8223925,Router,9999.0,75.0,65.97,0.0,-99.8,1.0,156.62,0.67,235.42,9999.0,67.59,-99.78,0.0,-2.89,0.0,1,router_packet_loss,0.0
1789892821.8250232,Router,9999.0,62.5,64.64,0.0,-99.9,2.7,156.62,0.79,233.31,9999.0,66.58,-99.76,0.0,-5.05,0.1,1,router_packet_loss,0.0
1789892821.8276503,Router,9999.0,50.0,64.02,0.0,-99.8,1.0,156.62,0.63,229.97,9999.0,65.69,-99.72,0.0,-4.45,0.2,1,router_packet_loss,0.0
1789892821.8300881,Router,9999.0,62.5,63.8,0.0,-99.9,1.0,156.62,0.38,229.46,9999.0,64.97,-99.78,0.0,-3.59,-0.3,1,,0.0
1789892821.8326466,Router,9998.78,50.0,64.78,0.0,-100.0,1.0,156.62,0.53,231.6,9998.96,64.64,-99.88,-0.22,-1.64,-0.5,0,none,10.0
1789892821.835278,Router,9999.0,37.5,64.94,0.0,-100.0,2.2,156.62,0.47,230.18,9998.96,64.44,-99.92,0.0,-1.03,-0.2,0,none,10.0
1789892821.8379078,Router,9998.66,25.0,65.24,0.0,-100.0,4.9,156.62,0.65,227.36,9998.89,64.56,-99.94,-0.34,0.6,-0.1,0,none,10.0
1789892821.8405542,Router,9997.95,12.5,66.55,0.0,-100.0,3.9,156.62,0.39,229.61,9998.68,65.06,-99.98,-1.05,2.53,-0.2,0,none,10.0
1789892821.843298,Router,9997.38,12.5,66.65,0.0,-100.0,1.0,156.62,0.61,226.29,9998.35,65.63,-100.0,-1.62,2.85,-0.1,0,none,10.0
1789892821.8456805,Router,9996.77,12.5,65.89,0.0,-100.0,3.1,156.62,0.44,231.79,9997.95,65.85,-100.0,-2.01,1.11,0.0,0,none,10.0
1789892821.848784,Router,9996.72,12.5,65.12,0.0,-99.9,3.7,156.62,0.35,236.87,9997.5,65.89,-99.98,-2.28,0.18,0.1,0,none,10.0
1789892821.8515124,Router,9996.2,0.0,64.0,0.0,-99.9,1.3,156.62,0.52,239.14,9997.0,65.64,-99.96,-2.46,-1.24,0.1,0,none,10.0
1789892821.85449,Router,9996.54,0.0,63.99,0.0,-99.5,1.0,156.62,0.7,235.14,9996.72,65.13,-99.86,-1.41,-2.56,0.5,0,none,10.0
1789892821.8571892,Router,9996.15,0.0,65.02,0.0,-99.7,4.7,156.62,0.65,231.56,9996.48,64.8,-99.8,-1.23,-1.63,0.3,0,none,10.0
1789892821.8599195,Router,9995.5,0.0,63.82,0.0,-99.5,8.1,156.62,0.68,227.06,9996.22,64.39,-99.7,-1.27,-2.07,0.5,0,none,10.0
1789892821.862533,Router,9995.61,0.0,65.28,0.0,-99.5,7.3,156.62,0.7,222.87,9996.0,64.42,-99.62,-1.11,0.16,0.4,0,none,10.0
1789892821.8653338,Router,9995.64,0.0,65.99,0.0,-99.4,4.4,156.62,0.58,227.07,9995.89,64.82,-99.52,-0.56,1.99,0.5,0,none,10.0
1789892821.8679612,Router,9995.81,0.0,64.88,0.0,-99.6,2.8,156.62,0.74,224.73,9995.74,65.0,-99.54,-0.73,0.89,-0.1,0,none,10.0
1789892821.8705738,Router,9996.0,0.0,65.98,0.0,-99.2,1.0,156.62,0.47,219.67,9995.71,65.19,-99.44,-0.15,0.96,0.5,0,none,10.0
1789892821.8731914,Router,9996.42,0.0,64.93,0.0,-99.0,1.0,156.62,0.58,214.82,9995.9,65.41,-99.34,0.92,1.11,0.5,0,none,10.0
1789892821.8758261,Router,9996.31,0.0,65.15,0.0,-99.2,1.0,156.62,0.66,219.79,9996.04,65.39,-99.28,0.7,-0.13,0.3,0,none,10.0
1789892821.87822,Router,9995.6,0.0,64.68,0.0,-99.3,5.0,156.62,0.64,217.78,9996.03,65.12,-99.26,-0.04,-1.31,0.1,0,none,10.0
1789892821.8813398,Router,9995.96,0.0,64.07,0.0,-99.1,3.0,156.62,0.67,211.87,9996.06,64.96,-99.16,0.15,-0.81,0.5,0,none,10.0
1789892821.8843772,Router,9996.29,0.0,64.73,0.0,-99.4,1.0,156.62,0.75,206.9,9996.12,64.71,-99.2,0.29,-1.25,-0.2,0,none,10.0
1789892821.8869889,Router,9996.0,0.0,65.78,0.0,-99.1,3.9,156.62,0.78,202.25,9996.03,64.88,-99.22,-0.42,0.85,-0.1,0,none,10.0
1789892821.8896236,Router,9996.4,0.0,66.7,0.0,-99.3,5.2,156.62,0.69,197.96,9996.05,65.19,-99.24,0.09,1.55,-0.1,0,none,10.0
1789892821.892245,Router,9996.44,0.0,65.56,0.0,-99.3,8.8,156.62,0.73,200.03,9996.22,65.37,-99.24,0.84,0.88,0.0,0,none,10.0
1789892821.8950207,Router,9996.24,0.0,66.92,0.0,-99.6,8.1,156.62,0.63,198.46,9996.27,65.94,-99.34,0.28,2.85,-0.5,0,none,10.0
1789892821.8977287,Router,9996.24,0.0,67.2,0.0,-99.4,10.2,156.62,0.39,193.91,9996.26,66.43,-99.34,-0.05,2.47,0.0,0,none,10.0
1789892821.9004188,Router,9995.82,0.0,67.99,0.0,-99.7,11.0,156.62,0.47,190.17,9996.23,66.87,-99.46,-0.18,2.21,-0.6,0,none,10.0
1789892821.90306,Router,9995.51,0.0,67.77,0.0,-99.4,10.9,156.62,0.41,190.58,9996.05,67.09,-99.48,-0.89,1.07,-0.1,0,none,10.0
1789892821.9056666,Router,9995.21,0.0,66.87,0.0,-99.3,10.6,156.62,0.46,189.44,9995.8,67.35,-99.48,-1.23,1.31,0.0,0,none,10.0
1789892821.9082778,Router,9995.18,0.0,67.97,0.0,-99.5,7.3,156.62,0.41,191.57,9995.59,67.56,-99.46,-1.06,1.05,0.1,0,none,10.0
1789892821.9109147,Router,9995.57,0.0,69.45,0.0,-99.3,6.6,156.62,0.29,187.63,9995.46,68.01,-99.44,-0.67,2.25,0.1,0,none,10.0
1789892821.9140806,Router,9996.08,0.0,70.79,0.0,-99.2,6.2,156.62,0.23,190.19,9995.51,68.57,-99.34,0.26,2.8,0.5,0,none,10.0
1789892821.9167125,Router,9995.71,0.0,69.87,0.0,-99.0,9.6,156.62,0.51,196.14,9995.55,68.99,-99.26,0.2,2.1,0.4,0,none,10.0
1789892821.919452,Router,9996.42,0.0,68.93,0.0,-99.2,7.6,156.62,0.66,191.55,9995.79,69.4,-99.24,1.21,2.06,0.1,0,none,10.0
1789892821.922082,Router,9996.45,0.0,68.53,0.0,-99.1,10.9,156.62,0.69,197.37,9996.05,69.51,-99.16,1.27,0.56,0.4,0,none,10.0
1789892821.9248745,Router,9996.89,0.0,67.74,0.0,-99.1,11.8,156.62,0.67,196.04,9996.31,69.17,-99.12,1.32,-1.71,0.2,0,none,10.0
1789892821.9273946,Router,9996.36,0.0,67.58,0.0,-99.4,10.1,156.62,0.5,190.95,9996.37,68.53,-99.16,0.28,-3.21,-0.2,0,none,10.0
1789892821.9304733,Router,9996.8,0.0,66.12,0.0,-99.2,6.8,156.62,0.59,191.74,9996.58,67.78,-99.2,1.09,-3.75,-0.2,0,none,10.0
1789892821.9331725,Router,9997.21,0.0,65.79,0.0,-99.4,10.0,156.62,0.63,193.87,9996.74,67.15,-99.24,0.79,-3.14,-0.2,0,none,10.0
1789892821.935896,Router,9996.44,0.0,64.91,0.0,-99.6,8.2,156.62,0.45,198.48,9996.74,66.43,-99.34,-0.01,-3.62,-0.5,0,none,10.0
1789892821.9386652,Router,9996.66,0.0,65.69,0.0,-99.9,7.6,156.62,0.39,198.78,9996.69,66.02,-99.5,-0.23,-2.05,-0.8,0,none,10.0
1789892821.9416578,Router,9996.31,0.0,65.5,0.0,-99.6,5.5,156.62,0.28,202.74,9996.68,65.6,-99.54,-0.05,-2.08,-0.2,0,none,10.0
1789892821.9443834,Router,9996.96,0.0,65.68,0.0,-99.8,5.8,156.62,0.23,199.94,9996.72,65.51,-99.66,0.16,-0.44,-0.6,0,none,10.0
1789892821.9469128,Router,9997.42,0.0,64.24,0.0,-99.7,4.9,156.62,0.45,203.28,9996.76,65.2,-99.72,0.21,-1.55,-0.3,0,none,10.0
1789892821.9497037,Router,9997.97,0.0,62.97,0.0,-99.4,2.9,156.62,0.5,205.67,9997.06,64.82,-99.68,1.53,-1.94,0.2,0,none,10.0
1789892821.9524827,Router,9998.37,0.0,63.07,0.0,-99.4,6.0,156.62,0.51,207.34,9997.41,64.29,-99.58,1.71,-2.62,0.5,0,none,10.0
1789892821.9553168,Router,9997.78,0.0,62.44,0.0,-99.2,8.7,156.62,0.49,209.31,9997.7,63.68,-99.5,1.47,-3.06,0.4,0,none,10.0
1789892821.9580178,Router,9997.06,0.0,63.0,0.0,-99.4,5.8,156.62,0.66,208.09,9997.72,63.14,-99.42,0.1,-2.68,0.4,0,none,10.0
1789892821.9612007,Router,9997.82,0.0,63.33,0.0,-99.5,1.9,156.62,0.69,205.78,9997.8,62.96,-99.38,0.4,-0.91,0.2,0,none,10.0
1789892821.9638512,Router,9997.95,0.0,62.21,0.0,-99.5,1.0,156.62,0.45,205.46,9997.8,62.81,-99.4,-0.02,-0.76,-0.1,0,none,10.0
1789892821.96652,Router,9997.3,0.0,60.71,0.0,-99.1,2.0,156.62,0.54,210.76,9997.58,62.34,-99.34,-1.07,-2.36,0.3,0,none,10.0
1789892821.9692547,Router,9997.59,0.0,61.77,0.0,-99.3,1.0,156.62,0.54,216.33,9997.54,62.2,-99.36,-0.19,-0.67,-0.1,0,none,10.0
1789892821.9719992,Router,9997.48,0.0,61.44,0.0,-99.6,1.0,156.62,0.6,219.69,9997.63,61.89,-99.4,0.42,-1.56,-0.2,0,none,10.0
1789892821.9747448,Router,9997.31,0.0,61.34,0.0,-99.6,4.4,156.62,0.75,216.5,9997.53,61.49,-99.42,-0.51,-1.99,-0.1,0,none,10.0
1789892821.9775398,Router,9996.79,0.0,61.7,0.0,-99.8,2.8,156.62,0.47,211.38,9997.29,61.39,-99.48,-1.16,-0.51,-0.3,0,none,10.0
1789892821.980136,Router,9996.48,0.0,62.64,0.0,-99.9,3.3,156.62,0.61,214.22,9997.13,61.78,-99.64,-0.82,1.93,-0.8,0,none,10.0
1789892821.9829345,Router,9996.6,0.0,63.97,0.0,-99.7,1.0,156.62,0.4,219.52,9996.93,62.22,-99.72,-0.99,2.2,-0.4,0,none,10.0
1789892821.985721,Router,9996.08,0.0,63.59,0.0,-99.7,4.2,156.62,0.47,221.97,9996.65,62.65,-99.74,-1.4,2.15,-0.1,0,none,10.0
1789892821.9883444,Router,9995.63,0.0,63.05,0.0,-99.6,3.0,156.62,0.66,217.7,9996.32,62.99,-99.74,-1.68,1.71,0.0,0,none,10.0
1789892821.9909775,Router,9996.15,0.0,61.96,0.0,-99.4,1.2,156.62,0.54,217.05,9996.19,63.04,-99.66,-0.64,0.26,0.4,0,none,10.0
1789892821.9935052,Router,9996.03,0.0,63.27,0.0,-99.2,1.0,156.62,0.7,222.81,9996.1,63.17,-99.52,-0.45,0.63,0.7,0,none,10.0
1789892821.9958935,Router,9995.48,0.0,63.24,0.0,-99.6,1.0,156.62,0.65,222.66,9995.87,63.02,-99.5,-1.12,-0.73,0.1,0,none,10.0
1789892821.998614,Router,9996.0,0.0,64.49,0.0,-99.6,1.0,156.62,0.7,218.36,9995.86,63.2,-99.48,-0.08,0.9,0.1,0,none,10.0
1789892822.0012927,Router,9995.9,0.0,65.79,0.0,-99.2,1.0,156.62,0.71,221.62,9995.91,63.75,-99.4,0.27,2.74,0.4,0,none,10.0
1789892822.0039346,Router,9996.47,0.0,66.95,0.0,-99.1,1.0,156.62,0.81,226.34,9995.98,64.75,-99.34,0.32,4.99,0.3,0,none,10.0
1789892822.0065818,Router,9996.12,0.0,68.13,0.0,-99.4,4.6,156.62,0.81,225.44,9995.99,65.72,-99.38,0.09,4.86,-0.2,0,none,10.0
1789892822.0094926,Router,9996.64,0.0,66.87,0.0,-99.1,7.2,156.62,0.88,229.02,9996.23,66.45,-99.28,1.16,3.63,0.5,0,none,10.0
1789892822.0120165,Router,9996.77,0.0,65.39,0.0,-99.0,8.2,156.62,0.7,232.0,9996.38,66.63,-99.16,0.77,0.9,0.6,0,none,10.0
1789892822.014771,Router,9996.1,0.0,64.58,0.0,-98.7,10.0,156.62,0.43,227.1,9996.42,66.38,-99.06,0.2,-1.21,0.5,0,none,10.0
1789892822.0174139,Router,9996.52,0.0,64.24,0.0,-98.7,8.0,156.62,0.31,222.37,9996.43,65.84,-98.98,0.05,-2.71,0.4,0,none,10.0
1789892822.0200772,Router,9999.0,12.5,64.46,0.0,-100.0,1.0,156.62,0.22,221.84,9997.01,65.11,-99.1,2.88,-3.67,-0.6,1,wifi_ap_degrade,0.0
1789892822.0227764,Router,9999.0,12.5,65.62,0.0,-100.0,1.0,156.62,0.35,216.72,9997.48,64.86,-99.28,2.36,-1.25,-0.9,1,wifi_ap_degrade,0.0
1789892822.0259688,Router,9999.0,25.0,64.34,0.0,-100.0,1.0,156.62,0.21,218.58,9997.92,64.65,-99.48,2.23,-1.05,-1.0,1,wifi_ap_degrade,0.0
1789892822.0285828,Router,9999.0,25.0,64.81,0.0,-100.0,1.0,156.62,0.38,219.46,9998.5,64.69,-99.74,2.9,0.23,-1.3,1,wifi_ap_degrade,0.0
1789892822.0312674,Router,9999.0,25.0,63.69,0.0,-100.0,1.0,156.62,0.54,220.01,9999.0,64.58,-100.0,2.48,-0.55,-1.3,1,wifi_ap_degrade,0.0
1789892822.0338933,Router,9999.0,25.0,63.41,0.0,-100.0,1.0,156.62,0.4,224.56,9999.0,64.37,-100.0,0.0,-1.05,0.0,1,wifi_ap_degrade,0.0
1789892822.0365338,Router,9999.0,25.0,63.88,0.0,-100.0,1.0,156.62,0.3,222.13,9999.0,64.03,-100.0,0.0,-1.74,0.0,1,wifi_ap_degrade,0.0
1789892822.0394514,Router,9999.0,25.0,65.25,0.0,-100.0,1.0,156.62,0.34,225.24,9999.0,64.21,-100.0,0.0,0.91,0.0,1,wifi_ap_degrade,0.0
1789892822.0421329,Router,9999.0,12.5,65.29,0.0,-100.0,1.0,156.62,0.22,228.97,9999.0,64.3,-100.0,0.0,0.48,0.0,1,wifi_ap_degrade,0.0
1789892822.0449028,Router,9999.0,12.5,65.14,0.0,-100.0,1.0,156.62,0.47,234.81,9999.0,64.59,-100.0,0.0,1.45,0.0,1,wifi_ap_degrade,0.0
1789892822.047563,Router,9999.0,0.0,64.82,0.0,-100.0,1.0,156.62,0.43,235.74,9999.0,64.88,-100.0,0.0,1.41,0.0,1,wifi_ap_degrade,0.0
1789892822.0501883,Router,9999.0,0.0,64.28,0.0,-100.0,1.0,156.62,0.33,233.22,9999.0,64.96,-100.0,0.0,0.4,0.0,1,wifi_ap_degrade,0.0
1789892822.052835,Router,9999.0,0.0,63.77,0.0,-100.0,1.0,156.62,0.45,239.09,9999.0,64.66,-100.0,0.0,-1.48,0.0,1,wifi_ap_degrade,0.0
1789892822.0553665,Router,9999.0,0.0,63.16,0.0,-100.0,1.0,156.62,0.4,236.3,9999.0,64.23,-100.0,0.0,-2.13,0.0,1,,0.0
1789892822.0584824,Router,9998.76,0.0,64.23,0.0,-99.6,3.6,156.62,0.54,232.44,9998.95,64.05,-99.92,-0.24,-0.91,0.4,0,none,10.0
1789892822.0612104,Router,9998.16,0.0,63.13,0.0,-99.7,5.4,156.62,0.56,234.13,9998.78,63.71,-99.86,-0.84,-1.69,0.3,0,none,10.0
1789892822.0644732,Router,9997.61,0.0,63.06,0.0,-100.0,2.4,156.62,0.48,235.94,9998.51,63.47,-99.86,-1.39,-1.22,0.0,0,none,10.0
1789892822.0669622,Router,9997.83,0.0,63.7,0.0,-100.0,4.2,156.62,0.67,234.68,9998.27,63.46,-99.86,-1.17,-0.07,0.0,0,none,10.0
1789892822.069923,Router,9998.23,0.0,63.76,0.0,-99.7,1.2,156.62,0.63,230.65,9998.12,63.58,-99.8,-0.77,0.6,0.3,0,none,10.0
1789892822.072361,Router,9997.96,0.0,63.46,0.0,-99.7,1.0,156.62,0.69,233.66,9997.96,63.42,-99.82,-0.8,-0.77,-0.1,0,none,10.0
1789892822.075208,Router,9998.75,0.0,62.17,0.0,-99.6,1.0,156.62,0.58,236.24,9998.08,63.23,-99.8,0.59,-0.96,0.1,0,none,10.0
1789892822.0781162,Router,9998.97,0.0,60.74,0.0,-99.9,1.0,156.62,0.74,231.47,9998.35,62.77,-99.78,1.36,-2.32,0.1,0,none,10.0
1789892822.080526,Router,9998.71,0.0,59.83,0.0,-100.0,1.0,156.62,0.45,232.57,9998.52,61.99,-99.78,0.88,-3.87,0.0,0,none,10.0
1789892822.0833225,Router,9998.07,0.0,59.66,0.0,-99.9,4.9,156.62,0.48,237.44,9998.49,61.17,-99.82,-0.16,-4.1,-0.2,0,none,10.0
1789892822.085984,Router,9998.31,0.0,60.27,0.0,-99.7,1.7,156.62,0.58,231.56,9998.56,60.53,-99.82,0.35,-3.19,0.0,0,none,10.0
1789892822.0886521,Router,9997.97,0.0,60.66,0.0,-99.5,4.6,156.62,0.43,228.58,9998.41,60.23,-99.8,-0.78,-1.51,0.1,0,none,10.0
1789892822.0914967,Router,9997.31,0.0,59.21,0.0,-99.2,1.1,156.62,0.26,227.41,9998.07,59.93,-99.66,-1.66,-1.53,0.7,0,none,10.0
1789892822.0941248,Router,9996.65,0.0,60.35,0.0,-99.5,4.8,156.62,0.39,230.92,9997.66,60.03,-99.56,-2.06,0.52,0.5,0,none,10.0
1789892822.0967593,Router,9996.17,0.0,61.41,0.0,-99.8,4.1,156.62,0.32,236.83,9997.28,60.38,-99.54,-1.9,1.75,0.1,0,none,10.0
1789892822.0993729,Router,9996.24,0.0,60.18,0.0,-100.0,1.0,156.62,0.53,240.73,9996.87,60.36,-99.6,-2.07,-0.09,-0.3,0,none,10.0
1789892822.1019995,Router,9996.38,0.0,59.01,0.0,-99.9,1.0,156.62,0.63,242.57,9996.55,60.03,-99.68,-1.59,-1.65,-0.4,0,none,10.0
1789892822.10469,Router,9995.96,0.0,59.24,0.0,-99.9,1.0,156.62,0.72,247.58,9996.28,60.04,-99.82,-1.35,0.03,-0.7,0,none,10.0
1789892822.1072779,Router,9996.06,0.0,58.68,0.0,-100.0,3.2,156.62,0.51,251.72,9996.16,59.7,-99.92,-0.59,-1.67,-0.5,0,none,10.0
1789892822.1099775,Router,9995.37,0.0,58.6,0.0,-99.9,1.0,156.62,0.62,254.06,9996.0,59.14,-99.94,-0.8,-2.81,-0.1,0,none,10.0
1789892822.1125913,Router,9995.3,0.0,57.78,0.0,-100.0,1.3,156.62,0.67,256.2,9995.81,58.66,-99.94,-0.94,-2.4,0.0,0,none,10.0
1789892822.115387,Router,9996.02,0.0,58.43,0.0,-99.8,1.0,156.62,0.66,258.55,9995.74,58.55,-99.92,-0.36,-0.58,0.1,0,none,10.0
1789892822.1181674,Router,9995.41,0.0,57.65,0.0,-99.9,3.6,156.62,0.45,256.59,9995.63,58.23,-99.92,-0.55,-1.59,0.0,0,none,10.0
1789892822.1211689,Router,9995.18,0.0,58.38,0.0,-99.7,1.0,156.62,0.54,254.05,9995.46,58.17,-99.86,-0.88,-0.3,0.3,0,none,10.0
1789892822.1238313,Router,9995.55,0.0,58.11,0.0,-99.7,1.0,156.62,0.35,258.29,9995.49,58.07,-99.82,0.18,-0.49,0.2,0,none,10.0
1789892822.1264348,Router,9996.29,0.0,57.35,0.0,-99.7,4.2,156.62,0.43,261.78,9995.69,57.98,-99.76,0.99,-0.43,0.3,0,none,10.0
1789892822.1294332,Router,9996.16,0.0,57.03,0.0,-99.8,7.2,156.62,0.63,257.93,9995.72,57.7,-99.76,0.14,-1.4,0.0,0,none,10.0
1789892822.1320448,Router,9995.64,0.0,57.31,0.0,-99.4,6.1,156.62,0.76,253.89,9995.76,57.64,-99.66,0.23,-0.34,0.5,0,none,10.0
1789892822.1347933,Router,9995.68,0.0,58.24,0.0,-99.3,10.0,156.62,0.6,255.65,9995.86,57.61,-99.58,0.5,-0.14,0.4,0,none,10.0
1789892822.137662,Router,9995.03,0.0,58.73,0.0,-99.4,9.4,156.62,0.54,254.57,9995.76,57.73,-99.52,-0.52,0.62,0.3,0,none,10.0
1789892822.1402905,Router,9994.92,0.0,58.53,0.0,-99.0,10.1,156.62,0.46,253.9,9995.49,57.97,-99.38,-1.37,1.18,0.7,0,none,10.0
1789892822.1430137,Router,9994.8,0.0,59.06,0.0,-98.7,11.7,156.62,0.59,255.31,9995.21,58.37,-99.16,-1.36,2.03,1.1,0,none,10.0
1789892822.1454418,Router,9994.1,0.0,58.23,0.0,-98.3,12.6,156.62,0.59,252.26,9994.91,58.56,-98.94,-1.54,0.92,1.1,0,none,10.0
1789892822.1480863,Router,9994.77,0.0,59.06,0.0,-98.4,15.0,156.62,0.71,246.61,9994.72,58.72,-98.76,-0.91,0.82,0.9,0,none,10.0
1789892822.1507525,Router,9994.29,0.0,57.6,0.0,-98.7,12.1,156.62,0.79,247.41,9994.58,58.5,-98.62,-0.74,-1.13,0.7,0,none,10.0
1789892822.153643,Router,9994.9,0.0,57.27,0.0,-98.6,8.2,156.62,0.64,246.77,9994.57,58.24,-98.54,-0.02,-1.26,0.4,0,none,10.0
1789892822.1562715,Router,9994.49,0.0,57.89,0.0,-98.9,9.3,156.62,0.48,245.17,9994.51,58.01,-98.58,-0.31,-1.17,-0.2,0,none,10.0
1789892822.1588893,Router,9994.29,0.0,57.94,0.0,-99.2,5.5,156.62,0.42,245.53,9994.55,57.95,-98.76,0.19,-0.29,-0.9,0,none,10.0
1789892822.1621468,Router,9994.81,0.0,56.63,0.0,-98.9,6.1,156.62,0.49,240.36,9994.56,57.47,-98.86,0.04,-2.43,-0.5,0,none,10.0
1789892822.1649907,Router,9994.2,0.0,57.46,0.0,-99.2,9.2,156.62,0.66,239.08,9994.54,57.44,-98.96,-0.09,-0.14,-0.5,0,none,10.0
1789892822.167639,Router,9994.06,0.0,58.69,0.0,-99.2,8.7,156.62,0.76,233.46,9994.37,57.72,-99.08,-0.84,1.42,-0.6,0,none,10.0
1789892822.170256,Router,9993.38,0.0,57.47,0.0,-98.9,6.8,156.62,0.48,236.92,9994.15,57.64,-99.08,-1.11,-0.42,0.0,0,none,10.0
1789892822.1728907,Router,9993.78,0.0,56.35,0.0,-98.5,2.8,156.62,0.33,237.81,9994.05,57.32,-98.94,-0.51,-1.59,0.7,0,none,10.0
1789892822.1753376,Router,9993.04,0.0,55.29,0.0,-98.7,1.0,156.62,0.46,235.73,9993.69,57.05,-98.9,-1.77,-1.34,0.2,0,none,10.0
1789892822.1786468,Router,9993.57,0.0,55.19,0.0,-98.4,3.9,156.62,0.35,229.94,9993.57,56.6,-98.74,-0.63,-2.27,0.8,0,none,10.0
1789892822.1815953,Router,9993.46,0.0,54.47,0.0,-98.2,3.8,156.62,0.58,226.17,9993.45,55.75,-98.54,-0.6,-4.22,1.0,0,none,10.0
1789892822.1842294,Router,9993.1,0.0,53.34,0.0,-97.9,1.0,156.62,0.69,222.46,9993.39,54.93,-98.34,-0.28,-4.13,1.0,0,none,10.0
1789892822.1868374,Router,9993.22,0.0,52.98,0.0,-97.7,2.8,156.62,0.64,225.83,9993.28,54.25,-98.18,-0.56,-3.37,0.8,0,none,10.0
1789892822.1894526,Router,9992.84,0.0,52.11,0.0,-97.3,3.3,156.62,0.39,225.94,9993.24,53.62,-97.9,-0.2,-3.18,1.4,0,none,10.0
1789892822.1921036,Router,9993.6,0.0,52.47,0.0,-97.2,2.7,156.62,0.5,226.59,9993.24,53.07,-97.66,0.03,-2.72,1.2,0,none,10.0
1789892822.1948018,Router,9994.04,0.0,51.67,0.0,-97.5,5.9,156.62,0.6,225.31,9993.36,52.51,-97.52,0.58,-2.8,0.7,0,none,10.0
1789892822.1974843,Router,9994.84,0.0,51.79,0.0,-97.8,7.9,156.62,0.63,226.6,9993.71,52.2,-97.5,1.74,-1.55,0.1,0,none,10.0
1789892822.2003222,Router,9995.0,0.0,50.71,0.0,-98.1,9.2,156.62,0.74,224.06,9994.06,51.75,-97.58,1.78,-2.27,-0.4,0,none,10.0
1789892822.2032647,Router,9994.55,0.0,49.78,0.0,-98.5,12.0,156.62,0.63,223.04,9994.41,51.28,-97.82,1.71,-2.33,-1.2,0,none,10.0
1789892822.206305,Router,9995.16,0.0,49.95,0.0,-98.8,14.9,156.62,0.54,227.96,9994.72,50.78,-98.14,1.56,-2.52,-1.6,0,none,10.0
1789892822.208954,Router,9995.07,0.0,51.34,0.0,-98.4,18.6,156.62,0.44,228.07,9994.92,50.71,-98.32,1.03,-0.33,-0.9,0,none,10.0
1789892822.2118225,Router,9995.25,0.0,50.71,0.0,-98.3,17.1,156.62,0.45,233.74,9995.01,50.5,-98.42,0.41,-1.08,-0.5,0,none,10.0
1789892822.2145474,Router,9994.74,0.0,51.08,0.0,-98.5,20.1,156.62,0.61,238.59,9994.95,50.57,-98.5,-0.26,0.37,-0.4,0,none,10.0
1789892822.2173977,Router,9994.85,0.0,51.48,0.0,-98.4,19.6,156.62,0.65,239.36,9995.01,50.91,-98.48,0.3,1.7,0.1,0,none,10.0
1789892822.2203672,Router,9995.54,0.0,51.7,0.0,-98.6,19.9,156.62,0.49,241.99,9995.09,51.26,-98.44,0.38,1.75,0.2,0,none,10.0
1789892822.2235718,Router,9996.34,0.0,50.3,0.0,-98.2,22.1,156.62,0.4,246.1,9995.34,51.05,-98.4,1.27,-1.04,0.2,0,none,10.0
1789892822.22661,Router,9995.67,0.0,50.02,0.0,-98.4,23.5,156.62,0.28,240.81,9995.43,50.92,-98.42,0.42,-0.69,-0.1,0,none,10.0
1789892822.2292664,Router,9995.29,0.0,51.11,0.0,-98.5,26.9,156.62,0.51,235.66,9995.54,50.92,-98.42,0.55,0.03,0.0,0,none,10.0
1789892822.2319183,Router,9995.77,0.0,50.06,0.0,-98.5,28.7,156.62,0.62,240.13,9995.72,50.64,-98.44,0.92,-1.42,-0.1,0,none,10.0
1789892822.234498,Router,9995.93,0.0,49.62,0.0,-98.5,31.3,156.62,0.6,244.15,9995.8,50.22,-98.42,0.39,-2.08,0.1,0,none,10.0
1789892822.2372093,Router,9995.69,0.0,50.88,0.0,-98.5,34.0,156.62,0.7,247.79,9995.67,50.34,-98.48,-0.65,0.58,-0.3,0,none,10.0
1789892822.23985,Router,9994.96,0.0,50.97,0.0,-98.6,34.8,156.62,0.82,248.23,9995.53,50.53,-98.52,-0.71,0.95,-0.2,0,none,10.0
1789892822.2425919,Router,9994.79,0.0,51.56,0.0,-98.6,37.0,156.62,0.78,244.91,9995.43,50.62,-98.54,-0.5,0.45,-0.1,0,none,10.0
1789892822.2452137,Router,9995.58,0.0,51.88,0.0,-98.8,34.5,156.62,0.63,247.37,9995.39,50.98,-98.6,-0.19,1.82,-0.3,0,none,10.0
1789892822.2478204,Router,9995.31,0.0,51.79,0.0,-99.0,36.3,156.62,0.73,241.86,9995.27,51.42,-98.7,-0.62,2.17,-0.5,0,none,10.0
1789892822.250697,Router,9995.77,0.0,52.17,0.0,-99.1,37.8,156.62,0.47,245.1,9995.28,51.67,-98.82,0.08,1.29,-0.6,0,none,10.0
1789892822.253446,Router,9996.44,0.0,52.62,0.0,-98.9,37.5,156.62,0.39,241.04,9995.58,52.0,-98.88,1.48,1.65,-0.3,0,none,10.0
1789892822.2560563,Router,9996.82,0.0,51.63,0.0,-98.6,35.4,156.62,0.24,238.75,9995.98,52.02,-98.88,2.03,0.07,0.0,0,none,10.0
1789892822.258699,Router,9997.08,0.0,52.06,0.0,-98.9,37.0,156.62,0.41,244.01,9996.28,52.05,-98.9,1.5,0.18,-0.1,0,none,10.0
1789892822.2617126,Router,9997.2,0.0,53.45,0.0,-98.9,37.4,156.62,0.63,247.74,9996.66,52.39,-98.88,1.89,1.66,0.1,0,none,10.0
1789892822.2644215,Router,9997.18,0.0,54.39,0.0,-99.1,40.1,156.62,0.7,243.39,9996.94,52.83,-98.88,1.41,2.22,0.0,0,none,10.0
1789892822.2670481,Router,9997.5,0.0,55.18,0.0,-99.4,37.9,156.62,0.42,247.51,9997.16,53.34,-98.98,1.06,2.56,-0.5,0,none,10.0
1789892822.2696545,Router,9998.1,0.0,54.66,0.0,-99.4,36.3,156.62,0.59,251.29,9997.41,53.95,-99.14,1.28,3.03,-0.8,0,none,10.0
1789892822.272426,Router,9997.4,0.0,54.28,0.0,-99.5,32.4,156.62,0.37,251.49,9997.48,54.39,-99.26,0.32,2.22,-0.6,0,none,10.0
1789892822.2750204,Router,9997.79,0.0,53.6,0.0,-99.7,33.2,156.62,0.28,253.31,9997.59,54.42,-99.42,0.59,0.15,-0.8,0,none,10.0
1789892822.2776675,Router,9997.46,0.0,53.0,0.0,-100.0,34.5,156.62,0.37,248.37,9997.65,54.14,-99.6,0.28,-1.39,-0.9,0,none,10.0
1789892822.280049,Router,9997.25,0.0,51.74,0.0,-99.7,33.8,156.62,0.57,251.97,9997.6,53.46,-99.66,-0.25,-3.44,-0.3,0,none,10.0
1789892822.282763,Router,9997.29,0.0,52.63,0.0,-99.8,32.3,156.62,0.68,254.4,9997.44,53.05,-99.74,-0.81,-2.03,-0.4,0,none,10.0
1789892822.2853792,Router,9997.09,0.0,53.07,0.0,-100.0,35.2,156.62,0.78,260.16,9997.38,52.81,-99.84,-0.31,-1.21,-0.5,0,none,10.0
1789892822.2879684,Router,9997.4,0.0,51.75,0.0,-100.0,34.3,156.62,0.75,256.44,9997.3,52.44,-99.9,-0.39,-1.85,-0.3,0,none,10.0
1789892822.2908208,Router,9997.37,0.0,51.1,0.0,-99.7,35.7,156.62,0.76,250.62,9997.28,52.06,-99.84,-0.09,-1.9,0.3,0,none,10.0
1789892822.2934794,Router,9997.35,0.0,50.1,0.0,-99.6,32.9,156.62,0.55,252.63,9997.3,51.73,-99.82,0.1,-1.64,0.1,0,none,10.0
1789892822.2961333,Router,9997.99,0.0,50.05,0.0,-99.4,30.3,156.62,0.34,257.27,9997.44,51.21,-99.74,0.7,-2.58,0.4,0,none,10.0
1789892822.2988272,Router,9997.8,0.0,50.48,0.0,-99.2,26.6,156.62,0.57,252.01,9997.58,50.7,-99.58,0.71,-2.59,0.8,0,none,10.0
1789892822.3015037,Router,9999.0,12.5,51.91,0.0,-98.9,23.8,156.62,0.44,249.5,9997.9,50.73,-99.36,1.6,0.16,1.1,1,router_packet_loss,0.0
1789892822.304199,Router,9999.0,25.0,51.13,0.0,-98.6,26.9,156.62,0.46,252.56,9998.23,50.73,-99.14,1.63,0.03,1.1,1,router_packet_loss,0.0
1789892822.3067174,Router,9999.0,37.5,51.21,0.0,-98.6,25.5,156.62,0.43,256.61,9998.56,50.96,-98.94,1.65,1.11,1.0,1,router_packet_loss,0.0
1789892822.309498,Router,9999.0,50.0,50.15,0.0,-98.3,27.1,156.62,0.32,258.85,9998.76,50.98,-98.72,1.01,0.1,1.1,1,router_packet_loss,0.0
1789892822.312031,Router,9999.0,62.5,49.3,0.0,-98.0,27.0,156.62,0.55,259.22,9999.0,50.74,-98.48,1.2,-1.18,1.2,1,router_packet_loss,0.0
1789892822.31478,Router,9999.0,75.0,48.4,0.0,-97.8,26.7,156.62,0.43,255.13,9999.0,50.04,-98.26,0.0,-3.51,1.1,1,router_packet_loss,0.0
1789892822.3175204,Router,9999.0,75.0,48.54,0.0,-97.7,27.4,156.62,0.42,255.84,9999.0,49.52,-98.08,0.0,-2.59,0.9,1,router_packet_loss,0.0
1789892822.3199055,Router,9999.0,87.5,48.28,0.0,-97.6,24.7,156.62,0.5,250.93,9999.0,48.93,-97.88,0.0,-2.93,1.0,1,router_packet_loss,0.0
1789892822.3223755,Router,9999.0,75.0,49.35,0.0,-98.0,22.2,156.62,0.45,251.08,9999.0,48.77,-97.82,0.0,-0.8,0.3,1,router_packet_loss,0.0
1789892822.3250854,Router,9999.0,62.5,48.0,0.0,-97.8,19.7,156.62,0.57,245.85,9999.0,48.51,-97.78,0.0,-1.3,0.2,1,router_packet_loss,0.0
1789892822.3277032,Router,9999.0,50.0,49.29,0.0,-97.5,21.8,156.62,0.35,240.5,9999.0,48.69,-97.72,0.0,0.89,0.3,1,router_packet_loss,0.0
1789892822.330288,Router,9999.0,50.0,48.29,0.0,-97.2,18.7,156.62,0.46,245.25,9999.0,48.64,-97.62,0.0,-0.25,0.5,1,router_packet_loss,0.0
1789892822.3333669,Router,9999.0,37.5,47.66,0.0,-97.0,19.0,156.62,0.49,248.33,9999.0,48.52,-97.5,0.0,-0.62,0.6,1,router_packet_loss,0.0
1789892822.3359916,Router,9999.0,25.0,47.89,0.0,-97.1,18.3,156.62,0.63,242.65,9999.0,48.23,-97.32,0.0,-1.46,0.9,1,router_packet_loss,0.0
1789892822.3386178,Router,9999.0,37.5,48.89,0.0,-97.1,18.4,156.62,0.58,238.4,9999.0,48.4,-97.18,0.0,0.89,0.7,1,router_packet_loss,0.0
1789892822.3412924,Router,9999.0,25.0,48.5,0.0,-97.4,18.8,156.62,0.69,234.42,9999.0,48.25,-97.16,0.0,-0.79,0.1,1,,0.0
1789892822.3437743,Router,9999.0,25.0,48.48,0.0,-97.5,22.1,156.62,0.65,239.49,9999.0,48.28,-97.22,0.0,0.19,-0.3,1,none,0.67
1789892822.3463874,Router,9999.0,25.0,48.79,0.0,-97.8,21.1,156.62,0.44,243.73,9999.0,48.51,-97.38,0.0,1.13,-0.8,1,none,0.5
1789892822.349004,Router,9998.4,25.0,47.59,0.0,-98.1,24.4,156.62,0.6,246.64,9998.88,48.45,-97.58,-0.6,-0.3,-1.0,1,none,0.33
1789892822.3517144,Router,9999.0,12.5,48.32,0.0,-98.0,21.1,156.62,0.52,243.04,9998.88,48.34,-97.76,0.0,-0.57,-0.9,1,none,0.2
1789892822.3542323,Router,9999.0,12.5,48.14,0.0,-98.4,21.5,156.62,0.5,247.74,9998.88,48.26,-97.96,0.0,-0.36,-1.0,1,none,0.2
1789892822.356946,Router,9999.0,12.5,47.32,0.0,-98.4,22.1,156.62,0.6,249.81,9998.88,48.03,-98.14,0.0,-1.16,-0.9,0,none,10.0
1789892822.3595688,Router,9999.0,0.0,46.49,0.0,-98.7,19.1,156.62,0.49,249.64,9998.88,47.57,-98.32,0.0,-2.3,-0.9,0,none,10.0
1789892822.3620265,Router,9999.0,0.0,46.14,0.0,-98.3,16.9,156.62,0.34,247.32,9999.0,47.28,-98.36,0.6,-1.45,-0.2,0,none,10.0
1789892822.364657,Router,9999.0,0.0,46.04,0.0,-98.2,13.1,156.62,0.6,249.94,9999.0,46.83,-98.4,0.0,-2.28,-0.2,0,none,10.0
1789892822.3673973,Router,9998.51,0.0,46.16,0.0,-98.1,15.7,156.62,0.64,253.88,9998.9,46.43,-98.34,-0.49,-1.98,0.3,0,none,10.0
1789892822.3700457,Router,9998.98,0.0,45.24,0.0,-97.9,15.1,156.62,0.6,257.57,9998.9,46.01,-98.24,-0.02,-2.08,0.5,0,none,10.0
1789892822.3723118,Router,9998.36,0.0,44.09,0.0,-98.0,17.8,156.62,0.69,260.08,9998.77,45.53,-98.1,-0.64,-2.4,0.7,0,none,10.0
1789892822.374806,Router,9999.0,0.0,42.61,0.0,-97.9,19.5,156.62,0.8,263.67,9998.77,44.83,-98.02,0.0,-3.53,0.4,0,none,10.0
1789892822.377476,Router,9998.53,0.0,42.86,0.0,-97.6,20.5,156.62,0.72,267.72,9998.68,44.19,-97.9,-0.47,-3.18,0.6,0,none,10.0
1789892822.3801482,Router,9998.08,0.0,41.42,0.0,-97.4,17.0,156.62,0.67,269.73,9998.59,43.24,-97.76,-0.43,-4.74,0.7,0,none,10.0
1789892822.382895,Router,9999.0,12.5,42.75,0.0,-97.7,14.2,156.62,0.61,265.1,9998.59,42.75,-97.72,0.02,-2.49,0.2,1,router_packet_loss,0.0
1789892822.385864,Router,9999.0,25.0,41.77,0.0,-97.9,12.8,156.62,0.43,259.86,9998.72,42.28,-97.7,0.64,-2.32,0.1,1,router_packet_loss,0.0
1789892822.3885374,Router,9999.0,37.5,41.77,0.0,-97.8,14.7,156.62,0.28,264.17,9998.72,42.11,-97.68,0.0,-0.84,0.1,1,router_packet_loss,0.0
1789892822.3914216,Router,9999.0,50.0,41.98,0.0,-98.0,11.6,156.62,0.21,262.69,9998.82,41.94,-97.76,0.47,-0.88,-0.4,1,router_packet_loss,0.0
1789892822.3941226,Router,9999.0,50.0,43.11,0.0,-97.8,12.1,156.62,0.2,264.44,9999.0,42.28,-97.84,0.92,1.69,-0.4,1,router_packet_loss,0.0
1789892822.397025,Router,9999.0,62.5,43.71,0.0,-97.5,16.0,156.62,0.25,262.32,9999.0,42.47,-97.8,0.0,0.96,0.2,1,router_packet_loss,0.0
1789892822.399689,Router,9999.0,62.5,42.25,0.0,-97.7,13.2,156.62,0.44,257.68,9999.0,42.56,-97.76,0.0,0.48,0.2,1,router_packet_loss,0.0
1789892822.4021564,Router,9999.0,75.0,42.23,0.0,-97.9,11.4,156.62,0.38,260.29,9999.0,42.66,-97.78,0.0,0.46,-0.1,1,router_packet_loss,0.0
1789892822.4047713,Router,9999.0,75.0,42.04,0.0,-98.3,9.4,156.62,0.39,257.34,9999.0,42.67,-97.84,0.0,0.06,-0.3,1,router_packet_loss,0.0
1789892822.4074621,Router,9999.0,62.5,43.38,0.0,-98.4,12.5,156.62,0.34,258.57,9999.0,42.72,-97.96,0.0,0.27,-0.6,1,router_packet_loss,0.0
1789892822.4101028,Router,9999.0,50.0,43.81,0.0,-98.2,15.8,156.62,0.49,263.97,9999.0,42.74,-98.1,0.0,0.1,-0.7,1,router_packet_loss,0.0
1789892822.4125116,Router,9999.0,50.0,44.23,0.0,-98.3,14.2,156.62,0.42,267.4,9999.0,43.14,-98.22,0.0,1.98,-0.6,1,,0.0
1789892822.4151123,Router,9998.43,50.0,45.61,0.0,-98.3,16.2,156.62,0.42,271.09,9998.89,43.81,-98.3,-0.57,3.38,-0.4,1,none,0.5
1789892822.417898,Router,9997.92,37.5,46.69,0.0,-98.0,17.0,156.62,0.51,272.88,9998.67,44.74,-98.24,-1.08,4.65,0.3,1,none,0.33
1789892822.4205072,Router,9998.14,37.5,47.77,0.0,-98.0,16.1,156.62,0.5,271.25,9998.5,45.62,-98.16,-0.86,4.39,0.4,1,none,0.2
1789892822.4231298,Router,9998.27,25.0,49.19,0.0,-97.9,19.5,156.62,0.38,265.86,9998.35,46.7,-98.1,-0.73,5.38,0.3,1,none,0.2
1789892822.4257715,Router,9997.94,12.5,48.28,0.0,-98.1,22.3,156.62,0.54,267.69,9998.14,47.51,-98.06,-1.06,4.05,0.2,0,none,10.0
1789892822.4285219,Router,9997.5,12.5,47.58,0.0,-97.9,21.2,156.62,0.4,263.29,9997.95,47.9,-97.98,-0.93,1.97,0.4,0,none,10.0
1789892822.4311447,Router,9997.12,12.5,46.2,0.0,-97.9,21.1,156.62,0.56,257.91,9997.79,47.8,-97.96,-0.8,-0.49,0.1,0,none,10.0
1789892822.4338381,Router,9996.76,0.0,45.61,0.0,-97.6,20.7,156.62,0.57,259.19,9997.52,47.37,-97.88,-1.38,-2.16,0.4,0,none,10.0
1789892822.4365404,Router,9996.13,0.0,45.86,0.0,-98.0,19.1,156.62,0.74,254.81,9997.09,46.71,-97.9,-2.14,-3.33,-0.1,0,none,10.0
1789892822.4391685,Router,9995.82,0.0,45.96,0.0,-98.2,16.9,156.62,0.79,258.26,9996.67,46.24,-97.92,-2.12,-2.32,-0.1,0,none,10.0
1789892822.4417715,Router,9995.29,0.0,46.63,0.0,-98.4,20.4,156.62,0.56,261.64,9996.22,46.05,-98.02,-2.21,-0.95,-0.5,0,none,10.0
1789892822.444189,Router,9994.75,0.0,46.43,0.0,-98.7,20.6,156.62,0.35,261.0,9995.75,46.1,-98.18,-2.37,0.23,-0.8,0,none,10.0
1789892822.4467647,Router,9994.53,0.0,47.62,0.0,-98.4,18.0,156.62,0.31,260.29,9995.3,46.5,-98.34,-2.23,2.01,-0.8,0,none,10.0
1789892822.4499078,Router,9994.73,0.0,46.73,0.0,-98.1,18.7,156.62,0.39,265.92,9995.02,46.67,-98.36,-1.4,0.87,-0.1,0,none,10.0
1789892822.4525638,Router,9993.96,0.0,47.8,0.0,-98.4,18.9,156.62,0.4,271.58,9994.65,47.04,-98.4,-1.86,1.84,-0.2,0,none,10.0
1789892822.4551747,Router,9994.15,0.0,49.22,0.0,-98.1,15.9,156.62,0.56,269.58,9994.42,47.56,-98.34,-1.14,2.59,0.3,0,none,10.0
1789892822.457956,Router,9993.98,0.0,50.51,0.0,-97.9,12.4,156.62,0.53,264.85,9994.27,48.38,-98.18,-0.77,4.08,0.8,0,none,10.0
1789892822.460568,Router,9994.75,0.0,50.21,0.0,-97.7,15.2,156.62,0.72,268.28,9994.31,48.89,-98.04,0.22,2.59,0.7,0,none,10.0
1789892822.4633377,Router,9995.11,0.0,49.84,0.0,-97.5,16.1,156.62,0.59,270.05,9994.39,49.52,-97.92,0.38,3.11,0.6,0,none,10.0
1789892822.4659436,Router,9995.1,0.0,49.02,0.0,-97.7,15.8,156.62,0.54,271.43,9994.62,49.76,-97.78,1.14,1.22,0.7,0,none,10.0
1789892822.4685907,Router,9995.21,0.0,47.89,0.0,-97.8,14.0,156.62,0.47,274.93,9994.83,49.49,-97.72,1.06,-1.33,0.3,0,none,10.0
1789892822.4712203,Router,9995.16,0.0,49.18,0.0,-98.2,15.2,156.62,0.3,280.15,9995.07,49.23,-97.78,1.18,-1.33,-0.3,0,none,10.0
1789892822.4740787,Router,9994.72,0.0,48.96,0.0,-98.0,18.1,156.62,0.21,278.01,9995.06,48.98,-97.84,-0.03,-1.25,-0.3,0,none,10.0
1789892822.4765482,Router,9999.0,0.0,47.69,0.0,-100.0,1.0,156.62,0.33,283.07,9995.84,48.55,-98.34,3.89,-2.15,-2.5,1,wifi_ap_degrade,0.0
1789892822.4793255,Router,9999.0,0.0,46.27,0.0,-100.0,1.0,156.62,0.51,277.96,9996.62,48.0,-98.8,3.9,-2.75,-2.3,1,wifi_ap_degrade,0.0
1789892822.4818573,Router,9999.0,0.0,46.71,0.0,-100.0,1.0,156.62,0.48,276.94,9997.38,47.76,-99.24,3.79,-1.18,-2.2,1,wifi_ap_degrade,0.0
1789892822.4847994,Router,9999.0,0.0,45.44,0.0,-100.0,1.0,156.62,0.38,276.22,9998.14,47.01,-99.6,3.84,-3.74,-1.8,1,wifi_ap_degrade,0.0
1789892822.4874747,Router,9999.0,0.0,46.44,0.0,-100.0,1.0,156.62,0.29,279.86,9999.0,46.51,-100.0,4.28,-2.52,-2.0,1,wifi_ap_degrade,0.0
1789892822.4898982,Router,9999.0,0.0,45.4,0.0,-100.0,1.0,156.62,0.45,278.18,9999.0,46.05,-100.0,0.0,-2.29,0.0,1,wifi_ap_degrade,0.0
1789892822.4922974,Router,9999.0,0.0,46.67,0.0,-100.0,1.0,156.62,0.45,281.23,9999.0,46.13,-100.0,0.0,0.4,0.0,1,wifi_ap_degrade,0.0
1789892822.4945567,Router,9999.0,12.5,46.79,0.0,-100.0,1.0,156.62,0.54,284.87,9999.0,46.15,-100.0,0.0,0.08,0.0,1,wifi_ap_degrade,0.0
1789892822.49685,Router,9999.0,12.5,47.9,0.0,-100.0,1.0,156.62,0.46,284.02,9999.0,46.64,-100.0,0.0,2.46,0.0,1,wifi_ap_degrade,0.0
1789892822.4991484,Router,9999.0,12.5,47.65,0.0,-100.0,1.0,156.62,0.33,279.3,9999.0,46.88,-100.0,0.0,1.21,0.0,1,wifi_ap_degrade,0.0
1789892822.5014691,Router,9999.0,25.0,47.74,0.0,-100.0,1.0,156.62,0.57,283.63,9999.0,47.35,-100.0,0.0,2.34,0.0,1,wifi_ap_degrade,0.0
1789892822.5041115,Router,9999.0,25.0,46.59,0.0,-100.0,1.0,156.62,0.48,280.1,9999.0,47.33,-100.0,0.0,-0.08,0.0,1,wifi_ap_degrade,0.0
1789892822.5067463,Router,9999.0,25.0,47.68,0.0,-100.0,1.0,156.62,0.47,274.27,9999.0,47.51,-100.0,0.0,0.89,0.0,1,wifi_ap_degrade,0.0
1789892822.5096784,Router,9999.0,25.0,47.48,0.0,-100.0,1.0,156.62,0.44,276.8,9999.0,47.43,-100.0,0.0,-0.42,0.0,1,wifi_ap_degrade,0.0
1789892822.5123777,Router,9999.0,37.5,46.79,0.0,-100.0,1.0,156.62,0.5,276.96,9999.0,47.26,-100.0,0.0,-0.86,0.0,1,,0.0
1789892822.515125,Router,9998.51,25.0,47.48,0.0,-99.7,3.4,156.62,0.42,272.29,9998.9,47.2,-99.94,-0.49,-0.26,0.3,1,none,0.2
1789892822.5178795,Router,9998.05,25.0,46.91,0.0,-99.5,1.2,156.62,0.26,269.8,9998.71,47.27,-99.84,-0.95,0.32,0.5,0,none,10.0
1789892822.5207243,Router,9997.37,25.0,45.89,0.0,-99.3,1.0,156.62,0.24,273.34,9998.39,46.91,-99.7,-1.63,-1.79,0.7,0,none,10.0
1789892822.5231586,Router,9996.98,12.5,45.07,0.0,-99.4,4.1,156.62,0.3,275.55,9997.98,46.43,-99.58,-2.02,-2.41,0.6,0,none,10.0
1789892822.5258398,Router,9997.55,12.5,44.41,0.0,-99.5,5.8,156.62,0.44,279.81,9997.69,45.95,-99.48,-1.45,-2.38,0.5,0,none,10.0
1789892822.5284843,Router,9997.68,12.5,45.8,0.0,-99.8,2.1,156.62,0.32,282.43,9997.53,45.62,-99.5,-0.83,-1.68,-0.1,0,none,10.0
1789892822.531147,Router,9997.18,12.5,45.6,0.0,-99.7,1.0,156.62,0.48,286.76,9997.35,45.35,-99.54,-0.87,-1.31,-0.2,0,none,10.0
1789892822.5334246,Router,9997.39,0.0,45.56,0.0,-99.8,1.2,156.62,0.54,289.03,9997.36,45.29,-99.64,0.02,-0.33,-0.5,0,none,10.0
1789892822.5360308,Router,9997.72,0.0,46.45,0.0,-100.0,3.2,156.62,0.38,290.01,9997.5,45.56,-99.76,0.74,1.38,-0.6,0,none,10.0
1789892822.538676,Router,9997.09,0.0,45.74,0.0,-100.0,4.5,156.62,0.29,295.23,9997.41,45.83,-99.86,-0.46,1.33,-0.5,0,none,10.0
1789892822.5408113,Router,9997.44,0.0,45.64,0.0,-100.0,4.8,156.62,0.29,290.96,9997.36,45.8,-99.9,-0.24,-0.16,-0.2,0,none,10.0
1789892822.5435603,Router,9998.02,0.0,44.45,0.0,-100.0,5.2,156.62,0.49,291.48,9997.53,45.57,-99.96,0.84,-1.15,-0.3,0,none,10.0
1789892822.5460982,Router,9997.82,0.0,43.36,0.0,-100.0,8.8,156.62,0.62,293.3,9997.62,45.13,-100.0,0.43,-2.2,-0.2,0,none,10.0
1789892822.5487623,Router,9998.36,0.0,43.67,0.0,-100.0,11.8,156.62,0.46,293.84,9997.75,44.57,-100.0,0.64,-2.78,0.0,0,none,10.0
1789892822.551186,Router,9999.0,0.0,44.37,0.0,-100.0,15.5,156.62,0.55,297.95,9998.13,44.3,-100.0,1.91,-1.37,0.0,0,none,10.0
1789892822.553903,Router,9998.81,0.0,43.4,0.0,-100.0,17.4,156.62,0.39,297.23,9998.4,43.85,-100.0,1.37,-2.24,0.0,0,none,10.0
1789892822.5565143,Router,9998.34,0.0,42.58,0.0,-100.0,14.7,156.62,0.28,293.69,9998.47,43.48,-100.0,0.32,-1.87,0.0,0,none,10.0
1789892822.559129,Router,9998.45,0.0,43.45,0.0,-100.0,13.8,156.62,0.22,297.51,9998.59,43.49,-100.0,0.63,0.09,0.0,0,none,10.0
1789892822.5617785,Router,9998.4,0.0,42.98,0.0,-99.9,14.6,156.62,0.51,292.92,9998.6,43.36,-99.98,0.04,-0.69,0.1,0,none,10.0
1789892822.5644078,Router,9998.09,0.0,43.38,0.0,-100.0,18.1,156.62,0.58,289.4,9998.42,43.16,-99.98,-0.91,-0.99,0.0,0,none,10.0
1789892822.5671945,Router,9997.38,0.0,44.03,0.0,-99.8,19.3,156.62,0.38,285.09,9998.13,43.28,-99.94,-1.43,0.63,0.2,0,none,10.0
1789892822.5698001,Router,9997.66,0.0,42.55,0.0,-99.6,22.0,156.62,0.32,285.46,9998.0,43.28,-99.86,-0.68,-0.03,0.4,0,none,10.0
1789892822.57243,Router,9997.46,0.0,43.99,0.0,-99.4,25.6,156.62,0.52,283.56,9997.8,43.39,-99.74,-0.99,0.54,0.6,0,none,10.0
1789892822.57504,Router,9997.68,0.0,43.09,0.0,-99.0,25.3,156.62,0.47,281.87,9997.65,43.41,-99.56,-0.72,0.11,0.9,0,none,10.0
1789892822.5774086,Router,9997.49,0.0,44.23,0.0,-98.8,25.8,156.62,0.55,284.6,9997.53,43.58,-99.32,-0.6,0.85,1.2,0,none,10.0
1789892822.5801365,Router,9996.96,0.0,45.07,0.0,-98.7,29.7,156.62,0.41,289.71,9997.45,43.79,-99.1,-0.42,1.04,1.1,0,none,10.0
1789892822.5830948,Router,9996.64,0.0,43.84,0.0,-98.9,28.2,156.62,0.62,291.32,9997.25,44.04,-98.96,-1.02,1.29,0.7,0,none,10.0
1789892822.5857549,Router,9997.28,0.0,43.91,0.0,-99.0,25.8,156.62,0.6,285.99,9997.21,44.03,-98.88,-0.18,-0.08,0.4,0,none,10.0
1789892822.5884101,Router,9997.28,0.0,42.67,0.0,-98.7,26.4,156.62,0.39,283.15,9997.13,43.94,-98.82,-0.4,-0.42,0.3,0,none,10.0
1789892822.5912898,Router,9998.01,0.0,41.9,0.0,-98.4,23.2,156.62,0.6,277.59,9997.23,43.48,-98.74,0.52,-2.33,0.4,0,none,10.0
1789892822.5939236,Router,9998.27,0.0,41.86,0.0,-98.0,24.2,156.62,0.56,274.43,9997.5,42.84,-98.6,1.31,-3.21,0.7,0,none,10.0
1789892822.5966098,Router,9998.54,0.0,42.76,0.0,-98.2,26.1,156.62,0.44,268.62,9997.88,42.62,-98.46,1.9,-1.08,0.7,0,none,10.0
1789892822.5992947,Router,9998.31,0.0,42.48,0.0,-98.4,25.2,156.62,0.56,273.73,9998.08,42.33,-98.34,1.03,-1.43,0.6,0,none,10.0
1789892822.602109,Router,9998.49,0.0,43.81,0.0,-98.1,24.0,156.62,0.57,271.95,9998.32,42.56,-98.22,1.21,1.14,0.6,0,none,10.0
1789892822.605036,Router,9998.5,0.0,44.18,0.0,-98.3,27.5,156.62,0.66,270.06,9998.42,43.02,-98.2,0.49,2.28,0.1,0,none,10.0
1789892822.608106,Router,9998.83,0.0,43.65,0.0,-98.0,26.4,156.62,0.46,267.44,9998.53,43.38,-98.2,0.56,1.79,0.0,0,none,10.0
1789892822.6111665,Router,9999.0,0.0,42.42,0.0,-98.0,27.0,156.62,0.32,268.56,9998.63,43.31,-98.16,0.46,-0.34,0.2,0,none,10.0
1789892822.6137466,Router,9998.66,0.0,41.52,0.0,-98.4,23.6,156.62,0.59,273.45,9998.7,43.12,-98.16,0.35,-0.96,0.0,0,none,10.0
1789892822.6163805,Router,9999.0,12.5,41.39,0.0,-98.7,21.1,156.62,0.42,274.19,9998.8,42.63,-98.28,0.51,-2.42,-0.6,1,router_packet_loss,0.0
1789892822.6191165,Router,9999.0,25.0,42.57,0.0,-98.7,17.7,156.62,0.44,269.43,9998.9,42.31,-98.36,0.5,-1.61,-0.4,1,router_packet_loss,0.0
1789892822.6212838,Router,9999.0,25.0,42.69,0.0,-98.6,19.2,156.62,0.64,272.67,9998.93,42.12,-98.48,0.17,-0.96,-0.6,1,router_packet_loss,0.0
1789892822.6239498,Router,9999.0,25.0,42.48,0.0,-98.5,18.9,156.62,0.73,275.08,9998.93,42.13,-98.58,0.0,0.06,-0.5,1,router_packet_loss,0.0
1789892822.6276324,Router,9999.0,25.0,41.24,0.0,-98.2,15.7,156.62,0.57,273.02,9999.0,42.07,-98.54,0.34,-0.28,0.2,1,router_packet_loss,0.0
1789892822.630106,Router,9999.0,37.5,41.5,0.0,-98.1,16.4,156.62,0.45,274.3,9999.0,42.1,-98.42,0.0,0.11,0.6,1,router_packet_loss,0.0
1789892822.6334834,Router,9999.0,37.5,41.2,0.0,-97.9,12.7,156.62,0.41,268.31,9999.0,41.82,-98.26,0.0,-1.37,0.8,1,router_packet_loss,0.0
1789892822.636153,Router,9999.0,37.5,40.79,0.0,-97.8,16.4,156.62,0.59,265.44,9999.0,41.44,-98.1,0.0,-1.9,0.8,1,router_packet_loss,0.0
1789892822.6388488,Router,9999.0,25.0,39.87,0.0,-97.5,14.2,156.62,0.44,268.09,9999.0,40.92,-97.9,0.0,-2.61,1.0,1,router_packet_loss,0.0
1789892822.641515,Router,9999.0,25.0,38.58,0.0,-97.8,10.3,156.62,0.4,269.02,9999.0,40.39,-97.82,0.0,-2.66,0.4,1,,0.0
1789892822.6443155,Router,9998.76,25.0,37.59,0.0,-97.9,13.7,156.62,0.63,269.43,9998.95,39.61,-97.78,-0.24,-3.91,0.2,1,none,1.5
1789892822.6470113,Router,9998.36,25.0,38.45,0.0,-97.9,15.5,156.62,0.55,273.8,9998.82,39.06,-97.78,-0.64,-2.75,0.0,1,none,1.33
1789892822.6497314,Router,9999.0,25.0,38.56,0.0,-97.7,12.2,156.62,0.38,279.22,9998.82,38.61,-97.76,0.0,-2.23,0.1,1,none,1.17
1789892822.6523077,Router,9998.96,12.5,39.37,0.0,-97.8,9.9,156.62,0.62,283.87,9998.82,38.51,-97.82,-0.04,-0.5,-0.3,1,none,1.0
1789892822.654992,Router,9998.37,12.5,38.73,0.0,-97.9,6.7,156.62,0.63,284.64,9998.69,38.54,-97.84,-0.63,0.15,-0.1,1,none,0.83
1789892822.657765,Router,9998.14,12.5,39.09,0.0,-97.9,3.2,156.62,0.44,280.0,9998.57,38.84,-97.84,-0.62,1.5,0.0,1,none,0.67
1789892822.6602154,Router,9998.49,12.5,38.72,0.0,-97.7,2.7,156.62,0.34,282.3,9998.59,38.89,-97.8,0.13,0.27,0.2,1,none,0.5
1789892822.6626391,Router,9997.87,0.0,38.19,0.0,-97.7,1.0,156.62,0.53,282.98,9998.37,38.82,-97.8,-1.13,-0.37,0.0,1,none,0.33
1789892822.664814,Router,9997.12,0.0,37.1,0.0,-97.7,4.1,156.62,0.32,288.13,9998.0,38.37,-97.78,-1.84,-2.27,0.1,1,none,0.2
1789892822.6675003,Router,9996.61,0.0,35.63,0.0,-97.5,1.0,156.62,0.47,293.59,9997.65,37.75,-97.7,-1.76,-3.1,0.4,1,none,0.2
1789892822.6696966,Router,9996.54,0.0,36.31,0.0,-97.3,1.6,156.62,0.68,299.42,9997.33,37.19,-97.58,-1.6,-2.78,0.6,0,none,10.0
1789892822.6723833,Router,9995.75,0.0,35.33,0.0,-97.6,5.2,156.62,0.72,301.94,9996.78,36.51,-97.56,-2.74,-3.39,0.1,0,none,10.0
1789892822.6746101,Router,9996.14,0.0,34.86,0.0,-97.9,5.6,156.62,0.46,299.53,9996.43,35.85,-97.6,-1.73,-3.33,-0.2,0,none,10.0
1789892822.6773584,Router,9995.78,0.0,33.67,0.0,-98.2,8.3,156.62,0.43,302.16,9996.16,35.16,-97.7,-1.34,-3.43,-0.5,0,none,10.0
1789892822.6799083,Router,9996.05,0.0,33.98,0.0,-98.0,12.1,156.62,0.47,306.7,9996.05,34.83,-97.8,-0.56,-1.65,-0.5,0,none,10.0
1789892822.682599,Router,9996.78,0.0,34.67,0.0,-98.4,8.8,156.62,0.56,312.46,9996.1,34.5,-98.02,0.24,-1.64,-1.1,0,none,10.0
1789892822.6847956,Router,9997.53,0.0,35.7,0.0,-98.1,5.6,156.62,0.36,313.68,9996.46,34.58,-98.12,1.78,0.37,-0.5,0,none,10.0
1789892822.687468,Router,9997.84,0.0,34.88,0.0,-98.1,7.2,156.62,0.4,319.24,9996.8,34.58,-98.16,1.7,0.02,-0.2,0,none,10.0
1789892822.6901557,Router,9999.0,0.0,35.61,0.0,-100.0,1.0,156.62,0.54,315.62,9997.44,34.97,-98.52,3.22,1.94,-1.8,1,wifi_ap_degrade,0.0
1789892822.6927626,Router,9999.0,0.0,34.12,0.0,-100.0,1.0,156.62,0.62,311.63,9998.03,35.0,-98.92,2.95,0.14,-2.0,1,wifi_ap_degrade,0.0
1789892822.6949759,Router,9999.0,0.0,32.84,0.0,-100.0,1.0,156.62,0.57,312.62,9998.47,34.63,-99.24,2.22,-1.83,-1.6,1,wifi_ap_degrade,0.0
1789892822.697118,Router,9999.0,0.0,32.95,0.0,-100.0,1.0,156.62,0.36,317.46,9998.77,34.08,-99.62,1.47,-2.75,-1.9,1,wifi_ap_degrade,0.0
1789892822.6997886,Router,9999.0,12.5,32.27,0.0,-100.0,1.0,156.62,0.57,311.57,9999.0,33.56,-100.0,1.16,-2.61,-1.9,1,wifi_ap_degrade,0.0
1789892822.7025156,Router,9999.0,12.5,33.46,0.0,-100.0,1.0,156.62,0.46,308.99,9999.0,33.13,-100.0,0.0,-2.15,0.0,1,wifi_ap_degrade,0.0
1789892822.7049403,Router,9999.0,12.5,32.68,0.0,-100.0,1.0,156.62,0.55,308.59,9999.0,32.84,-100.0,0.0,-1.44,0.0,1,wifi_ap_degrade,0.0
1789892822.7071497,Router,9999.0,12.5,32.11,0.0,-100.0,1.0,156.62,0.44,305.78,9999.0,32.69,-100.0,0.0,-0.73,0.0,1,wifi_ap_degrade,0.0
1789892822.7097435,Router,9999.0,12.5,33.02,0.0,-100.0,1.0,156.62,0.54,302.53,9999.0,32.71,-100.0,0.0,0.07,0.0,1,wifi_ap_degrade,0.0
1789892822.7118745,Router,9999.0,12.5,33.27,0.0,-100.0,1.0,156.62,0.7,299.09,9999.0,32.91,-100.0,0.0,1.0,0.0,1,wifi_ap_degrade,0.0
1789892822.7145565,Router,9999.0,12.5,34.09,0.0,-100.0,1.0,156.62,0.45,296.35,9999.0,33.03,-100.0,0.0,0.63,0.0,1,wifi_ap_degrade,0.0
1789892822.71676,Router,9999.0,12.5,35.24,0.0,-100.0,1.0,156.62,0.35,300.03,9999.0,33.55,-100.0,0.0,2.56,0.0,1,wifi_ap_degrade,0.0
1789892822.71897,Router,9999.0,0.0,36.53,0.0,-100.0,1.0,156.62,0.51,298.31,9999.0,34.43,-100.0,0.0,4.42,0.0,1,wifi_ap_degrade,0.0
1789892822.721611,Router,9999.0,0.0,35.43,0.0,-100.0,1.0,156.62,0.66,302.77,9999.0,34.91,-100.0,0.0,2.41,0.0,1,wifi_ap_degrade,0.0
1789892822.7243037,Router,9999.0,0.0,35.87,0.0,-100.0,1.0,156.62,0.64,304.97,9999.0,35.43,-100.0,0.0,2.6,0.0,1,wifi_ap_degrade,0.0
1789892822.7269444,Router,9999.0,0.0,37.01,0.0,-100.0,1.0,156.62,0.65,299.09,9999.0,36.02,-100.0,0.0,2.92,0.0,1,wifi_ap_degrade,0.0
1789892822.7295954,Router,9999.0,0.0,36.58,0.0,-100.0,1.0,156.62,0.49,300.78,9999.0,36.28,-100.0,0.0,1.34,0.0,1,,0.0
1789892822.7321472,Router,9999.0,0.0,35.51,0.0,-100.0,1.0,156.62,0.51,297.14,9999.0,36.08,-100.0,0.0,-1.02,0.0,1,none,0.33
1789892822.734826,Router,9998.24,0.0,36.68,0.0,-100.0,1.0,156.62,0.49,295.85,9998.85,36.33,-100.0,-0.76,1.25,0.0,1,none,0.2
1789892822.7375333,Router,9998.26,0.0,35.31,0.0,-99.7,1.0,156.62,0.48,295.35,9998.7,36.22,-99.94,-0.74,-0.56,0.3,1,none,0.2
1789892822.7402854,Router,9997.89,0.0,35.07,0.0,-100.0,1.0,156.62,0.52,293.42,9998.48,35.83,-99.94,-1.11,-1.94,0.0,0,none,10.0
1789892822.7426872,Router,9998.04,0.0,34.44,0.0,-99.7,4.6,156.62,0.69,290.41,9998.29,35.4,-99.88,-0.96,-2.14,0.3,0,none,10.0
1789892822.7454152,Router,9998.62,0.0,34.04,0.0,-100.0,4.1,156.62,0.8,292.83,9998.21,35.11,-99.88,-0.38,-1.47,0.0,0,none,10.0
1789892822.7476015,Router,9999.0,0.0,34.04,0.0,-99.7,7.5,156.62,0.73,291.67,9998.36,34.58,-99.82,0.76,-2.64,0.3,0,none,10.0
1789892822.7507014,Router,9999.0,0.0,35.43,0.0,-100.0,1.0,156.62,0.47,288.56,9998.51,34.6,-99.88,0.74,0.12,-0.3,1,wifi_ap_degrade,0.0
1789892822.753399,Router,9999.0,12.5,34.71,0.0,-100.0,1.0,156.62,0.35,294.38,9998.73,34.53,-99.88,1.11,-0.36,0.0,1,wifi_ap_degrade,0.0
1789892822.7558236,Router,9999.0,12.5,33.3,0.0,-100.0,1.0,156.62,0.42,289.23,9998.92,34.3,-99.94,0.96,-1.14,-0.3,1,wifi_ap_degrade,0.0
1789892822.7586222,Router,9999.0,12.5,33.38,0.0,-100.0,1.0,156.62,0.48,285.35,9999.0,34.17,-99.94,0.38,-0.66,0.0,1,wifi_ap_degrade,0.0
1789892822.761395,Router,9999.0,12.5,32.24,0.0,-100.0,1.0,156.62,0.36,289.27,9999.0,33.81,-100.0,0.0,-1.8,-0.3,1,wifi_ap_degrade,0.0
1789892822.7637758,Router,9999.0,12.5,31.2,0.0,-100.0,1.0,156.62,0.53,286.19,9999.0,32.97,-100.0,0.0,-4.23,0.0,1,wifi_ap_degrade,0.0
1789892822.766443,Router,9999.0,25.0,29.76,0.0,-100.0,1.0,156.62,0.59,280.34,9999.0,31.98,-100.0,0.0,-4.95,0.0,1,wifi_ap_degrade,0.0
1789892822.7687552,Router,9999.0,37.5,31.07,0.0,-100.0,1.0,156.62,0.68,282.74,9999.0,31.53,-100.0,0.0,-2.23,0.0,1,wifi_ap_degrade,0.0
1789892822.7714148,Router,9999.0,37.5,30.81,0.0,-100.0,1.0,156.62,0.59,282.51,9999.0,31.02,-100.0,0.0,-2.57,0.0,1,wifi_ap_degrade,0.0
1789892822.7739794,Router,9999.0,25.0,29.45,0.0,-100.0,1.0,156.62,0.68,284.22,9999.0,30.46,-100.0,0.0,-2.79,0.0,1,wifi_ap_degrade,0.0
1789892822.7767258,Router,9999.0,25.0,29.1,0.0,-100.0,1.0,156.62,0.44,280.44,9999.0,30.04,-100.0,0.0,-2.1,0.0,1,wifi_ap_degrade,0.0
1789892822.7794743,Router,9999.0,25.0,30.58,0.0,-100.0,1.0,156.62,0.3,278.9,9999.0,30.2,-100.0,0.0,0.82,0.0,1,wifi_ap_degrade,0.0
1789892822.7818432,Router,9999.0,25.0,30.25,0.0,-100.0,1.0,156.62,0.3,279.49,9999.0,30.04,-100.0,0.0,-0.82,0.0,1,,0.0
1789892822.7846062,Router,9999.0,25.0,29.3,0.0,-99.7,1.0,156.62,0.4,274.72,9999.0,29.74,-99.94,0.0,-1.51,0.3,1,none,1.0
1789892822.787345,Router,9998.71,12.5,28.25,0.0,-99.9,1.0,156.62,0.28,271.75,9998.94,29.5,-99.92,-0.29,-1.2,0.1,1,none,0.83
1789892822.7901325,Router,9998.98,0.0,28.46,0.0,-99.6,2.8,156.62,0.28,274.53,9998.94,29.37,-99.84,-0.02,-0.64,0.4,1,none,0.67
1789892822.7925014,Router,9999.0,0.0,28.36,0.0,-99.4,1.0,156.62,0.19,270.4,9998.94,28.92,-99.72,0.0,-2.22,0.6,1,none,0.5
1789892822.7952516,Router,9999.0,0.0,27.98,0.0,-99.1,1.0,156.62,0.25,265.14,9998.94,28.47,-99.54,0.0,-2.27,0.9,1,none,0.33
1789892822.7980192,Router,9999.0,0.0,29.41,0.0,-99.4,1.0,156.62,0.31,270.2,9998.94,28.49,-99.48,0.0,0.11,0.3,1,none,0.2
1789892822.8007042,Router,9998.89,0.0,30.1,0.0,-99.4,4.0,156.62,0.26,270.09,9998.97,28.86,-99.38,0.18,1.85,0.5,1,none,0.2
1789892822.803457,Router,9998.97,0.0,29.42,0.0,-99.5,7.1,156.62,0.31,275.78,9998.97,29.05,-99.36,-0.01,0.96,0.1,0,none,10.0
1789892822.8065505,Router,9998.77,0.0,29.24,0.0,-99.3,3.9,156.62,0.3,280.32,9998.93,29.23,-99.34,-0.23,0.88,0.1,0,none,10.0
1789892822.8092506,Router,9998.95,0.0,28.78,0.0,-99.3,1.0,156.62,0.24,285.89,9998.92,29.39,-99.38,-0.05,0.8,-0.2,0,none,10.0
1789892822.8119507,Router,9998.92,0.0,29.95,0.0,-99.6,2.3,156.62,0.42,289.14,9998.9,29.5,-99.42,-0.08,0.54,-0.2,0,none,10.0
1789892822.8144395,Router,9999.0,0.0,29.88,0.0,-99.6,2.6,156.62,0.47,289.32,9998.92,29.45,-99.46,0.11,-0.22,-0.2,0,none,10.0
1789892822.8169758,Router,9999.0,0.0,30.05,0.0,-99.5,6.6,156.62,0.4,288.4,9998.93,29.58,-99.46,0.03,0.63,0.0,0,none,10.0
1789892822.8196132,Router,9999.0,0.0,31.48,0.0,-99.2,8.2,156.62,0.33,290.31,9998.97,30.03,-99.44,0.23,2.24,0.1,0,none,10.0
1789892822.822321,Router,9998.43,0.0,32.55,0.0,-99.5,11.3,156.62,0.26,288.86,9998.87,30.78,-99.48,-0.52,3.77,-0.2,0,none,10.0
1789892822.8247073,Router,9997.95,0.0,31.12,0.0,-99.2,14.2,156.62,0.54,292.53,9998.68,31.02,-99.4,-0.97,1.17,0.4,0,none,10.0
1789892822.827214,Router,9997.48,0.0,32.1,0.0,-99.6,15.2,156.62,0.5,296.08,9998.37,31.46,-99.4,-1.52,2.22,0.0,0,none,10.0
1789892822.8293924,Router,9997.3,0.0,33.57,0.0,-99.5,18.4,156.62,0.69,297.18,9998.03,32.16,-99.4,-1.7,3.52,0.0,0,none,10.0
1789892822.831852,Router,9999.0,0.0,33.34,0.0,-99.5,17.9,156.62,0.49,293.0,9998.03,32.54,-99.46,0.0,1.86,-0.3,1,router_latency_spike,0.0
1789892822.8340566,Router,9999.0,0.0,32.17,0.0,-99.9,17.2,156.62,0.33,291.1,9998.15,32.46,-99.54,0.57,-0.38,-0.4,1,router_latency_spike,0.0
1789892822.836532,Router,9999.0,0.0,32.67,0.0,-99.9,14.7,156.62,0.53,291.53,9998.36,32.77,-99.68,1.05,1.55,-0.7,1,router_latency_spike,0.0
1789892822.839129,Router,9999.0,0.0,33.17,0.0,-100.0,18.2,156.62,0.65,290.57,9998.66,32.98,-99.76,1.52,1.07,-0.4,1,router_latency_spike,0.0
1789892822.8416824,Router,9999.0,0.0,31.95,0.0,-100.0,21.6,156.62,0.78,296.39,9999.0,32.66,-99.86,1.7,-1.62,-0.5,1,router_latency_spike,0.0
1789892822.8444448,Router,9999.0,0.0,31.27,0.0,-100.0,24.7,156.62,0.59,291.83,9999.0,32.25,-99.96,0.0,-2.07,-0.5,1,router_latency_spike,0.0
1789892822.8472142,Router,9999.0,12.5,32.68,0.0,-99.8,27.1,156.62,0.59,294.88,9999.0,32.35,-99.94,0.0,0.51,0.1,1,router_latency_spike,0.0
1789892822.849938,Router,9999.0,25.0,32.41,0.0,-99.5,28.4,156.62,0.7,300.18,9999.0,32.3,-99.86,0.0,-0.26,0.4,1,router_latency_spike,0.0
1789892822.8526096,Router,9999.0,25.0,31.22,0.0,-99.5,25.1,156.62,0.81,297.15,9999.0,31.91,-99.76,0.0,-1.95,0.5,1,router_latency_spike,0.0
1789892822.8549924,Router,9999.0,25.0,32.56,0.0,-99.1,21.8,156.62,0.77,301.06,9999.0,32.03,-99.58,0.0,0.61,0.9,1,router_latency_spike,0.0
1789892822.8576736,Router,9999.0,25.0,33.03,0.0,-99.0,25.0,156.62,0.72,302.59,9999.0,32.38,-99.38,0.0,1.76,1.0,1,router_latency_spike,0.0
1789892822.8604233,Router,9999.0,25.0,34.44,0.0,-99.2,28.0,156.62,0.47,301.0,9999.0,32.73,-99.26,0.0,1.76,0.6,1,router_latency_spike,0.0
1789892822.8631914,Router,9999.0,25.0,34.41,0.0,-99.0,25.0,156.62,0.29,306.06,9999.0,33.13,-99.16,0.0,2.0,0.5,1,router_latency_spike,0.0
1789892822.8659406,Router,9999.0,25.0,34.9,0.0,-99.4,24.6,156.62,0.41,301.85,9999.0,33.87,-99.14,0.0,3.68,0.1,1,router_latency_spike,0.0
1789892822.8686907,Router,9999.0,25.0,35.66,0.0,-99.5,24.6,156.62,0.27,302.13,9999.0,34.49,-99.22,0.0,3.1,-0.4,1,router_latency_spike,0.0
1789892822.8711243,Router,9999.0,12.5,35.39,0.0,-99.5,24.4,156.62,0.34,302.9,9999.0,34.96,-99.32,0.0,2.36,-0.5,1,router_latency_spike,0.0
1789892822.8738277,Router,9999.0,25.0,35.88,0.0,-99.4,27.2,156.62,0.35,299.05,9999.0,35.25,-99.36,0.0,1.44,-0.2,1,,0.0
1789892822.8765948,Router,9999.0,25.0,35.38,0.0,-99.8,26.6,156.62,0.57,295.48,9999.0,35.44,-99.52,0.0,0.97,-0.8,1,none,0.33
1789892822.8793392,Router,9998.74,25.0,34.8,0.0,-99.8,23.4,156.62,0.36,292.07,9998.95,35.42,-99.6,-0.26,-0.1,-0.4,1,none,0.2
1789892822.8819532,Router,9998.68,25.0,35.18,0.0,-99.4,20.9,156.62,0.49,293.49,9998.88,35.33,-99.58,-0.32,-0.48,0.1,1,none,0.2
1789892822.8847277,Router,9998.37,25.0,35.49,0.0,-99.3,18.2,156.62,0.31,299.32,9998.76,35.35,-99.54,-0.63,0.1,0.2,0,none,10.0
1789892822.8881195,Router,9998.42,25.0,35.73,0.0,-99.3,22.2,156.62,0.22,299.31,9998.64,35.32,-99.52,-0.58,-0.15,0.1,0,none,10.0
1789892822.8907413,Router,9998.73,12.5,36.47,0.0,-99.0,23.1,156.62,0.18,303.61,9998.59,35.53,-99.36,-0.27,1.09,0.8,0,none,10.0
1789892822.8934498,Router,9999.0,12.5,35.57,0.0,-99.1,24.4,156.62,0.36,305.43,9998.64,35.69,-99.22,0.26,0.77,0.7,0,none,10.0
1789892822.8958943,Router,9998.9,0.0,35.76,0.0,-98.7,22.6,156.62,0.25,301.55,9998.68,35.8,-99.08,0.22,0.58,0.7,0,none,10.0
1789892822.8986273,Router,9999.0,0.0,36.42,0.0,-98.5,21.3,156.62,0.2,307.52,9998.81,35.99,-98.92,0.63,0.93,0.8,0,none,10.0
1789892822.9013782,Router,9999.0,0.0,37.43,0.0,-98.3,23.8,156.62,0.27,310.85,9998.93,36.33,-98.72,0.58,1.7,1.0,0,none,10.0
1789892822.9039834,Router,9998.85,0.0,36.35,0.0,-98.5,25.0,156.62,0.32,311.12,9998.95,36.31,-98.62,0.12,-0.12,0.5,0,none,10.0
1789892822.9066312,Router,9999.0,0.0,37.74,0.0,-98.8,23.5,156.62,0.52,313.4,9998.95,36.74,-98.56,0.0,2.17,0.3,0,none,10.0
1789892822.9089718,Router,9998.26,0.0,37.92,0.0,-98.6,19.9,156.62,0.58,314.65,9998.82,37.17,-98.54,-0.64,2.16,0.1,0,none,10.0
1789892822.911434,Router,9998.6,0.0,36.86,0.0,-98.3,16.4,156.62,0.48,316.43,9998.74,37.26,-98.5,-0.4,0.44,0.2,0,none,10.0
1789892822.9144092,Router,9999.0,0.0,36.87,0.0,-98.3,13.1,156.62,0.68,314.06,9998.74,37.15,-98.5,0.0,-0.56,0.0,0,none,10.0
1789892822.9170885,Router,9998.25,0.0,36.32,0.0,-98.2,16.4,156.62,0.76,313.27,9998.62,37.14,-98.44,-0.6,-0.03,0.3,0,none,10.0
1789892822.9198287,Router,9998.32,0.0,37.29,0.0,-98.1,15.6,156.62,0.5,315.52,9998.49,37.05,-98.3,-0.68,-0.45,0.7,0,none,10.0
1789892822.922566,Router,9997.68,0.0,37.0,0.0,-98.0,16.1,156.62,0.59,312.5,9998.37,36.87,-98.18,-0.58,-0.92,0.6,0,none,10.0
1789892822.9253032,Router,9997.95,0.0,37.34,0.0,-98.2,16.0,156.62,0.61,317.24,9998.24,36.96,-98.16,-0.65,0.48,0.1,0,none,10.0
1789892822.9279854,Router,9997.69,0.0,37.69,0.0,-98.4,15.8,156.62,0.75,312.63,9997.98,37.13,-98.18,-1.31,0.82,-0.1,0,none,10.0
1789892822.9306505,Router,9998.13,0.0,38.3,0.0,-98.3,12.2,156.62,0.47,310.84,9997.95,37.52,-98.2,-0.12,1.98,-0.1,0,none,10.0
1789892822.9334035,Router,9997.43,0.0,38.96,0.0,-98.7,13.7,156.62,0.35,313.6,9997.78,37.86,-98.32,-0.89,1.67,-0.6,0,none,10.0
1789892822.936188,Router,9998.08,0.0,39.15,0.0,-98.7,10.3,156.62,0.36,310.76,9997.86,38.29,-98.46,0.4,2.15,-0.7,0,none,10.0
1789892822.9389372,Router,9998.52,0.0,39.63,0.0,-98.9,13.0,156.62,0.47,313.46,9997.97,38.75,-98.6,0.57,2.29,-0.7,0,none,10.0
1789892822.9416916,Router,9998.86,0.0,40.42,0.0,-98.6,11.0,156.62,0.3,311.73,9998.2,39.29,-98.64,1.17,2.73,-0.2,0,none,10.0
1789892822.9445298,Router,9998.88,0.0,41.49,0.0,-98.6,11.8,156.62,0.23,312.4,9998.35,39.93,-98.7,0.75,3.19,-0.3,0,none,10.0
1789892822.9469056,Router,9999.0,0.0,41.73,0.0,-98.7,11.4,156.62,0.21,316.81,9998.67,40.48,-98.7,1.57,2.77,0.0,0,none,10.0
1789892822.9498472,Router,9999.0,0.0,42.89,0.0,-98.3,13.9,156.62,0.4,316.52,9998.85,41.23,-98.62,0.92,3.74,0.4,0,none,10.0
1789892822.9526498,Router,9998.95,0.0,43.75,0.0,-98.6,15.6,156.62,0.42,320.62,9998.94,42.06,-98.56,0.43,4.12,0.3,0,none,10.0
1789892822.9553866,Router,9998.62,0.0,44.59,0.0,-98.4,18.5,156.62,0.34,322.66,9998.89,42.89,-98.52,-0.24,4.17,0.2,0,none,10.0
1789892822.9581132,Router,9998.17,0.0,44.03,0.0,-98.3,22.3,156.62,0.5,323.46,9998.75,43.4,-98.46,-0.71,2.54,0.3,0,none,10.0
1789892822.9610453,Router,9999.0,0.0,45.03,0.0,-98.4,20.5,156.62,0.54,326.19,9998.75,44.06,-98.4,0.0,3.3,0.3,1,router_latency_spike,0.0
1789892822.9638324,Router,9999.0,0.0,46.14,0.0,-98.6,17.3,156.62,0.68,324.9,9998.75,44.71,-98.46,0.0,3.25,-0.3,1,router_latency_spike,0.0
1789892822.9665732,Router,9999.0,0.0,45.3,0.0,-98.5,20.6,156.62,0.42,330.71,9998.76,45.02,-98.44,0.05,1.55,0.1,1,router_latency_spike,0.0
1789892822.9693174,Router,9999.0,0.0,46.73,0.0,-98.3,23.0,156.62,0.35,327.05,9998.83,45.45,-98.42,0.38,2.14,0.1,1,router_latency_spike,0.0
1789892822.9720962,Router,9999.0,0.0,45.46,0.0,-98.7,21.0,156.62,0.43,332.51,9999.0,45.73,-98.5,0.83,1.43,-0.4,1,router_latency_spike,0.0
1789892822.9750075,Router,9999.0,0.0,46.55,0.0,-98.6,17.3,156.62,0.35,330.6,9999.0,46.04,-98.54,0.0,1.52,-0.2,1,router_latency_spike,0.0
1789892822.9775379,Router,9999.0,0.0,47.65,0.0,-98.7,17.9,156.62,0.38,324.97,9999.0,46.34,-98.56,0.0,1.51,-0.1,1,router_latency_spike,0.0
1789892822.9800878,Router,9999.0,0.0,48.33,0.0,-98.4,18.8,156.62,0.52,329.8,9999.0,46.94,-98.54,0.0,3.03,0.1,1,router_latency_spike,0.0
1789892822.982721,Router,9999.0,0.0,49.0,0.0,-98.2,19.1,156.62,0.5,325.26,9999.0,47.4,-98.52,0.0,2.27,0.1,1,router_latency_spike,0.0
1789892822.985361,Router,9999.0,12.5,47.62,0.0,-98.4,20.5,156.62,0.5,322.16,9999.0,47.83,-98.46,0.0,2.16,0.3,1,router_latency_spike,0.0
1789892822.9880903,Router,9999.0,25.0,46.94,0.0,-98.7,19.0,156.62,0.32,317.64,9999.0,47.91,-98.48,0.0,0.39,-0.1,1,router_latency_spike,0.0
1789892822.9907687,Router,9999.0,25.0,45.53,0.0,-98.7,22.0,156.62,0.44,320.08,9999.0,47.48,-98.48,0.0,-2.12,0.0,1,router_latency_spike,0.0
1789892822.9934688,Router,9999.0,25.0,45.74,0.0,-99.1,21.0,156.62,0.34,315.21,9999.0,46.97,-98.62,0.0,-2.59,-0.7,1,router_latency_spike,0.0
1789892822.996148,Router,9999.0,25.0,44.45,0.0,-98.7,24.6,156.62,0.23,312.45,9999.0,46.06,-98.72,0.0,-4.55,-0.5,1,,0.0
1789892822.9987872,Router,9998.2,25.0,45.62,0.0,-98.8,20.8,156.62,0.25,315.92,9998.84,45.66,-98.8,-0.8,-2.0,-0.4,1,none,0.83
1789892823.0013983,Router,9998.45,25.0,46.23,0.0,-98.8,22.8,156.62,0.26,313.56,9998.73,45.51,-98.82,-0.55,-0.71,-0.1,1,none,0.67
1789892823.0041687,Router,9998.4,25.0,46.1,0.0,-99.2,22.1,156.62,0.43,312.23,9998.61,45.63,-98.92,-0.6,0.57,-0.5,1,none,0.5
1789892823.006598,Router,9998.48,12.5,47.49,0.0,-99.4,21.8,156.62,0.64,314.78,9998.51,45.98,-98.98,-0.52,1.75,-0.3,1,none,0.33
1789892823.0097687,Router,9998.88,0.0,46.32,0.0,-99.4,23.8,156.62,0.41,317.07,9998.48,46.35,-99.12,-0.12,1.87,-0.7,1,none,0.2
1789892823.0123775,Router,9998.92,0.0,45.41,0.0,-99.7,24.9,156.62,0.36,314.3,9998.63,46.31,-99.3,0.72,-0.21,-0.9,1,none,0.2
1789892823.0150104,Router,9998.21,0.0,45.0,0.0,-99.3,25.4,156.62,0.37,313.46,9998.58,46.06,-99.4,-0.24,-1.23,-0.5,0,none,10.0
1789892823.0176792,Router,9998.58,0.0,45.06,0.0,-99.7,25.2,156.62,0.56,317.06,9998.61,45.86,-99.5,0.18,-1.04,-0.5,0,none,10.0
1789892823.0203264,Router,9998.54,0.0,43.69,0.0,-99.5,28.3,156.62,0.48,316.4,9998.63,45.1,-99.52,0.06,-3.8,-0.1,0,none,10.0
1789892823.0229554,Router,9997.94,0.0,43.16,0.0,-99.4,31.9,156.62,0.35,312.22,9998.44,44.46,-99.52,-0.94,-3.16,0.0,0,none,10.0
1789892823.0256298,Router,9998.13,0.0,43.91,0.0,-99.4,29.9,156.62,0.4,312.77,9998.28,44.16,-99.46,-0.79,-1.5,0.3,0,none,10.0
1789892823.0282385,Router,9998.06,0.0,43.58,0.0,-99.3,32.9,156.62,0.63,315.08,9998.25,43.88,-99.46,-0.15,-1.42,0.0,0,none,10.0
1789892823.0309167,Router,9998.1,0.0,44.46,0.0,-98.9,30.9,156.62,0.39,309.75,9998.15,43.76,-99.3,-0.48,-0.6,0.8,0,none,10.0
1789892823.0336494,Router,9998.85,0.0,43.72,0.0,-98.6,32.7,156.62,0.59,311.62,9998.22,43.77,-99.12,0.31,0.03,0.9,0,none,10.0
1789892823.0363023,Router,9998.71,0.0,43.82,0.0,-98.8,36.7,156.62,0.49,313.61,9998.37,43.9,-99.0,0.77,0.66,0.6,0,none,10.0
1789892823.0389352,Router,9998.03,0.0,45.11,0.0,-99.0,35.2,156.62,0.41,309.31,9998.35,44.14,-98.92,-0.1,1.2,0.4,0,none,10.0
1789892823.0419846,Router,9998.02,0.0,45.87,0.0,-98.9,39.0,156.62,0.5,304.88,9998.34,44.6,-98.84,-0.04,2.29,0.4,0,none,10.0
1789892823.0446792,Router,9998.49,0.0,45.64,0.0,-98.8,41.5,156.62,0.36,300.79,9998.42,44.83,-98.82,0.39,1.18,0.1,0,none,10.0
1789892823.0474305,Router,9998.62,0.0,46.98,0.0,-99.0,37.8,156.62,0.6,300.04,9998.37,45.48,-98.9,-0.23,3.26,-0.4,0,none,10.0
1789892823.0503337,Router,9998.06,0.0,47.9,0.0,-99.1,41.6,156.62,0.54,296.69,9998.24,46.3,-98.96,-0.65,4.08,-0.3,0,none,10.0
1789892823.0533416,Router,9999.0,12.5,48.71,0.0,-100.0,1.0,156.62,0.57,293.61,9998.44,47.02,-99.16,0.97,3.6,-1.0,1,wifi_ap_degrade,0.0
1789892823.0559945,Router,9999.0,12.5,49.83,0.0,-100.0,1.0,156.62,0.61,289.71,9998.63,47.81,-99.38,0.98,3.96,-1.1,1,wifi_ap_degrade,0.0
1789892823.0585537,Router,9999.0,12.5,49.99,0.0,-100.0,1.0,156.62,0.65,291.81,9998.74,48.68,-99.62,0.51,4.35,-1.2,1,wifi_ap_degrade,0.0
1789892823.0613148,Router,9999.0,12.5,49.38,0.0,-100.0,1.0,156.62,0.77,286.46,9998.81,49.16,-99.82,0.38,2.4,-1.0,1,wifi_ap_degrade,0.0
1789892823.0640123,Router,9999.0,25.0,49.13,0.0,-100.0,1.0,156.62,0.86,289.69,9999.0,49.41,-100.0,0.94,1.23,-0.9,1,wifi_ap_degrade,0.0
1789892823.066689,Router,9999.0,25.0,47.71,0.0,-100.0,1.0,156.62,0.66,289.1,9999.0,49.21,-100.0,0.0,-1.0,0.0,1,wifi_ap_degrade,0.0
1789892823.069618,Router,9999.0,25.0,48.95,0.0,-100.0,1.0,156.62,0.67,291.13,9999.0,49.03,-100.0,0.0,-0.88,0.0,1,wifi_ap_degrade,0.0
1789892823.0720365,Router,9999.0,25.0,50.09,0.0,-100.0,1.0,156.62,0.57,288.34,9999.0,49.05,-100.0,0.0,0.1,0.0,1,wifi_ap_degrade,0.0
1789892823.0747347,Router,9999.0,12.5,51.3,0.0,-100.0,1.0,156.62,0.67,289.35,9999.0,49.44,-100.0,0.0,1.92,0.0,1,wifi_ap_degrade,0.0
1789892823.0774302,Router,9999.0,12.5,52.2,0.0,-100.0,1.0,156.62,0.71,292.32,9999.0,50.05,-100.0,0.0,3.07,0.0,1,wifi_ap_degrade,0.0
1789892823.0801806,Router,9999.0,12.5,51.64,0.0,-100.0,1.0,156.62,0.53,287.74,9999.0,50.84,-100.0,0.0,3.93,0.0,1,wifi_ap_degrade,0.0
1789892823.0828967,Router,9999.0,12.5,52.99,0.0,-100.0,1.0,156.62,0.38,291.85,9999.0,51.64,-100.0,0.0,4.04,0.0,1,wifi_ap_degrade,0.0
1789892823.0856378,Router,9999.0,0.0,54.23,0.0,-100.0,1.0,156.62,0.28,295.87,9999.0,52.47,-100.0,0.0,4.14,0.0,1,wifi_ap_degrade,0.0
1789892823.0884035,Router,9999.0,0.0,54.93,0.0,-100.0,1.0,156.62,0.44,290.91,9999.0,53.2,-100.0,0.0,3.63,0.0,1,wifi_ap_degrade,0.0
1789892823.0909293,Router,9999.0,0.0,53.78,0.0,-100.0,1.0,156.62,0.54,293.64,9999.0,53.51,-100.0,0.0,1.58,0.0,1,wifi_ap_degrade,0.0
1789892823.0938048,Router,9999.0,0.0,53.04,0.0,-100.0,1.0,156.62,0.66,290.1,9999.0,53.79,-100.0,0.0,1.4,0.0,1,wifi_ap_degrade,0.0
1789892823.0962138,Router,9999.0,0.0,53.1,0.0,-100.0,1.0,156.62,0.53,289.84,9999.0,53.82,-100.0,0.0,0.11,0.0,1,wifi_ap_degrade,0.0
1789892823.0991316,Router,9999.0,0.0,53.37,0.0,-100.0,1.0,156.62,0.52,283.96,9999.0,53.64,-100.0,0.0,-0.86,0.0,1,,0.0
1789892823.1018093,Router,9998.83,0.0,52.37,0.0,-99.7,1.0,156.62,0.54,288.86,9998.97,53.13,-99.94,-0.17,-2.56,0.3,0,none,10.0
1789892823.1044838,Router,9998.4,0.0,51.17,0.0,-99.5,1.0,156.62,0.54,284.55,9998.85,52.61,-99.84,-0.6,-2.61,0.5,0,none,10.0
1789892823.1074924,Router,9999.0,0.0,52.05,0.0,-99.5,1.0,156.62,0.55,287.03,9998.85,52.41,-99.74,0.0,-0.99,0.5,0,none,10.0
1789892823.110194,Router,9998.7,0.0,52.42,0.0,-99.7,1.0,156.62,0.55,287.54,9998.79,52.28,-99.68,-0.3,-0.68,0.3,0,none,10.0
1789892823.113114,Router,9998.13,0.0,51.38,0.0,-99.5,1.0,156.62,0.72,288.69,9998.61,51.88,-99.58,-0.87,-1.99,0.5,0,none,10.0
1789892823.1158202,Router,9997.61,0.0,50.34,0.0,-99.4,4.4,156.62,0.48,287.82,9998.37,51.47,-99.52,-1.22,-2.03,0.3,0,none,10.0
1789892823.118617,Router,9997.5,0.0,51.39,0.0,-99.2,2.2,156.62,0.53,282.23,9998.19,51.52,-99.46,-0.9,0.22,0.3,0,none,10.0
1789892823.1212077,Router,9997.64,0.0,50.19,0.0,-99.0,1.0,156.62,0.45,282.23,9997.92,51.14,-99.36,-1.36,-1.86,0.5,0,none,10.0
1789892823.1236284,Router,9997.97,0.0,51.51,0.0,-98.6,4.2,156.62,0.4,285.85,9997.77,50.96,-99.14,-0.73,-0.91,1.1,0,none,10.0
1789892823.126364,Router,9998.06,0.0,52.35,0.0,-98.9,4.8,156.62,0.39,285.46,9997.76,51.16,-99.02,-0.07,0.97,0.6,0,none,10.0
1789892823.1288962,Router,9997.88,0.0,53.51,0.0,-99.3,2.2,156.62,0.28,287.83,9997.81,51.79,-99.0,0.27,3.17,0.1,0,none,10.0
1789892823.1316557,Router,9997.22,0.0,53.92,0.0,-99.4,3.1,156.62,0.45,283.72,9997.75,52.3,-99.04,-0.28,2.53,-0.2,0,none,10.0
1789892823.1343517,Router,9996.64,0.0,52.68,0.0,-99.1,2.7,156.62,0.64,280.9,9997.55,52.79,-99.06,-1.0,2.49,-0.1,0,none,10.0
1789892823.1370194,Router,9997.2,0.0,52.11,0.0,-98.8,1.0,156.62,0.54,284.21,9997.4,52.91,-99.1,-0.77,0.6,-0.2,0,none,10.0
1789892823.1399798,Router,9997.16,0.0,51.51,0.0,-99.0,4.1,156.62,0.68,284.68,9997.22,52.75,-99.12,-0.9,-0.84,-0.1,0,none,10.0
1789892823.1426933,Router,9997.91,0.0,50.23,0.0,-98.8,4.6,156.62,0.46,290.07,9997.23,52.09,-99.02,0.03,-3.28,0.5,0,none,10.0
1789892823.1453383,Router,9998.3,0.0,50.84,0.0,-99.0,2.6,156.62,0.54,290.39,9997.44,51.47,-98.94,1.08,-3.08,0.4,0,none,10.0
1789892823.1481194,Router,9997.93,0.0,51.36,0.0,-99.1,2.7,156.62,0.5,286.2,9997.7,51.21,-98.94,1.29,-1.32,0.0,0,none,10.0
1789892823.1508086,Router,9998.46,0.0,50.54,0.0,-98.9,2.1,156.62,0.38,286.82,9997.95,50.9,-98.96,1.26,-1.57,-0.1,0,none,10.0
1789892823.1539073,Router,9998.31,0.0,50.19,0.0,-98.7,1.0,156.62,0.52,288.53,9998.18,50.63,-98.9,1.15,-1.32,0.3,0,none,10.0
1789892823.1567314,Router,9998.79,0.0,50.8,0.0,-99.1,3.9,156.62,0.65,293.78,9998.36,50.75,-98.96,0.88,0.57,-0.3,0,none,10.0
1789892823.1596258,Router,9999.0,0.0,52.09,0.0,-99.4,2.5,156.62,0.56,298.24,9998.5,51.0,-99.04,0.7,1.25,-0.4,0,none,10.0
1789892823.1626246,Router,9999.0,0.0,52.55,0.0,-99.2,6.4,156.62,0.46,299.34,9998.71,51.23,-99.06,1.07,1.19,-0.1,0,none,10.0
1789892823.1653244,Router,9999.0,0.0,53.24,0.0,-98.9,6.6,156.62,0.33,293.93,9998.82,51.77,-99.06,0.54,2.7,0.0,0,none,10.0
1789892823.1681771,Router,9998.55,0.0,53.37,0.0,-98.6,8.2,156.62,0.5,296.66,9998.87,52.41,-99.04,0.24,3.18,0.1,0,none,10.0
1789892823.1708255,Router,9998.32,0.0,54.36,0.0,-98.2,11.2,156.62,0.46,291.21,9998.77,53.12,-98.86,-0.47,3.56,0.9,0,none,10.0
1789892823.1732981,Router,9999.0,0.0,53.7,0.0,-98.0,11.0,156.62,0.66,293.01,9998.77,53.44,-98.58,0.0,1.61,1.4,0,none,10.0
1789892823.1754909,Router,9999.0,0.0,54.46,0.0,-98.3,7.7,156.62,0.79,292.55,9998.77,53.83,-98.4,0.0,1.91,0.9,0,none,10.0
1789892823.1782727,Router,9998.61,0.0,53.87,0.0,-98.3,8.9,156.62,0.59,290.81,9998.7,53.95,-98.28,-0.39,0.63,0.6,0,none,10.0
1789892823.1812105,Router,9998.12,0.0,54.78,0.0,-98.0,6.6,156.62,0.62,286.0,9998.61,54.23,-98.16,-0.43,1.41,0.6,0,none,10.0
1789892823.1839802,Router,9998.27,0.0,55.71,0.0,-97.8,9.1,156.62,0.56,286.63,9998.6,54.5,-98.08,-0.05,1.35,0.4,0,none,10.0
1789892823.1866002,Router,9998.02,0.0,55.98,0.0,-98.1,7.8,156.62,0.54,289.97,9998.4,54.96,-98.1,-0.98,2.28,-0.1,0,none,10.0
1789892823.1892254,Router,9998.18,0.0,55.14,0.0,-98.5,6.5,156.62,0.49,293.03,9998.24,55.1,-98.14,-0.82,0.68,-0.2,0,none,10.0
1789892823.1916478,Router,9998.14,0.0,55.87,0.0,-98.3,9.0,156.62,0.36,289.36,9998.15,55.5,-98.14,-0.47,2.0,0.0,0,none,10.0
1789892823.1948001,Router,9998.58,0.0,55.71,0.0,-98.3,10.0,156.62,0.45,291.33,9998.24,55.68,-98.2,0.46,0.93,-0.3,0,none,10.0
1789892823.1974552,Router,9998.44,0.0,55.07,0.0,-98.2,10.3,156.62,0.37,289.19,9998.27,55.55,-98.28,0.17,-0.64,-0.4,0,none,10.0
1789892823.2001686,Router,9998.06,0.0,53.95,0.0,-98.2,11.5,156.62,0.51,290.85,9998.28,55.15,-98.3,0.04,-2.03,-0.1,0,none,10.0
1789892823.202671,Router,9998.79,0.0,54.59,0.0,-98.1,11.5,156.62,0.6,295.31,9998.4,55.04,-98.22,0.61,-0.55,0.4,0,none,10.0
1789892823.205277,Router,9999.0,0.0,53.84,0.0,-98.1,13.8,156.62,0.39,294.64,9998.57,54.63,-98.18,0.86,-2.03,0.2,0,none,10.0
1789892823.2079127,Router,9999.0,0.0,53.3,0.0,-97.8,12.2,156.62,0.37,288.74,9998.66,54.15,-98.08,0.42,-2.41,0.5,0,none,10.0
1789892823.2111845,Router,9999.0,0.0,53.2,0.0,-98.2,10.2,156.62,0.59,290.93,9998.77,53.78,-98.08,0.56,-1.87,0.0,0,none,10.0
1789892823.2139418,Router,9998.95,0.0,54.18,0.0,-98.0,11.5,156.62,0.37,287.28,9998.95,53.82,-98.04,0.89,0.23,0.2,0,none,10.0
1789892823.2165868,Router,9999.0,0.0,55.23,0.0,-97.7,13.1,156.62,0.37,283.78,9998.99,53.95,-97.96,0.21,0.64,0.4,0,none,10.0
1789892823.2197733,Router,9999.0,0.0,55.82,0.0,-97.7,11.2,156.62,0.26,281.7,9998.99,54.35,-97.88,0.0,1.98,0.4,0,none,10.0
1789892823.2224119,Router,9999.0,0.0,56.48,0.0,-98.1,7.9,156.62,0.41,281.23,9998.99,54.98,-97.94,0.0,3.18,-0.3,0,none,10.0
1789892823.225207,Router,9999.0,0.0,55.04,0.0,-98.0,6.0,156.62,0.31,281.02,9998.99,55.35,-97.9,0.0,1.84,0.2,0,none,10.0
1789892823.2280107,Router,9998.76,0.0,54.36,0.0,-97.6,2.2,156.62,0.4,279.71,9998.95,55.39,-97.82,-0.19,0.18,0.4,0,none,10.0
1789892823.2306378,Router,9999.0,0.0,55.18,0.0,-97.8,2.8,156.62,0.42,281.7,9998.95,55.38,-97.84,0.0,-0.05,-0.1,0,none,10.0
1789892823.2332542,Router,9999.0,0.0,55.6,0.0,-98.0,1.0,156.62,0.49,276.82,9998.95,55.33,-97.9,0.0,-0.22,-0.3,0,none,10.0
1789892823.2362263,Router,9999.0,0.0,56.44,0.0,-98.2,1.0,156.62,0.46,273.58,9998.95,55.32,-97.92,0.0,-0.04,-0.1,0,none,10.0
1789892823.2388706,Router,9999.0,0.0,57.32,0.0,-98.2,1.0,156.62,0.67,271.07,9998.95,55.78,-97.96,0.0,2.28,-0.2,0,none,10.0
1789892823.241488,Router,9999.0,0.0,56.23,0.0,-98.2,1.0,156.62,0.78,265.1,9999.0,56.15,-98.08,0.24,1.87,-0.6,0,none,10.0
1789892823.2443292,Router,9999.0,0.0,57.33,0.0,-98.2,1.0,156.62,0.6,261.42,9999.0,56.58,-98.16,0.0,2.15,-0.4,0,none,10.0
1789892823.2469542,Router,9998.54,0.0,58.72,0.0,-98.2,1.0,156.62,0.52,259.03,9998.91,57.21,-98.2,-0.46,3.12,-0.2,0,none,10.0
1789892823.2495923,Router,9997.76,0.0,58.55,0.0,-98.4,2.8,156.62,0.46,259.66,9998.66,57.63,-98.24,-1.24,2.11,-0.2,0,none,10.0
1789892823.2522924,Router,9998.34,0.0,58.93,0.0,-98.4,1.0,156.62,0.56,257.78,9998.53,57.95,-98.28,-0.66,1.61,-0.2,0,none,10.0
1789892823.2549224,Router,9998.05,0.0,57.77,0.0,-98.6,1.0,156.62,0.46,257.56,9998.34,58.26,-98.36,-0.95,1.54,-0.4,0,none,10.0
1789892823.2575395,Router,9999.0,0.0,56.48,0.0,-98.8,3.5,156.62,0.39,261.22,9998.34,58.09,-98.48,0.0,-0.85,-0.6,1,router_latency_spike,0.0
1789892823.260235,Router,9999.0,0.0,56.75,0.0,-99.0,2.4,156.62,0.3,257.9,9998.43,57.7,-98.64,0.46,-1.97,-0.8,1,router_latency_spike,0.0
1789892823.2628405,Router,9999.0,0.0,56.45,0.0,-98.7,4.6,156.62,0.21,254.36,9998.68,57.28,-98.7,1.24,-2.1,-0.3,1,router_latency_spike,0.0
1789892823.2654562,Router,9999.0,0.0,55.94,0.0,-98.6,5.4,156.62,0.52,254.99,9998.81,56.68,-98.74,0.66,-2.99,-0.2,1,router_latency_spike,0.0
1789892823.268083,Router,9999.0,0.0,56.66,0.0,-99.0,8.1,156.62,0.53,255.01,9999.0,56.46,-98.82,0.95,-1.11,-0.4,1,router_latency_spike,0.0
1789892823.2707243,Router,9999.0,0.0,57.99,0.0,-99.1,9.0,156.62,0.45,254.16,9999.0,56.76,-98.88,0.0,1.51,-0.3,1,router_latency_spike,0.0
1789892823.2735462,Router,9999.0,0.0,57.59,0.0,-99.4,6.6,156.62,0.52,253.46,9999.0,56.93,-98.96,0.0,0.84,-0.4,1,router_latency_spike,0.0
1789892823.2764964,Router,9999.0,12.5,56.78,0.0,-99.2,7.7,156.62,0.32,251.1,9999.0,56.99,-99.06,0.0,0.33,-0.5,1,router_latency_spike,0.0
1789892823.2792675,Router,9999.0,12.5,56.66,0.0,-99.2,8.3,156.62,0.35,251.62,9999.0,57.14,-99.18,0.0,0.72,-0.6,1,router_latency_spike,0.0
1789892823.2818885,Router,9999.0,12.5,55.23,0.0,-99.0,8.8,156.62,0.24,251.37,9999.0,56.85,-99.18,0.0,-1.43,0.0,1,router_latency_spike,0.0
1789892823.2845237,Router,9999.0,12.5,56.04,0.0,-99.0,7.1,156.62,0.45,255.05,9999.0,56.46,-99.16,0.0,-1.95,0.1,1,router_latency_spike,0.0
1789892823.287141,Router,9999.0,12.5,56.07,0.0,-99.2,3.4,156.62,0.55,259.9,9999.0,56.16,-99.12,0.0,-1.52,0.2,1,router_latency_spike,0.0
1789892823.2897723,Router,9999.0,12.5,57.56,0.0,-99.3,1.0,156.62,0.37,258.82,9999.0,56.31,-99.14,0.0,0.78,-0.1,1,router_latency_spike,0.0
1789892823.2925828,Router,9999.0,25.0,57.72,0.0,-99.0,1.0,156.62,0.59,255.16,9999.0,56.52,-99.1,0.0,1.06,0.2,1,router_latency_spike,0.0
1789892823.2953448,Router,9999.0,25.0,58.58,0.0,-99.0,3.1,156.62,0.59,250.07,9999.0,57.19,-99.1,0.0,3.35,0.0,1,router_latency_spike,0.0
1789892823.2979903,Router,9999.0,12.5,59.47,0.0,-99.1,4.5,156.62,0.51,247.49,9999.0,57.88,-99.12,0.0,3.43,-0.1,1,,0.0
1789892823.3006139,Router,9999.0,12.5,58.58,0.0,-98.9,8.2,156.62,0.44,247.19,9999.0,58.38,-99.06,0.0,2.51,0.3,1,none,0.67
1789892823.303382,Router,9999.0,12.5,58.32,0.0,-98.9,7.5,156.62,0.58,243.18,9999.0,58.53,-98.98,0.0,0.76,0.4,1,none,0.5
1789892823.3060317,Router,9999.0,12.5,58.45,0.0,-99.2,3.6,156.62,0.36,249.03,9999.0,58.68,-99.02,0.0,0.73,-0.2,1,none,0.33
1789892823.3090057,Router,9998.25,12.5,57.62,0.0,-99.2,2.3,156.62,0.31,252.72,9998.85,58.49,-99.06,-0.75,-0.96,-0.2,1,none,0.2
1789892823.3116183,Router,9998.49,12.5,56.39,0.0,-99.4,1.0,156.62,0.35,256.94,9998.75,57.87,-99.12,-0.51,-3.08,-0.3,1,none,0.2
1789892823.314381,Router,9998.23,0.0,55.93,0.0,-99.6,1.0,156.62,0.35,252.6,9998.59,57.34,-99.26,-0.77,-2.65,-0.7,0,none,10.0
1789892823.3170166,Router,9998.44,0.0,55.57,0.0,-99.3,1.2,156.62,0.53,247.36,9998.48,56.79,-99.34,-0.56,-2.75,-0.4,0,none,10.0
1789892823.3196566,Router,9998.29,0.0,54.25,0.0,-99.1,3.7,156.62,0.64,251.75,9998.34,55.95,-99.32,-0.71,-4.2,0.1,0,none,10.0
1789892823.3223922,Router,9998.81,0.0,53.53,0.0,-99.4,7.1,156.62,0.43,256.96,9998.45,55.13,-99.36,0.56,-4.09,-0.2,0,none,10.0
1789892823.3256948,Router,9999.0,0.0,52.4,0.0,-99.5,4.6,156.62,0.28,253.49,9998.55,54.34,-99.38,0.51,-3.99,-0.1,0,none,10.0
1789892823.3284106,Router,9998.46,0.0,53.7,0.0,-99.7,6.6,156.62,0.33,249.72,9998.6,53.89,-99.4,0.23,-2.23,-0.1,0,none,10.0
1789892823.3310795,Router,9998.55,0.0,53.97,0.0,-100.0,10.5,156.62,0.28,254.79,9998.62,53.57,-99.54,0.11,-1.6,-0.7,0,none,10.0
1789892823.3338413,Router,9998.91,0.0,52.79,0.0,-99.7,8.2,156.62,0.41,260.14,9998.75,53.28,-99.66,0.62,-1.46,-0.6,0,none,10.0
1789892823.3364673,Router,9998.18,0.0,51.67,0.0,-99.4,7.6,156.62,0.45,260.24,9998.62,52.91,-99.66,-0.63,-1.86,0.0,0,none,10.0
1789892823.3390894,Router,9998.04,0.0,51.97,0.0,-99.3,4.9,156.62,0.59,260.0,9998.43,52.82,-99.62,-0.96,-0.43,0.2,0,none,10.0
1789892823.341733,Router,9998.82,0.0,52.88,0.0,-99.6,2.1,156.62,0.65,258.94,9998.5,52.66,-99.6,0.36,-0.82,0.1,0,none,10.0
1789892823.344486,Router,9999.0,0.0,51.67,0.0,-99.4,1.0,156.62,0.67,263.91,9998.59,52.2,-99.48,0.45,-2.3,0.6,0,none,10.0
1789892823.3471122,Router,9998.22,0.0,51.57,0.0,-99.4,1.0,156.62,0.75,259.51,9998.45,51.95,-99.42,-0.69,-1.22,0.3,0,none,10.0
1789892823.350036,Router,9998.61,0.0,50.95,0.0,-99.6,3.5,156.62,0.64,257.06,9998.54,51.81,-99.46,0.43,-0.72,-0.2,0,none,10.0
1789892823.3527756,Router,9997.97,0.0,50.1,0.0,-99.9,1.0,156.62,0.74,253.24,9998.52,51.43,-99.58,-0.07,-1.87,-0.6,0,none,10.0
1789892823.3554978,Router,9998.26,0.0,51.22,0.0,-99.6,1.2,156.62,0.79,259.12,9998.41,51.1,-99.58,-0.56,-1.66,0.0,0,none,10.0
1789892823.3584816,Router,9998.71,0.0,50.21,0.0,-99.6,4.0,156.62,0.7,259.58,9998.35,50.81,-99.62,-0.29,-1.46,-0.2,0,none,10.0
1789892823.361308,Router,9999.0,0.0,50.32,0.0,-99.8,5.6,156.62,0.73,260.69,9998.51,50.56,-99.7,0.78,-1.25,-0.4,0,none,10.0
1789892823.363677,Router,9998.9,0.0,50.67,0.0,-99.6,9.4,156.62,0.47,256.41,9998.57,50.5,-99.7,0.29,-0.28,0.0,0,none,10.0
1789892823.3661075,Router,9999.0,0.0,50.93,0.0,-99.8,10.9,156.62,0.53,250.9,9998.77,50.67,-99.68,1.03,0.83,0.1,0,none,10.0
1789892823.3688693,Router,9998.34,0.0,51.22,0.0,-100.0,12.3,156.62,0.4,249.37,9998.79,50.67,-99.76,0.08,0.0,-0.4,0,none,10.0
1789892823.3716595,Router,9998.41,0.0,52.29,0.0,-100.0,9.2,156.62,0.38,246.9,9998.73,51.09,-99.84,-0.3,2.08,-0.4,0,none,10.0
1789892823.3745053,Router,9998.71,0.0,51.7,0.0,-100.0,6.4,156.62,0.55,244.94,9998.67,51.36,-99.88,-0.29,1.38,-0.2,0,none,10.0
1789892823.3772142,Router,9998.58,0.0,51.79,0.0,-99.9,6.6,156.62,0.65,243.82,9998.61,51.59,-99.94,-0.32,1.12,-0.3,0,none,10.0
1789892823.3796036,Router,9998.68,0.0,51.97,0.0,-100.0,8.3,156.62,0.53,238.81,9998.54,51.79,-99.98,-0.32,1.04,-0.2,0,none,10.0
1789892823.3822365,Router,9998.17,0.0,52.12,0.0,-100.0,5.9,156.62,0.61,237.41,9998.51,51.97,-99.98,-0.17,0.9,0.0,0,none,10.0
1789892823.3849115,Router,9997.82,0.0,52.81,0.0,-100.0,8.8,156.62,0.69,232.97,9998.39,52.08,-99.98,-0.59,0.52,0.0,0,none,10.0
1789892823.3875759,Router,9997.14,0.0,52.11,0.0,-100.0,6.8,156.62,0.78,228.46,9998.08,52.16,-99.98,-1.57,0.41,0.0,0,none,10.0
1789892823.3901906,Router,9997.6,0.0,53.42,0.0,-100.0,5.6,156.62,0.47,227.27,9997.88,52.49,-100.0,-0.98,1.63,-0.1,0,none,10.0
1789892823.3927584,Router,9997.17,0.0,54.13,0.0,-100.0,8.4,156.62,0.36,225.45,9997.58,52.92,-100.0,-1.51,2.16,0.0,0,none,10.0
1789892823.395377,Router,9997.55,0.0,54.65,0.0,-100.0,11.9,156.62,0.34,226.89,9997.46,53.42,-100.0,-0.62,2.53,0.0,0,none,10.0
1789892823.3986235,Router,9999.0,0.0,53.38,0.0,-100.0,1.0,156.62,0.37,228.94,9997.69,53.54,-100.0,1.18,0.57,0.0,1,wifi_ap_degrade,0.0
1789892816.765546,Switch,11.7,0.0,40.52,0.0,-54.9,240.6,0.12,0.34,39.04,11.7,40.52,-54.9,0.0,0.0,0.0,0,none,10.0
1789892816.7684891,Switch,12.38,0.0,39.2,0.0,-54.5,236.7,0.22,0.21,34.8,12.04,39.86,-54.7,0.0,0.0,0.0,0,none,10.0
1789892816.7711356,Switch,12.05,0.0,40.45,0.0,-54.6,234.8,0.22,0.24,33.55,12.04,40.06,-54.67,0.0,0.0,0.0,0,none,10.0
1789892816.7737226,Switch,11.69,0.0,40.94,0.0,-54.3,237.8,0.26,0.44,29.51,11.96,40.28,-54.58,0.0,0.0,0.0,0,none,10.0
1789892816.7763093,Switch,11.35,0.0,39.87,0.0,-54.5,240.3,0.35,0.56,26.28,11.83,40.2,-54.56,0.0,0.0,0.0,0,none,10.0
1789892816.778869,Switch,11.49,0.0,40.9,0.0,-54.4,238.7,0.38,0.56,28.3,11.79,40.27,-54.46,-0.21,0.38,0.5,0,none,10.0
1789892816.7813942,Switch,11.17,0.0,41.95,0.0,-54.8,236.8,0.3,0.36,29.31,11.55,40.82,-54.52,-1.21,2.75,-0.3,0,none,10.0
1789892816.7839363,Switch,11.04,0.0,41.9,0.0,-55.1,239.8,0.23,0.24,27.47,11.35,41.11,-54.62,-1.01,1.45,-0.5,0,none,10.0
1789892816.7864435,Switch,11.53,0.0,41.45,0.0,-54.9,237.2,0.19,0.42,29.13,11.32,41.21,-54.74,-0.16,0.51,-0.6,0,none,10.0
1789892816.7889538,Switch,11.3,0.0,40.35,0.0,-54.6,239.7,0.19,0.31,31.56,11.31,41.31,-54.76,-0.05,0.48,-0.1,0,none,10.0
1789892816.7915366,Switch,11.34,0.0,40.58,0.0,-54.7,240.0,0.17,0.27,29.23,11.28,41.25,-54.82,-0.15,-0.32,-0.3,0,none,10.0
1789892816.793769,Switch,11.61,0.0,40.46,0.0,-54.6,242.3,0.2,0.18,27.8,11.36,40.95,-54.78,0.44,-1.49,0.2,0,none,10.0
1789892816.7959962,Switch,10.91,0.0,38.99,0.0,-54.4,241.8,0.24,0.45,22.16,11.34,40.37,-54.64,-0.13,-2.91,0.7,0,none,10.0
1789892816.7985299,Switch,11.66,0.0,38.14,0.0,-54.4,238.8,0.27,0.32,23.29,11.36,39.7,-54.54,0.13,-3.31,0.5,0,none,10.0
1789892816.8013148,Switch,11.56,0.0,37.33,0.0,-54.4,238.8,0.28,0.23,27.58,11.42,39.1,-54.5,0.26,-3.02,0.2,0,none,10.0
1789892816.8038054,Switch,11.6,0.0,37.28,0.0,-54.7,238.3,0.28,0.52,23.43,11.47,38.44,-54.5,0.26,-3.3,0.0,0,none,10.0
1789892816.8063984,Switch,10.84,0.0,37.97,0.0,-54.6,241.3,0.36,0.56,20.89,11.31,37.94,-54.5,-0.77,-2.49,0.0,0,none,10.0
1789892816.8090448,Switch,11.6,0.0,39.28,0.0,-54.6,241.0,0.31,0.6,25.61,11.45,38.0,-54.54,0.69,0.29,-0.2,0,none,10.0
1789892816.8116567,Switch,11.95,0.0,39.92,0.0,-54.4,243.4,0.36,0.75,19.78,11.51,38.36,-54.54,0.29,1.78,0.0,0,none,10.0
1789892816.8144329,Switch,11.87,0.0,41.21,0.0,-54.6,242.7,0.39,0.62,24.44,11.57,39.13,-54.58,0.31,3.88,-0.2,0,none,10.0
1789892816.8172574,Switch,11.82,0.0,39.86,0.0,-54.7,245.4,0.4,0.69,28.27,11.62,39.65,-54.58,0.22,2.58,0.0,0,none,10.0
1789892816.819838,Switch,11.14,0.0,39.62,0.0,-54.7,242.4,0.29,0.72,26.66,11.68,39.98,-54.6,0.3,1.65,-0.1,0,none,10.0
1789892816.82245,Switch,11.28,0.0,39.83,0.0,-54.5,239.3,0.33,0.77,29.03,11.61,40.09,-54.58,-0.32,0.55,0.1,0,none,10.0
1789892816.8250585,Switch,11.7,0.0,39.62,0.0,-54.4,239.1,0.3,0.53,33.25,11.56,40.03,-54.58,-0.25,-0.3,0.0,0,none,10.0
1789892816.8276603,Switch,11.22,0.0,40.9,0.0,-54.0,240.8,0.28,0.43,31.06,11.43,39.97,-54.46,-0.65,-0.31,0.6,0,none,10.0
1789892816.8304732,Switch,11.68,0.0,40.48,0.0,-54.4,241.7,0.24,0.39,32.93,11.4,40.09,-54.4,-0.14,0.62,0.3,0,none,10.0
1789892816.8330398,Switch,11.06,0.0,40.9,0.0,-54.1,239.5,0.26,0.54,33.34,11.39,40.35,-54.28,-0.08,1.28,0.6,0,none,10.0
1789892816.8355443,Switch,11.37,0.0,41.37,0.0,-54.0,242.4,0.25,0.69,35.57,11.41,40.65,-54.18,0.09,1.54,0.5,0,none,10.0
1789892816.8380334,Switch,10.62,0.0,42.17,0.0,-54.2,244.9,0.35,0.46,36.88,11.19,41.16,-54.14,-1.08,2.55,0.2,0,none,10.0
1789892816.8408492,Switch,11.37,0.0,40.72,0.0,-54.2,247.6,0.36,0.59,32.7,11.22,41.13,-54.18,0.15,-0.18,-0.2,0,none,10.0
1789892816.843384,Switch,11.19,0.0,39.54,0.0,-54.0,247.4,0.28,0.65,32.7,11.12,40.94,-54.1,-0.49,-0.94,0.4,0,none,10.0
1789892816.8459475,Switch,11.96,0.0,39.84,0.0,-54.2,247.3,0.43,0.45,36.03,11.3,40.73,-54.12,0.9,-1.06,-0.1,0,none,10.0
1789892816.8488028,Switch,12.44,0.0,38.56,0.0,-54.6,245.0,0.63,0.5,38.16,11.52,40.17,-54.24,1.07,-2.81,-0.6,0,none,10.0
1789892816.8514369,Switch,11.92,0.0,39.28,0.0,-54.9,242.3,0.45,0.63,34.21,11.78,39.59,-54.38,1.3,-2.89,-0.7,0,none,10.0
1789892816.8542323,Switch,11.7,0.0,40.41,0.0,-55.0,240.7,0.41,0.46,32.48,11.84,39.53,-54.54,0.33,-0.31,-0.8,0,none,10.0
1789892816.8568304,Switch,11.91,0.0,40.28,0.0,-54.8,244.6,0.25,0.57,38.35,11.99,39.67,-54.7,0.72,0.74,-0.8,0,none,10.0
1789892816.8594365,Switch,11.61,0.0,41.33,0.0,-54.6,241.0,0.29,0.61,37.62,11.92,39.97,-54.78,-0.35,1.49,-0.4,0,none,10.0
1789892816.8618662,Switch,11.83,0.0,42.15,0.0,-54.5,242.6,0.12,0.75,43.3,11.79,40.69,-54.76,-0.61,3.59,0.1,0,none,10.0
1789892816.864672,Switch,11.06,0.0,43.58,0.0,-54.2,242.2,0.3,0.58,49.21,11.62,41.55,-54.62,-0.86,4.3,0.7,0,none,10.0
1789892816.8672633,Switch,10.49,0.0,44.0,0.0,-54.4,240.6,0.54,0.47,47.1,11.38,42.27,-54.5,-1.21,3.59,0.6,0,none,10.0
1789892816.8698635,Switch,10.56,0.0,45.33,0.0,-54.6,236.7,0.54,0.51,48.25,11.11,43.28,-54.46,-1.35,5.05,0.2,0,none,10.0
1789892816.87247,Switch,10.5,0.0,44.79,0.0,-54.6,233.4,0.52,0.57,43.55,10.89,43.97,-54.46,-1.11,3.46,0.0,0,none,10.0
1789892816.875173,Switch,11.02,0.0,43.94,0.0,-54.6,236.8,0.26,0.71,42.04,10.73,44.33,-54.48,-0.81,1.79,-0.1,0,none,10.0
1789892816.8779817,Switch,10.34,0.0,43.19,0.0,-54.9,234.6,0.23,0.66,44.21,10.58,44.25,-54.62,-0.72,-0.39,-0.7,0,none,10.0
1789892816.8808384,Switch,11.08,0.0,41.85,0.0,-54.6,232.9,0.29,0.55,38.23,10.7,43.82,-54.66,0.59,-2.15,-0.2,0,none,10.0
1789892816.8837044,Switch,10.82,0.0,41.64,0.0,-54.6,234.7,0.29,0.35,40.92,10.75,43.08,-54.66,0.26,-3.69,0.0,0,none,10.0
1789892816.8862584,Switch,11.5,0.0,41.0,0.0,-54.4,235.2,0.38,0.48,35.47,10.95,42.32,-54.62,1.0,-3.79,0.2,0,none,10.0
1789892816.8888557,Switch,11.38,0.0,41.84,0.0,-54.5,232.9,0.42,0.53,33.83,11.02,41.9,-54.6,0.36,-2.1,0.1,0,none,10.0
1789892816.8914516,Switch,11.81,0.0,43.01,0.0,-54.9,233.0,0.34,0.71,35.76,11.32,41.87,-54.6,1.47,-0.18,0.0,0,none,10.0
1789892816.8942218,Switch,11.77,0.0,44.4,0.0,-54.7,233.9,0.36,0.79,40.32,11.46,42.38,-54.62,0.69,2.55,-0.1,0,none,10.0
1789892816.8967724,Switch,12.36,0.0,45.08,0.0,-55.0,233.0,0.34,0.53,40.05,11.76,43.07,-54.7,1.54,3.44,-0.4,0,none,10.0
1789892816.8993304,Switch,11.82,0.0,43.73,0.0,-55.0,166.0,0.31,18.24,43.5,11.83,43.61,-54.82,0.32,2.73,-0.6,1,nic_error_spike,0.0
1789892816.9019008,Switch,12.62,0.0,42.42,0.0,-55.2,118.0,0.35,24.17,47.86,12.08,43.73,-54.96,1.24,0.58,-0.7,1,nic_error_spike,0.0
1789892816.904161,Switch,9999.0,12.5,42.46,0.0,-55.0,70.2,0.35,30.91,52.47,2009.51,43.62,-54.98,9987.19,-0.55,-0.1,1,nic_error_spike,0.0
1789892816.906615,Switch,12.52,12.5,43.56,0.0,-54.9,1.0,0.35,40.39,49.45,2009.66,43.45,-55.02,0.75,-0.84,-0.2,1,nic_error_spike,0.0
1789892816.9091127,Switch,12.73,12.5,43.9,0.0,-54.8,1.0,0.32,40.35,50.54,2009.74,43.21,-54.98,0.37,-1.18,0.2,1,nic_error_spike,0.0
1789892816.9117098,Switch,12.51,12.5,44.45,0.0,-55.1,1.0,0.32,47.66,52.01,2009.88,43.36,-55.0,0.69,0.72,-0.1,1,nic_error_spike,0.0
1789892816.9142914,Switch,12.06,12.5,44.78,0.0,-55.5,1.0,0.23,39.6,52.17,2009.76,43.83,-55.06,-0.56,2.36,-0.3,1,nic_error_spike,0.0
1789892816.9169333,Switch,12.37,12.5,45.87,0.0,-55.5,1.0,0.22,37.78,46.82,12.44,44.51,-55.16,-9986.63,3.41,-0.5,1,nic_error_spike,0.0
1789892816.9191911,Switch,12.39,12.5,45.18,0.0,-55.6,1.0,0.22,39.33,41.97,12.41,44.84,-55.3,-0.13,1.62,-0.7,1,nic_error_spike,0.0
1789892816.9214582,Switch,9999.0,25.0,46.56,0.0,-55.9,1.0,0.22,34.22,37.46,2009.67,45.37,-55.52,9986.27,2.66,-1.1,1,nic_error_spike,0.0
1789892816.9240546,Switch,13.35,12.5,45.31,0.0,-55.6,1.0,0.43,30.23,41.63,2009.83,45.54,-55.62,0.84,0.86,-0.5,1,nic_error_spike,0.0
1789892816.9265206,Switch,14.05,12.5,46.13,0.0,-55.9,1.0,0.74,34.97,46.05,2010.23,45.81,-55.7,1.99,1.35,-0.4,1,nic_error_spike,0.0
1789892816.9292364,Switch,9999.0,25.0,45.61,0.0,-56.3,1.0,0.74,42.82,46.07,4007.56,45.76,-55.86,9986.63,-0.26,-0.8,1,,0.0
1789892816.9318368,Switch,13.14,25.0,46.62,0.0,-56.5,1.0,0.63,26.02,42.89,4007.71,46.05,-56.04,0.75,1.44,-0.9,1,none,1.0
1789892816.9344764,Switch,12.55,25.0,46.98,0.0,-56.2,4.7,0.59,15.66,39.64,2010.42,46.13,-56.1,-9986.45,0.42,-0.3,1,none,0.83
1789892816.9370835,Switch,12.56,25.0,46.04,0.0,-56.0,7.5,0.56,9.43,37.99,2010.26,46.28,-56.18,-0.79,0.73,-0.4,1,none,0.67
1789892816.9400592,Switch,12.89,25.0,46.98,0.0,-56.0,10.8,0.55,5.96,40.53,2010.03,46.45,-56.2,-1.16,0.85,-0.1,1,none,0.5
1789892816.9431274,Switch,13.07,12.5,47.86,0.0,-56.3,8.9,0.25,3.69,39.14,12.84,46.9,-56.2,-9985.93,2.25,0.0,1,none,0.33
1789892816.9461713,Switch,13.05,12.5,47.55,0.0,-56.2,12.1,0.23,2.29,43.04,12.82,47.08,-56.14,-0.09,0.93,0.3,1,none,0.2
1789892816.9485724,Switch,12.48,12.5,48.6,0.0,-56.0,14.9,0.25,1.64,46.82,12.81,47.41,-56.1,-0.07,1.62,0.2,1,none,0.2
1789892816.9512637,Switch,12.45,0.0,49.09,0.0,-55.9,14.0,0.27,1.31,46.72,12.79,48.02,-56.08,-0.11,3.05,0.1,0,none,10.0
1789892816.9537618,Switch,12.32,0.0,49.78,0.0,-56.1,11.7,0.32,0.99,44.39,12.67,48.58,-56.1,-0.57,2.8,-0.1,0,none,10.0
1789892816.9561422,Switch,12.28,0.0,50.6,0.0,-56.2,14.0,0.28,0.88,40.13,12.52,49.12,-56.08,-0.79,2.74,0.1,0,none,10.0
1789892816.9584787,Switch,11.88,0.0,49.57,0.0,-55.9,15.2,0.21,0.62,38.87,12.28,49.53,-56.02,-1.17,2.02,0.3,0,none,10.0
1789892816.961228,Switch,12.47,0.0,48.43,0.0,-56.3,16.8,0.21,0.53,36.52,12.28,49.49,-56.08,-0.01,-0.17,-0.3,0,none,10.0
1789892816.9639766,Switch,13.13,0.0,48.5,0.0,-56.1,14.3,0.41,0.34,38.44,12.42,49.38,-56.12,0.68,-0.59,-0.2,0,none,10.0
1789892816.9665663,Switch,12.95,0.0,48.78,0.0,-56.2,17.7,0.45,0.29,41.54,12.54,49.18,-56.14,0.63,-1.0,-0.1,0,none,10.0
1789892816.9691346,Switch,13.35,0.0,47.71,0.0,-56.5,16.2,0.52,0.42,37.03,12.76,48.6,-56.2,1.07,-2.89,-0.3,0,none,10.0
1789892816.9717126,Switch,13.59,0.0,48.02,0.0,-56.5,16.1,0.38,0.46,42.04,13.1,48.29,-56.32,1.71,-1.55,-0.6,0,none,10.0
1789892816.974381,Switch,13.08,0.0,47.18,0.0,-56.3,18.7,0.22,0.64,37.7,13.22,48.04,-56.32,0.61,-1.25,0.0,0,none,10.0
1789892816.9770641,Switch,12.35,0.0,46.12,0.0,-55.9,14.8,0.42,0.47,33.09,13.06,47.56,-56.28,-0.78,-2.38,0.2,0,none,10.0
1789892816.9798067,Switch,12.15,0.0,47.55,0.0,-56.3,12.9,0.56,0.51,33.18,12.9,47.32,-56.3,-0.8,-1.23,-0.1,0,none,10.0
1789892816.9826558,Switch,12.91,0.0,46.27,0.0,-56.3,12.0,0.51,0.6,29.27,12.82,47.03,-56.26,-0.44,-1.44,0.2,0,none,10.0
1789892816.9851549,Switch,12.4,0.0,46.45,0.0,-56.2,15.9,0.35,0.73,33.86,12.58,46.71,-56.2,-1.19,-1.57,0.3,0,none,10.0
1789892816.9877234,Switch,12.53,0.0,46.08,0.0,-56.3,14.9,0.25,0.44,30.12,12.47,46.49,-56.2,-0.55,-1.1,0.0,0,none,10.0
1789892816.9903843,Switch,13.24,0.0,46.99,0.0,-56.1,18.6,0.39,0.4,29.16,12.65,46.67,-56.24,0.89,0.87,-0.2,0,none,10.0
1789892816.9934182,Switch,12.92,0.0,45.53,0.0,-56.1,16.2,0.3,0.55,35.11,12.8,46.26,-56.2,0.77,-2.02,0.2,0,none,10.0
1789892816.9964585,Switch,13.59,0.0,46.45,0.0,-55.8,19.2,0.44,0.47,31.91,12.94,46.3,-56.1,0.68,0.18,0.5,0,none,10.0
1789892816.9994836,Switch,13.0,0.0,46.29,0.0,-56.1,15.5,0.35,0.56,27.77,13.06,46.27,-56.08,0.6,-0.16,0.1,0,none,10.0
1789892817.0025136,Switch,13.69,0.0,46.56,0.0,-55.7,18.0,0.31,0.73,23.13,13.29,46.36,-55.96,1.16,0.48,0.6,0,none,10.0
1789892817.0055094,Switch,13.56,0.0,46.92,0.0,-55.9,17.2,0.32,0.63,21.9,13.35,46.35,-55.92,0.32,-0.07,0.2,0,none,10.0
1789892817.0082238,Switch,12.82,0.0,46.24,0.0,-56.3,21.1,0.35,0.52,18.34,13.33,46.49,-55.96,-0.1,0.71,-0.2,0,none,10.0
1789892817.0108562,Switch,12.19,0.0,46.16,0.0,-56.0,19.1,0.54,0.32,12.44,13.05,46.43,-56.0,-1.4,-0.29,-0.2,0,none,10.0
1789892817.0132582,Switch,12.85,0.0,47.43,0.0,-56.4,18.9,0.55,0.47,15.71,13.02,46.66,-56.06,-0.15,1.14,-0.3,0,none,10.0
1789892817.0161371,Switch,12.96,0.0,46.46,0.0,-56.6,19.2,0.44,0.67,15.85,12.88,46.64,-56.24,-0.73,-0.1,-0.9,0,none,10.0
1789892817.0183854,Switch,12.32,0.0,47.54,0.0,-56.5,16.0,0.31,0.46,14.93,12.63,46.77,-56.36,-1.24,0.62,-0.6,0,none,10.0
1789892817.0211775,Switch,12.67,0.0,47.95,0.0,-56.8,15.4,0.3,0.46,18.05,12.6,47.11,-56.46,-0.15,1.71,-0.5,0,none,10.0
1789892817.0239828,Switch,12.17,0.0,47.13,0.0,-56.5,12.9,0.31,0.55,23.61,12.59,47.3,-56.56,-0.02,0.97,-0.5,0,none,10.0
1789892817.0267801,Switch,12.72,0.0,47.78,0.0,-56.5,11.6,0.29,0.47,17.93,12.57,47.37,-56.58,-0.13,0.35,-0.1,0,none,10.0
1789892817.0296192,Switch,13.35,0.0,48.02,0.0,-56.6,9.0,0.41,0.67,15.29,12.65,47.68,-56.58,0.39,1.56,0.0,0,none,10.0
1789892817.0325055,Switch,13.64,0.0,46.96,0.0,-56.4,8.7,0.53,0.59,16.45,12.91,47.57,-56.56,1.32,-0.58,0.1,0,none,10.0
1789892817.0353408,Switch,14.14,0.0,46.83,0.0,-56.2,11.7,0.69,0.71,15.28,13.2,47.34,-56.44,1.47,-1.12,0.6,0,none,10.0
1789892817.0378635,Switch,14.24,0.0,46.01,0.0,-56.6,11.2,0.55,0.69,12.64,13.62,47.12,-56.46,2.07,-1.12,-0.1,0,none,10.0
1789892817.0403862,Switch,14.31,0.0,46.29,0.0,-56.9,10.3,0.37,0.6,12.11,13.94,46.82,-56.54,1.59,-1.49,-0.4,0,none,10.0
1789892817.0429072,Switch,15.03,0.0,46.0,0.0,-56.6,11.1,0.44,0.76,14.42,14.27,46.42,-56.54,1.68,-2.02,0.0,0,none,10.0
1789892817.045425,Switch,14.88,0.0,47.38,0.0,-56.4,13.7,0.36,0.75,19.08,14.52,46.5,-56.54,1.24,0.42,0.0,0,none,10.0
1789892817.0479853,Switch,14.71,0.0,48.1,0.0,-56.8,14.1,0.31,0.46,17.06,14.63,46.76,-56.66,0.57,1.27,-0.6,0,none,10.0
1789892817.0507607,Switch,15.0,0.0,47.84,0.0,-56.5,14.0,0.27,0.5,11.26,14.79,47.12,-56.64,0.76,1.83,0.1,0,none,10.0
1789892817.0533104,Switch,14.25,0.0,47.93,0.0,-56.7,18.0,0.29,0.41,6.19,14.77,47.45,-56.6,-0.06,1.64,0.2,0,none,10.0
1789892817.0559306,Switch,13.66,0.0,46.57,0.0,-56.4,15.6,0.49,0.56,3.47,14.5,47.56,-56.56,-1.37,0.57,0.2,0,none,10.0
1789892817.0585318,Switch,14.43,0.0,45.88,0.0,-56.5,19.2,0.45,0.56,0.0,14.41,47.26,-56.58,-0.45,-1.5,-0.1,0,none,10.0
1789892817.061177,Switch,14.1,0.0,45.41,0.0,-56.1,16.7,0.44,0.43,4.52,14.29,46.73,-56.44,-0.61,-2.69,0.7,0,none,10.0
1789892817.0639226,Switch,13.76,0.0,46.23,0.0,-55.9,14.7,0.29,0.33,9.05,14.04,46.4,-56.32,-1.24,-1.61,0.6,0,none,10.0
1789892817.0667014,Switch,13.18,0.0,47.04,0.0,-56.2,15.7,0.42,0.32,14.23,13.83,46.23,-56.22,-1.07,-0.89,0.5,0,none,10.0
1789892817.0691535,Switch,13.56,0.0,47.68,0.0,-56.1,11.9,0.43,0.27,13.89,13.81,46.45,-56.16,-0.1,1.11,0.3,0,none,10.0
1789892817.0717545,Switch,12.8,0.0,49.17,0.0,-55.9,11.3,0.45,0.24,9.9,13.48,47.11,-56.04,-1.63,3.29,0.6,0,none,10.0
1789892817.0743673,Switch,12.32,0.0,48.96,0.0,-56.0,13.7,0.52,0.27,14.84,13.12,47.82,-56.02,-1.78,3.55,0.1,0,none,10.0
1789892817.0769765,Switch,12.11,0.0,49.97,0.0,-56.1,11.2,0.53,0.35,11.43,12.79,48.56,-56.06,-1.65,3.74,-0.2,0,none,10.0
1789892817.0799336,Switch,12.42,0.0,48.77,0.0,-55.7,8.6,0.51,0.27,9.23,12.64,48.91,-55.96,-0.76,1.73,0.5,0,none,10.0
1789892817.0827074,Switch,12.3,0.0,48.96,0.0,-55.8,8.7,0.23,0.31,5.2,12.39,49.17,-55.9,-1.26,1.28,0.3,0,none,10.0
1789892817.0852513,Switch,12.99,0.0,47.72,0.0,-56.1,9.0,0.3,0.22,6.69,12.43,48.88,-55.94,0.19,-1.45,-0.2,0,none,10.0
1789892817.0878584,Switch,13.78,0.0,47.15,0.0,-56.0,7.5,0.61,0.21,12.04,12.72,48.51,-55.94,1.46,-1.81,0.0,0,none,10.0
1789892817.090476,Switch,14.31,0.0,46.95,0.0,-56.3,6.8,0.78,0.19,15.21,13.16,47.91,-55.98,2.2,-3.02,-0.2,0,none,10.0
1789892817.093162,Switch,14.28,0.0,47.42,0.0,-56.1,5.0,0.78,0.33,16.93,13.53,47.64,-56.06,1.86,-1.35,-0.4,0,none,10.0
1789892817.095974,Switch,14.72,0.0,46.4,0.0,-56.2,2.3,0.59,0.43,17.44,14.02,47.13,-56.14,2.42,-2.56,-0.4,0,none,10.0
1789892817.0988603,Switch,14.36,0.0,45.18,0.0,-55.9,5.6,0.3,0.49,21.91,14.29,46.62,-56.1,1.37,-2.54,0.2,0,none,10.0
1789892817.101481,Switch,14.35,0.0,46.2,0.0,-55.7,6.1,0.16,0.62,19.13,14.4,46.43,-56.04,0.57,-0.95,0.3,0,none,10.0
1789892817.1040788,Switch,14.64,0.0,45.65,0.0,-55.7,7.4,0.18,0.47,23.91,14.47,46.17,-55.92,0.33,-1.3,0.6,0,none,10.0
1789892817.1067219,Switch,14.83,0.0,44.52,0.0,-55.5,6.4,0.19,0.38,23.78,14.58,45.59,-55.8,0.55,-2.9,0.6,0,none,10.0
1789892817.1094372,Switch,15.14,0.0,43.42,0.0,-55.4,6.6,0.3,0.56,28.48,14.66,44.99,-55.64,0.42,-2.98,0.8,0,none,10.0
1789892817.1118772,Switch,15.41,0.0,41.99,0.0,-55.3,4.6,0.37,0.68,27.63,14.87,44.36,-55.52,1.05,-3.19,0.6,0,none,10.0
1789892817.1148117,Switch,14.68,0.0,43.18,0.0,-55.5,7.6,0.29,0.49,23.83,14.94,43.75,-55.48,0.33,-3.02,0.2,0,none,10.0
1789892817.1174464,Switch,14.3,0.0,44.68,0.0,-55.3,3.9,0.38,0.31,19.68,14.87,43.56,-55.4,-0.34,-0.97,0.4,0,none,10.0
1789892817.120082,Switch,14.03,0.0,45.55,0.0,-55.5,6.3,0.51,0.3,13.75,14.71,43.76,-55.4,-0.8,1.03,0.0,0,none,10.0
1789892817.122799,Switch,13.41,0.0,46.76,0.0,-55.9,4.4,0.66,0.5,12.07,14.37,44.43,-55.5,-1.73,3.34,-0.5,0,none,10.0
1789892817.1254566,Switch,12.96,0.0,45.34,0.0,-55.6,8.3,0.62,0.55,15.33,13.88,45.1,-55.56,-2.45,3.35,-0.3,0,none,10.0
1789892817.1282606,Switch,13.44,0.0,46.31,0.0,-55.3,11.5,0.48,0.45,21.07,13.63,45.73,-55.52,-1.24,3.13,0.2,0,none,10.0
1789892817.1306243,Switch,13.54,0.0,46.97,0.0,-55.0,15.0,0.34,0.53,18.44,13.48,46.19,-55.46,-0.76,2.29,0.3,0,none,10.0
1789892817.1332574,Switch,13.48,0.0,48.26,0.0,-55.3,13.7,0.21,0.71,17.35,13.37,46.73,-55.42,-0.55,2.71,0.2,0,none,10.0
1789892817.1357667,Switch,13.81,0.0,49.34,0.0,-55.3,10.0,0.28,0.46,16.3,13.45,47.24,-55.3,0.4,2.58,0.6,0,none,10.0
1789892817.138271,Switch,13.79,0.0,49.08,0.0,-55.0,7.2,0.16,0.38,18.33,13.61,47.99,-55.18,0.83,3.74,0.6,0,none,10.0
1789892817.1407049,Switch,13.05,0.0,49.58,0.0,-54.8,4.2,0.28,0.47,20.26,13.53,48.65,-55.08,-0.39,3.27,0.5,0,none,10.0
1789892817.1431353,Switch,13.14,0.0,50.66,0.0,-54.5,2.1,0.32,0.41,26.05,13.45,49.38,-54.98,-0.4,3.69,0.5,0,none,10.0
1789892817.1457915,Switch,13.3,0.0,49.22,0.0,-54.6,1.0,0.32,0.28,22.79,13.42,49.58,-54.84,-0.18,0.96,0.7,0,none,10.0
1789892817.1485174,Switch,13.18,0.0,49.67,0.0,-54.6,1.0,0.26,0.28,27.79,13.29,49.64,-54.7,-0.63,0.33,0.7,0,none,10.0
1789892817.1511607,Switch,12.61,0.0,48.55,0.0,-54.2,1.0,0.24,0.56,24.03,13.06,49.54,-54.54,-1.18,-0.53,0.8,0,none,10.0
1789892817.1539578,Switch,12.15,0.0,49.33,0.0,-54.5,1.0,0.43,0.41,18.26,12.88,49.49,-54.48,-0.9,-0.25,0.3,0,none,10.0
1789892817.1566,Switch,12.15,0.0,49.83,0.0,-54.2,1.0,0.49,0.26,12.7,12.68,49.32,-54.42,-0.99,-0.83,0.3,0,none,10.0
1789892817.159416,Switch,12.75,0.0,48.79,0.0,-53.8,4.9,0.39,0.52,7.98,12.57,49.23,-54.26,-0.55,-0.43,0.8,0,none,10.0
1789892817.1618834,Switch,13.14,0.0,49.25,0.0,-54.1,8.4,0.38,0.36,8.6,12.56,49.15,-54.16,-0.04,-0.42,0.5,0,none,10.0
1789892817.1645398,Switch,13.06,0.0,49.79,0.0,-54.0,10.5,0.43,0.34,11.71,12.65,49.4,-54.12,0.45,1.24,0.2,0,none,10.0
1789892817.1671836,Switch,13.77,0.0,51.22,0.0,-53.9,13.2,0.53,0.46,15.48,12.97,49.78,-54.0,1.62,1.89,0.6,0,none,10.0
1789892817.1698363,Switch,13.79,0.0,51.37,0.0,-53.9,13.2,0.41,0.63,20.88,13.3,50.08,-53.94,1.64,1.54,0.3,0,none,10.0
1789892817.1725516,Switch,13.12,0.0,52.73,0.0,-54.0,15.3,0.33,0.39,15.59,13.38,50.87,-53.98,0.37,3.94,-0.2,0,none,10.0
1789892817.1751316,Switch,13.03,0.0,52.41,0.0,-53.9,16.1,0.35,0.5,16.38,13.35,51.5,-53.94,-0.11,3.16,0.2,0,none,10.0
1789892817.1776838,Switch,12.49,0.0,52.15,0.0,-54.2,14.6,0.49,0.52,13.44,13.24,51.98,-53.98,-0.57,2.36,-0.2,0,none,10.0
1789892817.1801002,Switch,12.86,0.0,51.45,0.0,-54.2,14.8,0.43,0.44,15.21,13.06,52.02,-54.04,-0.91,0.23,-0.3,0,none,10.0
1789892817.1828508,Switch,12.64,0.0,50.1,0.0,-54.0,14.1,0.23,0.51,15.8,12.83,51.77,-54.06,-1.15,-1.27,-0.1,0,none,10.0
1789892817.185623,Switch,12.51,0.0,49.9,0.0,-54.0,16.1,0.21,0.32,21.13,12.71,51.2,-54.06,-0.61,-2.83,0.0,0,none,10.0
1789892817.1884725,Switch,12.92,0.0,50.82,0.0,-53.8,19.0,0.18,0.46,19.53,12.68,50.88,-54.04,-0.11,-1.59,0.1,0,none,10.0
1789892817.1913733,Switch,12.92,0.0,51.17,0.0,-54.2,20.7,0.17,0.43,22.31,12.77,50.69,-54.04,0.43,-0.98,0.0,0,none,10.0
1789892817.1941338,Switch,12.34,0.0,51.63,0.0,-54.1,18.9,0.23,0.43,16.36,12.67,50.72,-54.02,-0.52,0.18,0.1,0,none,10.0
1789892817.1967351,Switch,11.96,0.0,51.34,0.0,-53.7,16.1,0.37,0.65,21.63,12.53,50.97,-53.96,-0.68,1.24,0.3,0,none,10.0
1789892817.1993194,Switch,11.32,0.0,52.81,0.0,-53.4,15.1,0.61,0.4,25.31,12.29,51.55,-53.84,-1.19,2.91,0.6,0,none,10.0
1789892817.201906,Switch,11.14,0.0,53.12,0.0,-53.4,1.0,0.66,6.91,29.16,11.94,52.01,-53.76,-1.78,2.3,0.4,1,tx_rate_drop,0.0
1789892817.20449,Switch,10.7,0.0,52.72,0.0,-53.7,1.0,0.59,10.7,23.96,11.49,52.32,-53.66,-2.22,1.55,0.5,1,tx_rate_drop,0.0
1789892817.2072606,Switch,10.1,0.0,53.92,0.0,-53.3,1.0,0.62,8.92,21.45,11.04,52.78,-53.5,-2.24,2.29,0.8,1,tx_rate_drop,0.0
1789892817.2101097,Switch,10.37,0.0,54.43,0.0,-53.3,1.0,0.45,7.91,16.57,10.73,53.4,-53.42,-1.59,3.09,0.4,1,tx_rate_drop,0.0
1789892817.2128274,Switch,10.23,0.0,53.38,0.0,-53.6,1.0,0.37,8.87,15.32,10.51,53.51,-53.46,-1.09,0.57,-0.2,1,tx_rate_drop,0.0
1789892817.215525,Switch,9.71,0.0,53.21,0.0,-53.4,1.0,0.33,11.77,18.44,10.22,53.53,-53.46,-1.43,0.09,0.0,1,tx_rate_drop,0.0
1789892817.2182796,Switch,8.95,0.0,51.76,0.0,-53.7,1.0,0.51,12.56,16.57,9.87,53.34,-53.46,-1.75,-0.96,0.0,1,tx_rate_drop,0.0
1789892817.2211502,Switch,8.77,0.0,51.37,0.0,-53.4,1.0,0.65,15.36,13.97,9.61,52.83,-53.48,-1.33,-2.55,-0.1,1,tx_rate_drop,0.0
1789892817.2235835,Switch,8.4,0.0,52.7,0.0,-53.3,1.0,0.67,14.78,13.55,9.21,52.48,-53.48,-1.97,-1.73,0.0,1,tx_rate_drop,0.0
1789892817.2262208,Switch,8.46,0.0,52.53,0.0,-52.9,1.0,0.47,13.27,7.63,8.86,52.31,-53.34,-1.77,-0.85,0.7,1,tx_rate_drop,0.0
1789892817.228861,Switch,7.67,0.0,52.77,0.0,-53.3,1.0,0.44,10.55,1.85,8.45,52.23,-53.32,-2.04,-0.44,0.1,1,tx_rate_drop,0.0
1789892817.2314644,Switch,7.0,0.0,52.36,0.0,-53.4,1.0,0.64,11.55,0.0,8.06,52.35,-53.26,-1.95,0.6,0.3,1,tx_rate_drop,0.0
1789892817.2341077,Switch,7.07,0.0,51.3,0.0,-53.2,1.0,0.63,11.95,0.0,7.72,52.33,-53.22,-1.7,-0.07,0.2,1,,0.0
1789892817.2369614,Switch,7.69,0.0,52.61,0.0,-53.1,4.0,0.53,7.26,2.36,7.58,52.31,-53.18,-0.71,-0.09,0.2,1,none,0.83
1789892817.2395787,Switch,7.75,0.0,53.53,0.0,-52.9,7.1,0.33,4.46,8.09,7.44,52.51,-53.18,-0.71,1.0,0.0,1,none,0.67
1789892817.2424338,Switch,8.51,0.0,54.11,0.0,-52.6,7.7,0.55,2.94,4.9,7.6,52.78,-53.04,0.84,1.34,0.7,1,none,0.5
1789892817.2454286,Switch,8.11,0.0,52.96,0.0,-52.4,4.7,0.48,2.0,7.06,7.83,52.9,-52.84,1.11,0.6,1.0,1,none,0.33
1789892817.2485158,Switch,7.54,0.0,51.56,0.0,-52.3,3.6,0.35,1.3,8.03,7.92,52.95,-52.66,0.47,0.26,0.9,1,none,0.2
1789892817.2515297,Switch,6.88,0.0,51.46,0.0,-52.6,3.9,0.55,1.08,10.37,7.76,52.72,-52.56,-0.81,-1.15,0.5,1,none,0.2
1789892817.2544892,Switch,7.28,0.0,52.72,0.0,-52.5,1.6,0.58,0.72,8.19,7.66,52.56,-52.48,-0.47,-0.81,0.4,0,none,10.0
1789892817.2574363,Switch,7.86,0.0,53.57,0.0,-52.8,2.1,0.43,0.68,9.92,7.53,52.45,-52.52,-0.65,-0.54,-0.2,0,none,10.0
1789892817.2599845,Switch,7.19,0.0,54.68,0.0,-52.6,4.9,0.33,0.48,9.98,7.35,52.8,-52.56,-0.92,1.72,-0.2,0,none,10.0
1789892817.2625768,Switch,7.43,0.0,55.04,0.0,-52.5,4.2,0.32,0.63,8.98,7.33,53.49,-52.6,-0.11,3.48,-0.2,0,none,10.0
1789892817.2655084,Switch,8.0,0.0,54.69,0.0,-52.7,2.0,0.32,0.4,9.58,7.55,54.14,-52.62,1.12,3.23,-0.1,0,none,10.0
1789892817.26818,Switch,8.44,0.0,56.1,0.0,-52.7,1.0,0.44,0.54,13.13,7.78,54.82,-52.66,1.16,3.38,-0.2,0,none,10.0
1789892817.2709298,Switch,8.29,0.0,54.8,0.0,-52.4,1.0,0.49,0.47,8.71,7.87,55.06,-52.58,0.43,1.23,0.4,0,none,10.0
1789892817.273627,Switch,8.33,0.0,55.79,0.0,-52.1,1.0,0.36,0.43,3.95,8.1,55.28,-52.48,1.14,1.11,0.5,0,none,10.0
1789892817.2763813,Switch,7.75,0.0,56.15,0.0,-52.0,1.0,0.25,0.27,0.0,8.16,55.51,-52.38,0.32,1.11,0.5,0,none,10.0
1789892817.2792895,Switch,7.44,0.0,56.53,0.0,-52.0,4.2,0.39,0.52,0.0,8.05,55.87,-52.24,-0.56,1.84,0.7,0,none,10.0
1789892817.281825,Switch,7.39,0.0,56.18,0.0,-52.4,1.0,0.4,19.48,0.0,7.84,55.89,-52.18,-1.05,0.08,0.3,1,nic_error_spike,0.0
1789892817.284449,Switch,7.37,0.0,56.67,0.0,-52.7,1.0,0.36,27.32,0.33,7.66,56.26,-52.24,-0.92,1.87,-0.3,1,nic_error_spike,0.0
1789892817.2869866,Switch,7.13,0.0,57.29,0.0,-52.4,1.0,0.2,38.09,4.76,7.42,56.56,-52.3,-1.2,1.5,-0.3,1,nic_error_spike,0.0
1789892817.2901125,Switch,6.7,0.0,56.14,0.0,-52.2,1.0,0.27,39.54,0.0,7.21,56.56,-52.34,-1.05,-0.01,-0.2,1,nic_error_spike,0.0
1789892817.2931376,Switch,7.1,0.0,55.27,0.0,-52.1,1.0,0.25,43.15,0.0,7.14,56.31,-52.36,-0.34,-1.26,-0.1,1,nic_error_spike,0.0
1789892817.2958822,Switch,7.25,0.0,54.27,0.0,-51.7,1.0,0.23,43.14,3.24,7.11,55.93,-52.22,-0.14,-1.91,0.7,1,nic_error_spike,0.0
1789892817.2987804,Switch,9999.0,12.5,55.51,0.0,-51.5,1.0,0.23,43.88,1.18,2005.44,55.7,-51.98,9991.63,-1.16,1.2,1,nic_error_spike,0.0
1789892817.301654,Switch,7.76,12.5,56.61,0.0,-51.7,1.0,0.34,39.36,6.03,2005.56,55.56,-51.84,0.63,-0.68,0.7,1,nic_error_spike,0.0
1789892817.3044357,Switch,7.42,12.5,56.73,0.0,-51.7,1.0,0.35,41.08,11.95,2005.71,55.68,-51.74,0.72,0.59,0.5,1,nic_error_spike,0.0
1789892817.3069885,Switch,6.88,12.5,55.74,0.0,-51.6,1.0,0.29,35.19,16.81,2005.66,55.77,-51.64,-0.22,0.47,0.5,1,nic_error_spike,0.0
1789892817.3096056,Switch,6.2,12.5,56.18,0.0,-51.5,1.0,0.53,40.17,18.92,2005.45,56.15,-51.6,-1.05,1.91,0.2,1,nic_error_spike,0.0
1789892817.3125446,Switch,5.78,12.5,56.44,0.0,-51.1,1.0,0.74,42.31,17.89,6.81,56.34,-51.52,-9993.22,0.93,0.4,1,nic_error_spike,0.0
1789892817.3150842,Switch,5.44,12.5,57.51,0.0,-50.8,1.0,0.72,45.73,22.66,6.34,56.52,-51.34,-2.32,0.9,0.9,1,nic_error_spike,0.0
1789892817.3173766,Switch,9999.0,25.0,56.99,0.0,-51.1,1.0,0.72,43.34,19.04,2004.66,56.57,-51.22,9991.58,0.26,0.6,1,nic_error_spike,0.0
1789892817.3199215,Switch,5.36,12.5,56.05,0.0,-51.5,1.0,0.56,46.9,20.59,2004.36,56.63,-51.2,-1.52,0.31,0.1,1,nic_error_spike,0.0
1789892817.322563,Switch,5.74,12.5,54.91,0.0,-51.2,1.0,0.3,43.83,23.42,2004.26,56.38,-51.14,-0.46,-1.27,0.3,1,nic_error_spike,0.0
1789892817.3253753,Switch,6.28,12.5,54.03,0.0,-51.2,1.0,0.33,47.74,24.67,2004.36,55.9,-51.16,0.5,-2.41,-0.1,1,,0.0
1789892817.3279777,Switch,6.35,12.5,55.51,0.0,-51.3,4.1,0.41,28.85,18.87,2004.55,55.5,-51.26,0.91,-2.0,-0.5,1,none,0.2
1789892817.331176,Switch,6.44,12.5,54.64,0.0,-51.5,3.2,0.42,17.47,24.61,6.03,55.03,-51.34,-9992.56,-2.35,-0.4,0,none,10.0
1789892817.3339422,Switch,5.7,12.5,53.88,0.0,-51.4,2.1,0.32,10.52,28.49,6.1,54.59,-51.32,0.34,-2.17,0.1,0,none,10.0
1789892817.336649,Switch,6.05,12.5,54.7,0.0,-51.7,1.0,0.27,6.44,25.4,6.16,54.55,-51.42,0.31,-0.21,-0.5,0,none,10.0
1789892817.339238,Switch,6.46,0.0,54.33,0.0,-51.7,1.5,0.29,3.91,27.52,6.2,54.61,-51.52,0.18,0.3,-0.5,0,none,10.0
1789892817.341825,Switch,6.83,0.0,52.91,0.0,-51.3,2.7,0.39,2.57,21.94,6.3,54.09,-51.52,0.48,-2.6,0.0,0,none,10.0
1789892817.3449066,Switch,7.37,0.0,53.75,0.0,-51.5,1.0,0.59,1.94,23.94,6.48,53.91,-51.52,0.93,-0.89,0.0,0,none,10.0
1789892817.3476043,Switch,7.47,0.0,52.64,0.0,-51.5,1.4,0.54,1.23,21.51,6.84,53.67,-51.54,1.77,-1.24,-0.1,0,none,10.0
1789892817.3501709,Switch,7.67,0.0,53.76,0.0,-51.1,1.0,0.45,0.87,25.99,7.16,53.48,-51.42,1.62,-0.94,0.6,0,none,10.0
1789892817.3531182,Switch,7.62,0.0,55.2,0.0,-50.9,1.4,0.3,0.56,22.05,7.39,53.65,-51.26,1.16,0.87,0.8,0,none,10.0
1789892817.3561423,Switch,7.55,0.0,55.96,0.0,-51.0,1.0,0.11,0.55,18.49,7.54,54.26,-51.2,0.72,3.05,0.3,0,none,10.0
1789892817.3591394,Switch,7.18,0.0,55.48,0.0,-51.1,4.3,0.17,0.54,16.43,7.5,54.61,-51.12,-0.19,1.73,0.4,0,none,10.0
1789892817.361942,Switch,6.88,0.0,55.81,0.0,-51.0,5.9,0.31,0.57,10.98,7.38,55.24,-51.02,-0.59,3.17,0.5,0,none,10.0
1789892817.3648722,Switch,6.93,0.0,56.53,0.0,-50.8,9.8,0.31,0.39,8.71,7.23,55.8,-50.96,-0.74,2.77,0.3,0,none,10.0
1789892817.367581,Switch,7.08,0.0,57.72,0.0,-50.8,8.0,0.24,0.51,11.82,7.12,56.3,-50.94,-0.54,2.52,0.1,0,none,10.0
1789892817.3702152,Switch,6.37,0.0,57.82,0.0,-51.1,4.9,0.28,0.57,6.82,6.89,56.67,-50.96,-1.18,1.86,-0.1,0,none,10.0
1789892817.3728175,Switch,5.7,0.0,57.94,0.0,-51.2,8.3,0.5,0.63,7.65,6.59,57.16,-50.98,-1.48,2.46,-0.1,0,none,10.0
1789892817.375426,Switch,5.39,0.0,59.23,0.0,-51.2,11.3,0.66,0.38,6.27,6.29,57.85,-51.02,-1.49,3.42,-0.2,0,none,10.0
1789892817.3780746,Switch,6.07,0.0,60.37,0.0,-50.9,9.1,0.58,0.54,11.72,6.12,58.62,-51.04,-0.86,3.84,-0.1,0,none,10.0
1789892817.3809783,Switch,6.21,0.0,59.19,0.0,-51.3,9.1,0.36,0.36,11.97,5.95,58.91,-51.14,-0.87,1.47,-0.5,0,none,10.0
1789892817.383623,Switch,5.53,0.0,58.19,0.0,-51.2,9.4,0.31,0.6,7.05,5.78,58.98,-51.16,-0.84,0.37,-0.1,0,none,10.0
1789892817.3862479,Switch,5.94,0.0,59.05,0.0,-51.6,10.3,0.31,0.44,3.65,5.83,59.21,-51.24,0.24,1.11,-0.4,0,none,10.0
1789892817.3888838,Switch,5.28,0.0,59.65,0.0,-51.8,14.2,0.35,0.39,3.62,5.81,59.29,-51.36,-0.11,0.42,-0.6,0,none,10.0
1789892817.3914957,Switch,5.63,0.0,58.23,0.0,-51.6,17.6,0.32,0.35,0.0,5.72,58.86,-51.5,-0.44,-2.14,-0.7,0,none,10.0
1789892817.3942158,Switch,5.6,0.0,57.43,0.0,-51.2,16.0,0.21,0.56,5.19,5.6,58.51,-51.48,-0.61,-1.76,0.1,0,none,10.0
1789892817.3972754,Switch,5.35,0.0,57.55,0.0,-51.0,13.5,0.24,0.55,4.19,5.56,58.38,-51.44,-0.18,-0.64,0.2,0,none,10.0
1789892817.399795,Switch,6.09,0.0,56.99,0.0,-51.0,13.7,0.29,0.56,4.41,5.59,57.97,-51.32,0.15,-2.06,0.6,0,none,10.0
1789892817.4023235,Switch,5.61,0.0,55.82,0.0,-51.0,17.2,0.24,0.43,8.36,5.66,57.2,-51.16,0.33,-3.83,0.8,0,none,10.0
1789892817.404842,Switch,5.78,0.0,57.1,0.0,-51.3,16.4,0.25,0.45,8.45,5.69,56.98,-51.1,0.15,-1.13,0.3,0,none,10.0
1789892817.4075842,Switch,5.51,0.0,57.66,0.0,-50.9,13.8,0.26,0.64,10.67,5.67,57.02,-51.04,-0.09,0.23,0.3,0,none,10.0
1789892817.4100876,Switch,5.47,0.0,58.6,0.0,-50.6,11.3,0.23,0.51,5.85,5.69,57.23,-50.96,0.12,1.05,0.4,0,none,10.0
1789892817.4124045,Switch,5.58,0.0,59.94,0.0,-50.5,10.9,0.11,0.69,4.12,5.59,57.82,-50.86,-0.51,2.95,0.5,0,none,10.0
1789892817.4147658,Switch,4.79,0.0,61.12,0.0,-50.5,12.4,0.33,0.73,7.99,5.43,58.88,-50.76,-0.82,5.3,0.5,0,none,10.0
1789892817.4177837,Switch,4.37,0.0,61.84,0.0,-50.9,8.9,0.48,0.54,12.64,5.14,59.83,-50.68,-1.41,4.74,0.4,0,none,10.0
1789892817.4204106,Switch,4.65,0.0,62.2,0.0,-51.0,12.0,0.47,0.7,13.71,4.97,60.74,-50.7,-0.86,4.54,-0.1,0,none,10.0
1789892817.422833,Switch,4.31,0.0,61.11,0.0,-50.6,13.6,0.45,0.58,8.25,4.74,61.24,-50.7,-1.16,2.51,0.0,0,none,10.0
1789892817.4255247,Switch,4.71,0.0,60.03,0.0,-50.4,13.9,0.19,0.51,5.72,4.57,61.26,-50.68,-0.87,0.09,0.1,0,none,10.0
1789892817.427816,Switch,4.22,0.0,59.56,0.0,-50.1,11.0,0.19,0.54,2.08,4.45,60.95,-50.6,-0.57,-1.56,0.4,0,none,10.0
1789892817.4299948,Switch,4.97,0.0,60.08,0.0,-50.4,11.9,0.27,0.54,3.36,4.57,60.6,-50.5,0.6,-1.76,0.5,0,none,10.0
1789892817.4323542,Switch,5.02,0.0,61.48,0.0,-50.2,8.9,0.33,0.33,3.3,4.65,60.45,-50.34,0.37,-0.72,0.8,0,none,10.0
1789892817.435005,Switch,5.69,0.0,61.44,0.0,-50.5,8.2,0.48,0.41,2.19,4.92,60.52,-50.32,1.38,0.33,0.1,0,none,10.0
1789892817.4371598,Switch,6.21,0.0,60.35,0.0,-50.2,11.1,0.68,0.5,6.5,5.22,60.58,-50.28,1.5,0.32,0.2,0,none,10.0
1789892817.4398036,Switch,5.47,0.0,58.95,0.0,-50.0,9.4,0.46,0.57,0.77,5.47,60.46,-50.26,1.25,-0.61,0.1,0,none,10.0
1789892817.442128,Switch,5.9,0.0,59.49,0.0,-49.9,12.2,0.4,0.4,5.6,5.66,60.34,-50.16,0.93,-0.59,0.5,0,none,10.0
1789892817.444824,Switch,6.4,0.0,59.17,0.0,-49.9,12.7,0.34,0.45,0.0,5.93,59.88,-50.1,1.38,-2.31,0.3,0,none,10.0
1789892817.4474666,Switch,5.61,0.0,58.88,0.0,-50.2,8.9,0.35,0.42,0.0,5.92,59.37,-50.04,-0.08,-2.56,0.3,0,none,10.0
1789892817.4501266,Switch,6.04,0.0,60.04,0.0,-49.9,8.9,0.33,0.54,0.0,5.88,59.31,-49.98,-0.17,-0.31,0.3,0,none,10.0
1789892817.4523876,Switch,5.5,0.0,59.43,0.0,-49.7,5.3,0.32,0.54,0.0,5.89,59.4,-49.92,0.03,0.48,0.3,0,none,10.0
1789892817.454849,Switch,5.55,0.0,58.15,0.0,-49.6,7.5,0.35,0.42,0.58,5.82,59.13,-49.86,-0.35,-1.34,0.3,0,none,10.0
1789892817.4575145,Switch,6.0,0.0,59.09,0.0,-49.9,6.8,0.24,0.58,0.0,5.74,59.12,-49.86,-0.4,-0.08,0.0,0,none,10.0
1789892817.4600723,Switch,5.83,0.0,59.49,0.0,-49.6,7.9,0.23,0.44,0.89,5.78,59.24,-49.74,0.22,0.61,0.6,0,none,10.0
1789892817.4626544,Switch,5.13,0.0,60.77,0.0,-49.4,8.9,0.3,0.27,0.0,5.6,59.39,-49.64,-0.91,0.73,0.5,0,none,10.0
1789892817.4651954,Switch,5.51,0.0,60.96,0.0,-49.4,9.2,0.3,0.5,0.57,5.6,59.69,-49.58,0.01,1.53,0.3,0,none,10.0
1789892817.4677145,Switch,5.27,0.0,60.5,0.0,-49.0,12.9,0.33,0.39,5.97,5.55,60.16,-49.46,-0.28,2.35,0.6,0,none,10.0
1789892817.4700787,Switch,4.55,0.0,59.59,0.0,-48.7,15.0,0.43,0.31,2.77,5.26,60.26,-49.22,-1.45,0.5,1.2,0,none,10.0
1789892817.4723067,Switch,5.31,0.0,58.35,0.0,-48.3,12.8,0.33,0.46,4.97,5.15,60.03,-48.96,-0.52,-1.14,1.3,0,none,10.0
1789892817.4748046,Switch,5.84,0.0,57.2,0.0,-48.7,15.6,0.43,0.6,7.37,5.3,59.32,-48.82,0.71,-3.57,0.7,0,none,10.0
1789892817.4771109,Switch,5.63,0.0,55.77,0.0,-48.3,18.5,0.44,0.69,12.65,5.32,58.28,-48.6,0.12,-5.19,1.1,0,none,10.0
1789892817.4793496,Switch,5.23,0.0,55.98,0.0,-48.2,18.5,0.44,0.43,14.78,5.31,57.38,-48.44,-0.04,-4.52,0.8,0,none,10.0
1789892817.4818707,Switch,5.15,0.0,56.63,0.0,-48.1,15.5,0.26,0.3,19.82,5.43,56.79,-48.32,0.6,-2.96,0.6,0,none,10.0
1789892817.4843018,Switch,9999.0,12.5,57.34,0.0,-48.4,1.0,0.26,17.67,23.35,2004.17,56.58,-48.34,9993.69,-1.01,-0.1,1,nic_error_spike,0.0
1789892817.4866474,Switch,9999.0,25.0,58.49,0.0,-48.8,1.0,0.26,28.34,17.7,4002.8,56.84,-48.36,9993.16,1.29,-0.1,1,nic_error_spike,0.0
1789892817.4889083,Switch,5.89,25.0,59.79,0.0,-48.5,1.0,0.3,33.49,19.57,4002.85,57.65,-48.4,0.26,4.02,-0.2,1,nic_error_spike,0.0
1789892817.4911609,Switch,9999.0,37.5,59.16,0.0,-48.4,1.0,0.3,37.03,17.92,6001.61,58.28,-48.44,9993.77,3.18,-0.2,1,nic_error_spike,0.0
1789892817.4938326,Switch,4.97,37.5,59.39,0.0,-48.2,1.0,0.33,42.06,20.27,6001.57,58.83,-48.46,-0.18,2.76,-0.1,1,nic_error_spike,0.0
1789892817.4960809,Switch,4.4,37.5,58.51,0.0,-48.3,1.0,0.48,47.35,22.8,4002.65,59.07,-48.44,-9994.6,1.17,0.1,1,nic_error_spike,0.0
1789892817.4986856,Switch,9999.0,50.0,57.53,0.0,-48.0,1.0,0.48,43.58,24.46,4002.65,58.88,-48.28,0.0,-0.96,0.8,1,nic_error_spike,0.0
1789892817.5009828,Switch,5.85,50.0,56.59,0.0,-48.4,1.0,0.56,48.61,27.49,4002.64,58.24,-48.26,-0.04,-3.2,0.1,1,nic_error_spike,0.0
1789892817.503292,Switch,5.35,37.5,55.46,0.0,-48.6,1.0,0.56,48.48,30.04,2003.91,57.5,-48.3,-9993.65,-3.7,-0.2,1,nic_error_spike,0.0
1789892817.5059328,Switch,4.75,25.0,56.27,0.0,-48.2,1.0,0.5,40.33,25.05,2003.87,56.87,-48.3,-0.22,-3.12,0.0,1,nic_error_spike,0.0
1789892817.5085764,Switch,5.03,25.0,57.5,0.0,-48.5,1.0,0.5,33.15,24.69,2004.0,56.67,-48.34,0.63,-1.01,-0.2,1,nic_error_spike,0.0
1789892817.5111425,Switch,4.48,12.5,56.07,0.0,-48.8,1.0,0.48,37.18,29.24,5.09,56.38,-48.5,-9994.52,-1.46,-0.8,1,nic_error_spike,0.0
1789892817.513787,Switch,9999.0,25.0,56.12,0.0,-48.5,1.0,0.48,45.06,34.31,2003.72,56.28,-48.52,9993.15,-0.47,-0.1,1,nic_error_spike,0.0
1789892817.516035,Switch,3.62,25.0,56.64,0.0,-48.2,1.0,0.59,39.81,31.03,2003.38,56.52,-48.44,-1.73,1.18,0.4,1,nic_error_spike,0.0
1789892817.5182292,Switch,9999.0,25.0,56.94,0.0,-48.2,1.0,0.59,41.94,31.73,4002.23,56.65,-48.44,9994.25,0.67,0.0,1,nic_error_spike,0.0
1789892817.5208745,Switch,2.58,25.0,57.37,0.0,-48.4,1.0,0.89,41.99,27.01,4001.74,56.63,-48.42,-2.45,-0.13,0.1,1,,0.0
1789892817.523611,Switch,3.37,25.0,57.59,0.0,-48.1,1.2,0.86,25.52,21.88,4001.51,56.93,-48.28,-1.11,1.52,0.7,1,none,0.33
1789892817.5264108,Switch,3.29,25.0,58.14,0.0,-48.3,5.1,0.61,15.68,21.17,2002.37,57.34,-48.24,-9995.71,2.02,0.2,1,none,0.2
1789892817.5290816,Switch,3.68,25.0,58.49,0.0,-48.4,5.4,0.39,9.45,19.64,2002.38,57.71,-48.28,0.06,1.85,-0.2,1,none,0.2
1789892817.531766,Switch,3.55,25.0,57.75,0.0,-48.5,4.1,0.38,5.75,24.9,3.29,57.87,-48.34,-9995.45,0.81,-0.3,0,none,10.0
1789892817.5341449,Switch,4.22,12.5,58.17,0.0,-48.7,1.7,0.33,3.5,20.52,3.62,58.03,-48.4,1.64,0.8,-0.3,0,none,10.0
1789892817.5369813,Switch,4.58,12.5,57.29,0.0,-48.8,1.0,0.47,2.34,24.39,3.86,57.97,-48.54,1.21,-0.3,-0.7,0,none,10.0
1789892817.539321,Switch,4.03,0.0,57.68,0.0,-48.7,1.0,0.37,1.57,22.24,4.01,57.88,-48.62,0.74,-0.46,-0.4,0,none,10.0
1789892817.5416698,Switch,4.14,0.0,56.36,0.0,-48.7,1.0,0.33,1.14,16.6,4.1,57.45,-48.68,0.46,-2.13,-0.3,0,none,10.0
1789892817.5442252,Switch,4.56,0.0,55.83,0.0,-49.0,2.6,0.22,0.78,15.69,4.31,57.07,-48.78,1.01,-1.92,-0.5,0,none,10.0
1789892817.5470011,Switch,4.77,0.0,56.15,0.0,-48.7,2.1,0.28,0.58,19.4,4.42,56.66,-48.78,0.55,-2.02,0.0,0,none,10.0
1789892817.5498328,Switch,4.05,0.0,54.93,0.0,-48.7,3.0,0.3,0.37,15.61,4.31,56.19,-48.76,-0.53,-2.36,0.1,0,none,10.0
1789892817.5522342,Switch,3.28,0.0,53.91,0.0,-48.6,1.0,0.51,0.39,17.54,4.16,55.44,-48.74,-0.75,-3.77,0.1,0,none,10.0
1789892817.5545774,Switch,3.58,0.0,54.03,0.0,-48.3,1.0,0.56,19.55,16.13,4.05,54.97,-48.66,-0.56,-2.33,0.4,1,nic_error_spike,0.0
1789892817.5569751,Switch,9999.0,12.5,54.84,0.0,-48.5,1.0,0.56,35.07,12.08,2002.94,54.77,-48.56,9994.44,-0.99,0.5,1,nic_error_spike,0.0
1789892817.559406,Switch,9999.0,25.0,53.68,0.0,-48.4,1.0,0.56,39.03,15.28,4001.78,54.28,-48.5,9994.23,-2.47,0.3,1,nic_error_spike,0.0
1789892817.5621197,Switch,9999.0,37.5,54.4,0.0,-48.6,1.0,0.56,36.64,12.44,6000.77,54.17,-48.48,9994.95,-0.53,0.1,1,nic_error_spike,0.0
1789892817.5645447,Switch,3.49,37.5,54.92,0.0,-48.3,1.0,0.53,42.67,7.4,6000.81,54.37,-48.42,0.21,1.01,0.3,1,nic_error_spike,0.0
1789892817.5669672,Switch,9999.0,50.0,55.52,0.0,-48.0,1.0,0.53,41.65,5.16,7999.9,54.67,-48.36,9995.42,1.49,0.3,1,nic_error_spike,0.0
1789892817.5696177,Switch,2.81,50.0,54.8,0.0,-48.2,1.0,0.41,39.26,2.16,6000.66,54.66,-48.3,-9996.19,-0.04,0.3,1,nic_error_spike,0.0
1789892817.5722911,Switch,3.3,50.0,53.46,0.0,-47.9,1.0,0.27,46.07,0.0,4001.52,54.62,-48.2,-9995.7,-0.22,0.5,1,nic_error_spike,0.0
1789892817.5749815,Switch,3.51,50.0,54.12,0.0,-47.9,1.0,0.28,39.38,3.72,2002.42,54.56,-48.06,-9995.49,-0.28,0.7,1,nic_error_spike,0.0
1789892817.577631,Switch,3.5,37.5,52.97,0.0,-48.0,1.0,0.27,35.25,4.61,2002.42,54.17,-48.0,0.01,-1.95,0.3,1,nic_error_spike,0.0
1789892817.5802956,Switch,3.11,25.0,52.43,0.0,-47.8,1.0,0.27,33.99,0.91,3.25,53.56,-47.96,-9995.89,-3.09,0.2,1,nic_error_spike,0.0
1789892817.582567,Switch,2.79,12.5,51.71,0.0,-48.1,1.0,0.27,41.24,0.02,3.24,52.94,-47.94,-0.02,-3.09,0.1,1,nic_error_spike,0.0
1789892817.5853672,Switch,3.11,12.5,52.22,0.0,-47.7,1.0,0.28,42.51,5.85,3.2,52.69,-47.9,-0.19,-1.24,0.2,1,nic_error_spike,0.0
1789892817.5877926,Switch,2.64,0.0,51.84,0.0,-47.6,1.0,0.3,41.57,10.35,3.03,52.23,-47.84,-0.87,-2.28,0.3,1,,0.0
1789892817.5904117,Switch,2.93,0.0,51.04,0.0,-47.7,1.0,0.18,25.13,8.24,2.92,51.85,-47.78,-0.57,-1.93,0.3,1,none,1.17
1789892817.5927365,Switch,2.71,0.0,51.35,0.0,-47.8,1.0,0.17,15.36,7.08,2.84,51.63,-47.78,-0.4,-1.08,0.0,1,none,1.0
1789892817.5949035,Switch,3.14,0.0,52.77,0.0,-48.2,2.1,0.2,9.24,4.86,2.91,51.84,-47.8,0.35,1.06,-0.1,1,none,0.83
1789892817.5973349,Switch,2.63,0.0,53.66,0.0,-48.5,3.9,0.2,5.59,7.25,2.81,52.13,-47.96,-0.48,1.44,-0.8,1,none,0.67
1789892817.6000466,Switch,1.91,0.0,52.46,0.0,-48.4,1.0,0.42,3.44,1.61,2.66,52.26,-48.12,-0.73,0.62,-0.8,1,none,0.5
1789892817.6023057,Switch,1.31,0.0,53.89,0.0,-48.1,2.0,0.65,2.12,0.0,2.34,52.83,-48.2,-1.62,2.85,-0.4,1,none,0.33
1789892817.6045706,Switch,2.02,0.0,53.22,0.0,-48.3,3.1,0.63,1.31,0.0,2.2,53.2,-48.3,-0.69,1.87,-0.5,1,none,0.2
1789892817.607199,Switch,1.79,0.0,54.33,0.0,-48.5,3.0,0.42,0.98,0.0,1.93,53.51,-48.36,-1.35,1.56,-0.3,1,none,0.2
1789892817.6094651,Switch,1.6,0.0,53.49,0.0,-48.2,1.0,0.25,0.91,4.16,1.73,53.48,-48.3,-1.03,-0.17,0.3,0,none,10.0
1789892817.6116939,Switch,1.05,0.0,54.96,0.0,-48.2,2.2,0.34,0.82,8.78,1.55,53.98,-48.26,-0.86,2.5,0.2,0,none,10.0
1789892817.6141715,Switch,1.24,0.0,54.92,0.0,-47.9,2.2,0.35,0.51,4.89,1.54,54.18,-48.22,-0.07,1.03,0.2,0,none,10.0
1789892817.6166706,Switch,1.0,0.0,54.22,0.0,-47.5,1.0,0.31,0.51,9.27,1.34,54.38,-48.06,-1.02,1.0,0.8,0,none,10.0
1789892817.619059,Switch,1.67,0.0,55.55,0.0,-47.4,1.0,0.28,0.33,13.59,1.31,54.63,-47.84,-0.12,1.22,1.1,0,none,10.0
1789892817.6215162,Switch,1.73,0.0,56.26,0.0,-47.6,1.7,0.31,0.51,13.9,1.34,55.18,-47.72,0.13,2.77,0.6,0,none,10.0
1789892817.6240988,Switch,2.37,0.0,57.32,0.0,-47.9,1.0,0.47,0.54,19.76,1.6,55.65,-47.66,1.32,2.36,0.3,0,none,10.0
1789892817.6264324,Switch,1.91,0.0,58.53,0.0,-48.3,1.0,0.44,5.44,25.02,1.74,56.38,-47.74,0.67,3.61,-0.4,1,tx_rate_drop,0.0
1789892817.6287718,Switch,1.13,0.0,57.17,0.0,-48.2,1.0,0.4,11.16,29.0,1.76,56.97,-47.88,0.13,2.95,-0.7,1,tx_rate_drop,0.0
1789892817.631114,Switch,1.0,0.0,57.68,0.0,-48.5,1.0,0.51,9.01,34.97,1.63,57.39,-48.1,-0.67,2.13,-1.1,1,tx_rate_drop,0.0
1789892817.633937,Switch,1.46,0.0,58.73,0.0,-48.8,1.0,0.51,10.84,33.42,1.57,57.89,-48.34,-0.27,2.47,-1.2,1,tx_rate_drop,0.0
1789892817.6367283,Switch,2.03,0.0,60.16,0.0,-48.6,1.0,0.41,11.39,31.35,1.51,58.45,-48.48,-0.34,2.84,-0.7,1,tx_rate_drop,0.0
1789892817.6390977,Switch,1.46,0.0,60.8,0.0,-48.3,1.0,0.36,11.79,25.69,1.42,58.91,-48.48,-0.45,2.27,0.0,1,tx_rate_drop,0.0
1789892817.6418514,Switch,1.02,0.0,62.17,0.0,-48.3,1.0,0.38,11.83,23.08,1.39,59.91,-48.5,-0.11,5.0,-0.1,1,tx_rate_drop,0.0
1789892817.6446044,Switch,1.0,0.0,63.18,0.0,-48.6,1.0,0.38,11.36,24.62,1.39,61.01,-48.52,0.0,5.5,-0.1,1,tx_rate_drop,0.0
1789892817.647347,Switch,1.15,0.0,63.34,0.0,-48.7,1.0,0.38,12.59,30.54,1.33,61.93,-48.5,-0.31,4.61,0.1,1,tx_rate_drop,0.0
1789892817.6502566,Switch,1.0,0.0,63.15,0.0,-48.8,1.0,0.18,11.17,34.6,1.13,62.53,-48.54,-1.03,2.99,-0.2,1,tx_rate_drop,0.0
1789892817.6529698,Switch,1.42,0.0,61.89,0.0,-48.5,1.0,0.16,13.49,36.44,1.12,62.75,-48.58,-0.04,1.09,-0.2,1,tx_rate_drop,0.0
1789892817.6556044,Switch,1.89,0.0,62.97,0.0,-48.7,1.0,0.33,11.65,31.02,1.29,62.91,-48.66,0.87,0.8,-0.4,1,tx_rate_drop,0.0
1789892817.6582317,Switch,2.5,0.0,62.34,0.0,-49.0,1.0,0.55,14.68,29.98,1.59,62.74,-48.74,1.5,-0.84,-0.4,1,tx_rate_drop,0.0
1789892817.6608477,Switch,3.1,0.0,63.61,0.0,-48.9,1.0,0.75,16.22,29.89,1.98,62.79,-48.78,1.95,0.27,-0.2,1,tx_rate_drop,0.0
1789892817.6637406,Switch,3.69,0.0,62.18,0.0,-48.9,1.0,0.82,14.81,29.14,2.52,62.6,-48.8,2.69,-0.97,-0.1,1,tx_rate_drop,0.0
1789892817.6663916,Switch,3.2,0.0,62.94,0.0,-48.5,1.0,0.62,13.87,28.27,2.88,62.81,-48.8,1.78,1.05,0.0,1,,0.0
1789892817.669177,Switch,3.85,0.0,61.66,0.0,-48.3,1.0,0.48,8.46,24.24,3.27,62.55,-48.72,1.96,-1.31,0.4,1,none,0.5
1789892817.6718144,Switch,3.32,0.0,62.62,0.0,-48.2,1.0,0.29,5.45,28.75,3.43,62.6,-48.56,0.82,0.28,0.8,1,none,0.33
1789892817.6744487,Switch,4.1,0.0,61.12,0.0,-47.9,1.0,0.33,3.6,25.14,3.63,62.1,-48.36,1.0,-2.49,1.0,1,none,0.2
1789892817.6771927,Switch,3.77,0.0,62.3,0.0,-47.8,1.9,0.34,2.48,22.97,3.65,62.13,-48.14,0.08,0.12,1.1,1,none,0.2
1789892817.6798074,Switch,3.82,0.0,63.3,0.0,-47.6,1.8,0.25,1.56,22.43,3.77,62.2,-47.96,0.62,0.36,0.9,0,none,10.0
1789892817.6826437,Switch,4.38,0.0,64.77,0.0,-47.3,5.7,0.35,1.15,20.27,3.88,62.82,-47.76,0.53,3.11,1.0,0,none,10.0
1789892817.6852837,Switch,4.6,0.0,64.31,0.0,-47.3,5.2,0.32,0.96,19.3,4.13,63.16,-47.58,1.28,1.69,0.9,0,none,10.0
1789892817.6879003,Switch,5.06,0.0,62.85,0.0,-47.2,4.9,0.48,0.73,17.95,4.33,63.51,-47.44,0.96,1.73,0.7,0,none,10.0
1789892817.6905344,Switch,4.26,0.0,62.64,0.0,-47.4,8.5,0.41,0.73,16.07,4.42,63.57,-47.36,0.49,0.34,0.4,0,none,10.0
1789892817.6934311,Switch,4.61,0.0,62.11,0.0,-47.7,9.4,0.27,0.49,20.46,4.58,63.34,-47.38,0.79,-1.19,-0.1,0,none,10.0
1789892817.6960564,Switch,5.09,0.0,62.23,0.0,-47.4,13.0,0.31,0.63,20.42,4.72,62.83,-47.4,0.71,-2.54,-0.1,0,none,10.0
1789892817.6987345,Switch,5.8,0.0,61.39,0.0,-47.1,12.5,0.52,0.77,25.74,4.96,62.24,-47.36,1.2,-2.92,0.2,0,none,10.0
1789892817.701337,Switch,5.47,0.0,60.71,0.0,-46.8,14.4,0.56,0.55,26.41,5.05,61.82,-47.28,0.41,-2.14,0.4,0,none,10.0
1789892817.7039623,Switch,4.78,0.0,59.63,0.0,-46.7,16.6,0.44,0.4,24.05,5.15,61.21,-47.14,0.52,-3.01,0.7,0,none,10.0
1789892817.7065828,Switch,4.4,0.0,58.65,0.0,-47.1,14.7,0.49,0.27,18.6,5.11,60.52,-47.02,-0.21,-3.46,0.6,0,none,10.0
1789892817.709267,Switch,4.57,0.0,57.53,0.0,-46.7,18.5,0.54,0.41,22.97,5.0,59.58,-46.88,-0.52,-4.7,0.7,0,none,10.0
1789892817.711883,Switch,4.11,0.0,56.54,0.0,-46.9,15.2,0.46,0.48,27.68,4.67,58.61,-46.84,-1.69,-4.85,0.2,0,none,10.0
1789892817.7150488,Switch,4.52,0.0,55.22,0.0,-47.2,13.9,0.22,0.46,26.02,4.48,57.51,-46.92,-0.95,-5.49,-0.4,0,none,10.0
1789892817.7176967,Switch,5.12,0.0,53.81,0.0,-47.4,12.5,0.33,0.51,21.09,4.54,56.35,-47.06,0.34,-5.82,-0.7,0,none,10.0
1789892817.7203372,Switch,5.67,0.0,54.72,0.0,-47.2,12.8,0.54,0.48,23.2,4.8,55.56,-47.08,1.27,-3.93,-0.1,0,none,10.0
1789892817.7231357,Switch,5.68,0.0,54.71,0.0,-47.1,15.4,0.62,0.65,18.21,5.02,55.0,-47.16,1.11,-2.82,-0.4,0,none,10.0
1789892817.72576,Switch,5.62,0.0,54.83,0.0,-47.0,17.8,0.45,0.56,22.33,5.32,54.66,-47.18,1.51,-1.71,-0.1,0,none,10.0
1789892817.7286427,Switch,6.32,0.0,56.22,0.0,-46.9,16.8,0.38,0.48,26.56,5.68,54.86,-47.12,1.8,1.0,0.3,0,none,10.0
1789892817.7311273,Switch,6.26,0.0,56.26,0.0,-47.3,18.5,0.31,0.51,25.8,5.91,55.35,-47.1,1.14,2.45,0.1,0,none,10.0
1789892817.733798,Switch,5.51,0.0,54.91,0.0,-47.5,15.5,0.34,0.57,30.75,5.88,55.39,-47.16,-0.16,0.19,-0.3,0,none,10.0
1789892817.736785,Switch,6.0,0.0,55.3,0.0,-47.1,16.1,0.33,0.7,27.38,5.94,55.5,-47.16,0.32,0.59,0.0,0,none,10.0
1789892817.739602,Switch,5.33,0.0,56.62,0.0,-47.3,12.4,0.4,0.77,22.53,5.88,55.86,-47.22,-0.29,1.79,-0.3,0,none,10.0
1789892817.7423255,Switch,6.09,0.0,58.01,0.0,-47.7,13.7,0.35,0.77,21.08,5.84,56.22,-47.38,-0.23,1.79,-0.8,0,none,10.0
1789892817.7449589,Switch,6.39,0.0,57.97,0.0,-47.4,17.6,0.39,0.76,26.47,5.86,56.56,-47.4,0.13,1.71,-0.1,0,none,10.0
1789892817.747366,Switch,6.55,0.0,56.79,0.0,-47.4,18.2,0.42,0.7,21.21,6.07,56.94,-47.38,1.04,1.88,0.1,0,none,10.0
1789892817.7499785,Switch,6.95,0.0,57.06,0.0,-47.4,15.9,0.54,0.51,20.31,6.26,57.29,-47.44,0.95,1.76,-0.3,0,none,10.0
1789892817.7526212,Switch,6.62,0.0,57.62,0.0,-47.6,16.7,0.28,0.58,14.44,6.52,57.49,-47.5,1.29,1.0,-0.3,0,none,10.0
1789892817.7555711,Switch,6.95,0.0,58.13,0.0,-47.2,13.0,0.22,0.65,9.77,6.69,57.51,-47.4,0.86,0.12,0.5,0,none,10.0
1789892817.7582934,Switch,7.6,0.0,58.0,0.0,-47.5,12.4,0.37,0.68,5.17,6.93,57.52,-47.42,1.21,0.03,-0.1,0,none,10.0
1789892817.7612286,Switch,7.74,0.0,57.26,0.0,-47.7,16.3,0.43,0.57,6.5,7.17,57.61,-47.48,1.19,0.47,-0.3,0,none,10.0
1789892817.7638733,Switch,7.56,0.0,56.96,0.0,-47.9,16.7,0.44,0.63,3.53,7.29,57.59,-47.58,0.61,-0.1,-0.5,0,none,10.0
1789892817.7665188,Switch,6.98,0.0,57.98,0.0,-47.6,1.0,0.33,22.38,7.9,7.37,57.67,-47.58,0.36,0.36,0.0,1,nic_error_spike,0.0
1789892817.7690344,Switch,7.45,0.0,59.07,0.0,-47.9,1.0,0.26,35.16,3.36,7.47,57.85,-47.72,0.5,0.94,-0.7,1,nic_error_spike,0.0
1789892817.7719443,Switch,6.82,0.0,59.62,0.0,-48.1,1.0,0.35,38.75,0.0,7.31,58.18,-47.84,-0.78,1.62,-0.6,1,nic_error_spike,0.0
1789892817.7745557,Switch,6.52,0.0,58.15,0.0,-48.0,1.0,0.39,44.99,0.0,7.07,58.36,-47.9,-1.22,0.89,-0.3,1,nic_error_spike,0.0
1789892817.7769558,Switch,6.7,0.0,56.7,0.0,-47.9,1.0,0.32,42.29,0.0,6.89,58.3,-47.9,-0.86,-0.26,0.0,1,nic_error_spike,0.0
1789892817.7793763,Switch,9999.0,12.5,57.2,0.0,-48.0,1.0,0.32,42.19,0.0,2005.3,58.15,-47.98,9992.02,-0.78,-0.4,1,nic_error_spike,0.0
1789892817.7819686,Switch,9999.0,25.0,58.34,0.0,-47.8,1.0,0.32,35.71,0.14,4003.61,58.0,-47.96,9991.55,-0.73,0.1,1,nic_error_spike,0.0
1789892817.7850864,Switch,6.05,25.0,58.64,0.0,-47.9,1.0,0.45,33.09,3.4,4003.45,57.81,-47.92,-0.77,-0.98,0.2,1,nic_error_spike,0.0
1789892817.7875552,Switch,6.41,25.0,58.64,0.0,-47.9,1.0,0.26,32.85,4.55,4003.43,57.9,-47.9,-0.11,0.49,0.1,1,nic_error_spike,0.0
1789892817.7901647,Switch,6.52,25.0,58.84,0.0,-48.2,1.0,0.21,35.86,0.0,4003.4,58.33,-47.96,-0.18,2.14,-0.3,1,nic_error_spike,0.0
1789892817.792785,Switch,6.91,25.0,59.51,0.0,-48.5,1.0,0.29,35.05,0.0,2004.98,58.79,-48.06,-9992.09,2.31,-0.5,1,nic_error_spike,0.0
1789892817.7952476,Switch,6.51,25.0,58.5,0.0,-48.4,1.0,0.27,35.71,2.29,6.48,58.83,-48.18,-9992.49,0.16,-0.6,1,nic_error_spike,0.0
1789892817.7979515,Switch,7.27,25.0,58.41,0.0,-48.5,1.0,0.32,41.48,7.54,6.72,58.78,-48.3,1.22,-0.23,-0.6,1,nic_error_spike,0.0
1789892817.80059,Switch,7.32,12.5,57.68,0.0,-48.2,1.0,0.35,34.7,4.63,6.91,58.59,-48.36,0.91,-0.96,-0.3,1,nic_error_spike,0.0
1789892817.8034577,Switch,7.33,0.0,57.37,0.0,-48.4,1.0,0.32,30.48,0.0,7.07,58.29,-48.4,0.81,-1.47,-0.2,1,nic_error_spike,0.0
1789892817.8056862,Switch,7.03,0.0,57.06,0.0,-48.3,1.0,0.31,37.2,0.0,7.09,57.8,-48.36,0.12,-2.45,0.2,1,nic_error_spike,0.0
1789892817.8078983,Switch,9999.0,12.5,56.8,0.0,-48.4,1.0,0.31,33.49,1.83,2005.59,57.46,-48.36,9992.49,-1.7,0.0,1,nic_error_spike,0.0
1789892817.8101194,Switch,6.58,12.5,57.33,0.0,-48.7,1.0,0.28,40.83,7.04,2005.45,57.25,-48.4,-0.69,-1.08,-0.2,1,,0.0
1789892817.8128412,Switch,6.0,12.5,57.59,0.0,-48.3,1.0,0.5,24.68,7.17,2005.19,57.23,-48.42,-1.32,-0.09,-0.1,0,none,10.0
1789892817.8155594,Switch,6.56,12.5,56.9,0.0,-48.6,3.9,0.45,15.19,12.73,2005.03,57.14,-48.46,-0.77,-0.47,-0.2,0,none,10.0
1789892817.8181796,Switch,6.68,12.5,56.98,0.0,-48.8,4.7,0.33,9.43,10.81,2004.96,57.12,-48.56,-0.35,-0.08,-0.5,0,none,10.0
1789892817.8208156,Switch,7.26,12.5,57.99,0.0,-48.8,3.7,0.4,5.73,7.06,6.62,57.36,-48.64,-9991.74,1.19,-0.4,0,none,10.0
1789892817.8234892,Switch,6.56,12.5,58.44,0.0,-48.8,2.1,0.4,3.77,10.62,6.61,57.58,-48.66,-0.02,1.11,-0.1,0,none,10.0
1789892817.8261044,Switch,6.34,12.5,57.91,0.0,-48.8,3.2,0.31,2.45,11.71,6.68,57.64,-48.76,0.34,0.32,-0.5,0,none,10.0
1789892817.8285697,Switch,5.93,0.0,59.36,0.0,-48.8,2.3,0.43,1.62,6.51,6.55,58.14,-48.8,-0.63,2.46,-0.2,0,none,10.0
1789892817.8312726,Switch,6.68,0.0,60.51,0.0,-48.7,1.0,0.43,1.36,1.39,6.55,58.84,-48.78,0.0,3.53,0.1,0,none,10.0
1789892817.833862,Switch,6.9,0.0,61.61,0.0,-49.0,1.0,0.33,1.19,1.12,6.48,59.57,-48.82,-0.36,3.62,-0.2,0,none,10.0
1789892817.836502,Switch,7.47,0.0,60.86,0.0,-48.6,3.4,0.52,0.96,4.79,6.66,60.05,-48.78,0.91,2.42,0.2,0,none,10.0
1789892817.8391123,Switch,8.11,0.0,61.79,0.0,-48.9,3.4,0.74,0.69,1.97,7.02,60.83,-48.8,1.77,3.88,-0.1,0,none,10.0
1789892817.8417683,Switch,8.04,0.0,61.66,0.0,-49.2,1.0,0.58,17.23,2.97,7.44,61.29,-48.88,2.11,2.3,-0.4,1,nic_error_spike,0.0
1789892817.844608,Switch,9999.0,12.5,61.5,0.0,-49.5,1.0,0.58,34.12,6.01,2005.9,61.48,-49.04,9992.32,0.99,-0.8,1,nic_error_spike,0.0
1789892817.8469954,Switch,9999.0,25.0,60.85,0.0,-49.4,1.0,0.58,39.02,9.94,4004.32,61.33,-49.12,9992.1,-0.76,-0.4,1,nic_error_spike,0.0
1789892817.8496482,Switch,8.61,25.0,59.8,0.0,-49.6,1.0,0.59,35.99,5.61,4004.55,61.12,-49.32,1.14,-1.06,-1.0,1,nic_error_spike,0.0
1789892817.852118,Switch,8.62,25.0,61.3,0.0,-50.0,1.0,0.43,43.49,6.98,4004.65,61.02,-49.54,0.51,-0.49,-1.1,1,nic_error_spike,0.0
1789892817.854773,Switch,8.51,25.0,60.0,0.0,-50.4,1.0,0.25,46.02,9.4,4004.75,60.69,-49.78,0.47,-1.66,-1.2,1,nic_error_spike,0.0
1789892817.8576024,Switch,8.24,25.0,60.92,0.0,-50.6,1.0,0.23,40.45,15.19,2006.6,60.57,-50.0,-9990.76,-0.58,-1.1,1,nic_error_spike,0.0
1789892817.860289,Switch,8.65,25.0,61.34,0.0,-50.3,1.0,0.15,45.41,11.74,8.53,60.67,-50.18,-9990.35,0.49,-0.9,1,nic_error_spike,0.0
1789892817.8626862,Switch,9999.0,37.5,61.25,0.0,-50.3,1.0,0.15,45.02,16.59,2006.6,60.96,-50.32,9990.39,1.45,-0.7,1,nic_error_spike,0.0
1789892817.8657486,Switch,8.65,25.0,61.29,0.0,-50.1,1.0,0.15,37.67,19.07,2006.61,60.96,-50.34,0.03,-0.01,-0.1,1,nic_error_spike,0.0
1789892817.8684978,Switch,7.98,12.5,61.13,0.0,-50.2,1.0,0.26,33.6,18.55,2006.5,61.19,-50.3,-0.53,1.13,0.2,1,nic_error_spike,0.0
1789892817.871067,Switch,9999.0,25.0,60.02,0.0,-50.3,1.0,0.26,29.69,19.56,4004.66,61.01,-50.24,9990.76,-0.9,0.3,1,nic_error_spike,0.0
1789892817.8738213,Switch,8.5,25.0,61.2,0.0,-50.4,1.0,0.26,36.22,19.55,4004.63,60.98,-50.26,-0.15,-0.14,-0.1,1,nic_error_spike,0.0
1789892817.8765366,Switch,9999.0,37.5,62.15,0.0,-50.5,1.0,0.26,39.41,18.11,4004.63,61.16,-50.3,0.0,0.9,-0.2,1,nic_error_spike,0.0
1789892817.8792372,Switch,7.7,37.5,63.02,0.0,-50.3,1.0,0.39,34.58,23.11,4004.44,61.5,-50.34,-0.95,1.73,-0.2,1,nic_error_spike,0.0
1789892817.881998,Switch,7.26,37.5,62.2,0.0,-50.2,1.0,0.51,41.47,24.54,4004.29,61.72,-50.34,-0.72,1.07,0.0,1,nic_error_spike,0.0
1789892817.8844311,Switch,6.8,25.0,61.12,0.0,-50.1,1.0,0.58,37.36,26.13,2005.85,61.94,-50.3,-9992.2,1.1,0.2,1,,0.0
1789892817.8870256,Switch,7.0,25.0,60.64,0.0,-49.8,1.0,0.6,22.67,31.76,2005.55,61.83,-50.18,-1.5,-0.56,0.6,1,none,0.67
1789892817.8897552,Switch,7.7,25.0,59.88,0.0,-49.6,3.5,0.36,13.71,35.66,7.29,61.37,-50.0,-9991.3,-2.27,0.9,1,none,0.5
1789892817.8923812,Switch,8.14,12.5,60.12,0.0,-49.7,4.2,0.49,8.52,39.03,7.38,60.79,-49.88,0.44,-2.9,0.6,1,none,0.33
1789892817.8950295,Switch,8.56,12.5,61.19,0.0,-50.1,5.7,0.67,5.36,37.71,7.64,60.59,-49.86,1.3,-1.01,0.1,1,none,0.2
1789892817.8980992,Switch,8.97,0.0,60.53,0.0,-50.4,7.9,0.68,3.4,33.56,8.07,60.47,-49.92,2.17,-0.59,-0.3,1,none,0.2
1789892817.9007647,Switch,8.56,0.0,60.87,0.0,-50.4,8.9,0.43,2.34,38.64,8.39,60.52,-50.04,1.56,0.23,-0.6,0,none,10.0
1789892817.9035277,Switch,8.85,0.0,60.11,0.0,-50.5,6.2,0.29,1.75,43.64,8.62,60.56,-50.22,1.15,0.23,-0.9,0,none,10.0
1789892817.9061453,Switch,9.39,0.0,60.87,0.0,-50.2,9.5,0.31,1.21,38.85,8.87,60.71,-50.32,1.25,0.75,-0.5,0,none,10.0
1789892817.908772,Switch,8.84,0.0,60.6,0.0,-50.3,11.6,0.27,1.04,36.91,8.92,60.6,-50.36,0.28,-0.59,-0.2,0,none,10.0
1789892817.9111843,Switch,9.45,0.0,62.07,0.0,-50.4,14.4,0.34,0.94,37.16,9.02,60.9,-50.36,0.48,1.54,0.0,0,none,10.0
1789892817.914366,Switch,8.74,0.0,62.85,0.0,-50.8,10.8,0.3,0.68,41.05,9.05,61.3,-50.44,0.18,1.98,-0.4,0,none,10.0
1789892817.9168713,Switch,9.16,0.0,64.12,0.0,-50.6,11.4,0.29,0.52,35.35,9.12,62.1,-50.46,0.31,4.01,-0.1,0,none,10.0
1789892817.919613,Switch,8.62,0.0,64.55,0.0,-50.9,11.0,0.3,0.59,34.15,8.96,62.84,-50.6,-0.77,3.68,-0.7,0,none,10.0
1789892817.9223542,Switch,7.92,0.0,64.39,0.0,-50.8,9.1,0.52,0.67,34.86,8.78,63.6,-50.7,-0.92,3.79,-0.5,0,none,10.0
1789892817.9251482,Switch,8.05,0.0,63.55,0.0,-50.6,6.7,0.46,0.76,39.97,8.5,63.89,-50.74,-1.4,1.48,-0.2,0,none,10.0
1789892817.9277322,Switch,7.94,0.0,63.64,0.0,-50.8,10.1,0.49,0.79,37.54,8.34,64.05,-50.74,-0.8,0.79,0.0,0,none,10.0
1789892817.9303486,Switch,7.75,0.0,64.28,0.0,-50.6,9.3,0.3,0.61,36.05,8.06,64.08,-50.74,-1.41,0.16,0.0,0,none,10.0
1789892817.9329004,Switch,8.53,0.0,64.05,0.0,-50.6,8.2,0.26,0.42,33.37,8.04,63.98,-50.68,-0.09,-0.5,0.3,0,none,10.0
1789892817.935428,Switch,8.93,0.0,64.5,0.0,-50.4,4.7,0.43,0.33,29.94,8.24,64.0,-50.6,1.01,0.11,0.4,0,none,10.0
1789892817.9376988,Switch,9.48,0.0,63.3,0.0,-50.4,1.8,0.64,0.32,29.06,8.53,63.95,-50.56,1.43,-0.25,0.2,0,none,10.0
1789892817.9404466,Switch,8.8,0.0,62.7,0.0,-50.1,1.0,0.57,0.26,26.96,8.7,63.77,-50.42,0.86,-0.94,0.7,0,none,10.0
1789892817.943452,Switch,8.17,0.0,61.34,0.0,-50.3,1.0,0.44,0.54,27.55,8.78,63.18,-50.36,0.42,-2.94,0.3,0,none,10.0
1789892817.9459753,Switch,8.6,0.0,61.64,0.0,-50.3,4.2,0.43,0.48,33.27,8.8,62.7,-50.3,0.07,-2.41,0.3,0,none,10.0
1789892817.9485106,Switch,7.95,0.0,62.3,0.0,-50.1,5.6,0.53,0.31,30.79,8.6,62.26,-50.24,-0.98,-2.2,0.3,0,none,10.0
1789892817.9512374,Switch,7.97,0.0,62.37,0.0,-49.8,3.3,0.34,0.56,30.52,8.3,62.07,-50.12,-1.51,-0.93,0.6,0,none,10.0
1789892817.9539742,Switch,8.3,0.0,60.89,0.0,-50.2,1.0,0.24,0.39,27.02,8.2,61.71,-50.14,-0.5,-1.81,-0.1,0,none,10.0
1789892817.9567373,Switch,8.67,0.0,59.46,0.0,-50.6,1.0,0.3,0.55,21.8,8.3,61.33,-50.2,0.5,-1.88,-0.3,0,none,10.0
1789892817.9592173,Switch,9.24,0.0,60.26,0.0,-50.6,3.1,0.49,0.62,16.08,8.43,61.06,-50.26,0.64,-1.38,-0.3,0,none,10.0
1789892817.9624045,Switch,9.61,0.0,59.74,0.0,-50.9,3.3,0.6,0.47,20.2,8.76,60.54,-50.42,1.66,-2.56,-0.8,0,none,10.0
1789892817.9650927,Switch,10.29,0.0,58.64,0.0,-51.2,6.8,0.7,0.66,17.03,9.22,59.8,-50.7,2.32,-3.73,-1.4,0,none,10.0
1789892817.9676712,Switch,10.43,0.0,57.61,0.0,-50.9,4.7,0.66,0.66,17.32,9.65,59.14,-50.84,2.13,-3.28,-0.7,0,none,10.0
1789892817.970301,Switch,9.99,0.0,58.4,0.0,-50.6,4.1,0.44,0.5,13.12,9.91,58.93,-50.84,1.32,-1.06,0.0,0,none,10.0
1789892817.9729106,Switch,10.16,0.0,58.95,0.0,-50.9,2.5,0.28,0.54,13.2,10.1,58.67,-50.9,0.92,-1.31,-0.3,0,none,10.0
1789892817.975695,Switch,9.37,0.0,57.98,0.0,-50.7,1.0,0.37,0.39,17.39,10.05,58.32,-50.86,-0.24,-1.76,0.2,0,none,10.0
1789892817.9785104,Switch,8.87,0.0,59.32,0.0,-51.0,4.0,0.57,0.36,17.74,9.76,58.45,-50.82,-1.42,0.68,0.2,0,none,10.0
1789892817.981199,Switch,9.59,0.0,59.2,0.0,-51.4,7.5,0.46,0.57,15.37,9.6,58.77,-50.92,-0.84,1.59,-0.5,0,none,10.0
1789892817.9838772,Switch,9.57,0.0,59.89,0.0,-51.5,6.5,0.41,0.4,19.04,9.51,59.07,-51.1,-0.42,1.49,-0.9,0,none,10.0
1789892817.9868457,Switch,9.53,0.0,59.31,0.0,-51.7,6.5,0.27,0.25,17.71,9.39,59.14,-51.26,-0.63,0.36,-0.8,0,none,10.0
1789892817.9898486,Switch,8.91,0.0,60.49,0.0,-52.0,4.4,0.33,0.45,13.09,9.29,59.64,-51.52,-0.46,2.51,-1.3,0,none,10.0
1789892817.992511,Switch,8.13,0.0,59.47,0.0,-51.9,1.1,0.57,0.59,9.97,9.15,59.67,-51.7,-0.74,0.15,-0.9,0,none,10.0
1789892817.9951108,Switch,7.9,0.0,60.61,0.0,-51.8,3.8,0.69,0.5,15.19,8.81,59.95,-51.78,-1.69,1.41,-0.4,0,none,10.0
1789892817.9977326,Switch,8.66,0.0,60.48,0.0,-51.9,1.0,0.58,0.53,14.63,8.63,60.07,-51.86,-0.91,0.59,-0.4,0,none,10.0
1789892818.0003443,Switch,8.16,0.0,61.89,0.0,-51.6,2.8,0.37,0.47,16.5,8.35,60.59,-51.84,-1.37,2.58,0.1,0,none,10.0
1789892818.002988,Switch,7.84,0.0,61.95,0.0,-52.0,2.7,0.29,0.36,12.87,8.14,60.88,-51.84,-1.07,1.46,0.0,0,none,10.0
1789892818.0057008,Switch,7.9,0.0,60.47,0.0,-52.2,6.4,0.3,0.42,17.88,8.09,61.08,-51.9,-0.23,1.0,-0.3,0,none,10.0
1789892818.0083094,Switch,7.99,0.0,59.16,0.0,-52.3,8.8,0.29,0.41,23.51,8.11,60.79,-52.0,0.09,-1.45,-0.5,0,none,10.0
1789892818.0113006,Switch,8.45,0.0,59.92,0.0,-52.1,11.6,0.22,0.57,17.53,8.07,60.68,-52.04,-0.21,-0.56,-0.2,0,none,10.0
1789892818.013922,Switch,8.94,0.0,59.58,0.0,-51.7,7.7,0.42,0.43,22.83,8.22,60.22,-52.06,0.78,-2.31,-0.1,0,none,10.0
1789892818.01653,Switch,8.32,0.0,58.88,0.0,-51.4,11.7,0.37,0.62,25.57,8.32,59.6,-51.94,0.48,-3.07,0.6,0,none,10.0
1789892818.019155,Switch,7.86,0.0,58.72,0.0,-51.6,14.8,0.38,0.53,23.42,8.31,59.25,-51.82,-0.04,-1.75,0.6,0,none,10.0
1789892818.0217562,Switch,7.12,0.0,59.41,0.0,-51.8,13.7,0.62,0.68,23.91,8.14,59.3,-51.72,-0.87,0.25,0.5,0,none,10.0
1789892818.0244877,Switch,6.56,0.0,59.63,0.0,-52.0,16.3,0.85,0.55,22.94,7.76,59.24,-51.7,-1.89,-0.29,0.1,0,none,10.0
1789892818.0271628,Switch,6.69,0.0,60.5,0.0,-52.0,17.7,0.68,0.55,26.18,7.31,59.43,-51.76,-2.25,0.92,-0.3,0,none,10.0
1789892818.0299845,Switch,5.94,0.0,61.74,0.0,-52.0,21.6,0.64,0.6,29.44,6.83,60.0,-51.88,-2.38,2.86,-0.6,0,none,10.0
1789892818.0329373,Switch,6.25,0.0,62.48,0.0,-51.9,24.5,0.4,0.49,34.12,6.51,60.75,-51.94,-1.61,3.76,-0.3,0,none,10.0
1789892818.0359704,Switch,6.42,0.0,63.6,0.0,-51.5,21.3,0.26,0.53,36.46,6.37,61.59,-51.88,-0.7,4.19,0.3,0,none,10.0
1789892818.0390346,Switch,6.45,0.0,64.4,0.0,-51.2,17.8,0.25,0.68,35.6,6.35,62.54,-51.72,-0.11,4.77,0.8,0,none,10.0
1789892818.0416694,Switch,6.1,0.0,63.06,0.0,-51.5,18.6,0.19,0.7,31.13,6.23,63.06,-51.62,-0.59,2.56,0.5,0,none,10.0
1789892818.0440917,Switch,6.05,0.0,63.4,0.0,-51.9,17.0,0.16,0.63,34.82,6.25,63.39,-51.6,0.11,1.66,0.1,0,none,10.0
1789892818.0468004,Switch,5.34,0.0,63.3,0.0,-51.9,19.6,0.4,0.59,33.45,6.07,63.55,-51.6,-0.91,0.82,0.0,0,none,10.0
1789892818.049235,Switch,4.93,0.0,64.59,0.0,-51.9,18.5,0.55,0.7,30.24,5.77,63.75,-51.68,-1.49,0.99,-0.4,0,none,10.0
1789892818.0518537,Switch,4.83,0.0,63.99,0.0,-52.0,20.2,0.54,0.76,32.62,5.45,63.67,-51.84,-1.62,-0.41,-0.8,0,none,10.0
1789892818.0545974,Switch,4.06,0.0,63.98,0.0,-51.7,23.6,0.65,0.54,36.26,5.04,63.85,-51.88,-2.04,0.92,-0.2,0,none,10.0
1789892818.0571215,Switch,3.39,0.0,64.36,0.0,-51.3,20.0,0.69,0.49,35.16,4.51,64.04,-51.76,-2.66,0.96,0.6,0,none,10.0
1789892818.0599914,Switch,3.65,0.0,63.02,0.0,-51.0,18.6,0.62,0.58,40.41,4.17,63.99,-51.58,-1.69,-0.28,0.9,0,none,10.0
1789892818.0629766,Switch,4.23,0.0,63.58,0.0,-50.9,18.4,0.5,0.54,37.98,4.03,63.79,-51.38,-0.7,-1.01,1.0,0,none,10.0
1789892818.066043,Switch,4.02,0.0,64.9,0.0,-50.6,15.8,0.31,0.49,40.16,3.87,63.97,-51.1,-0.81,0.91,1.4,0,none,10.0
1789892818.068944,Switch,3.79,0.0,64.4,0.0,-51.0,16.2,0.29,0.35,35.88,3.82,64.05,-50.96,-0.27,0.42,0.7,0,none,10.0
1789892818.0716386,Switch,3.97,0.0,63.39,0.0,-51.3,14.2,0.2,0.35,34.93,3.93,63.86,-50.96,0.58,-0.97,0.0,0,none,10.0
1789892818.0743284,Switch,4.28,0.0,63.53,0.0,-51.3,13.8,0.18,0.32,36.21,4.06,63.96,-51.02,0.63,0.51,-0.3,0,none,10.0
1789892818.0768847,Switch,3.59,0.0,63.39,0.0,-51.7,14.3,0.23,0.58,30.67,3.93,63.92,-51.18,-0.64,-0.19,-0.8,0,none,10.0
1789892818.079516,Switch,4.23,0.0,62.34,0.0,-51.7,11.6,0.26,0.51,30.57,3.97,63.41,-51.4,0.21,-2.56,-1.1,0,none,10.0
1789892818.0828698,Switch,4.87,0.0,62.26,0.0,-51.7,14.9,0.42,0.43,34.46,4.19,62.98,-51.54,1.08,-2.14,-0.7,0,none,10.0
1789892818.0856495,Switch,5.32,0.0,63.35,0.0,-51.4,17.9,0.59,0.27,32.22,4.46,62.97,-51.56,1.35,-0.04,-0.1,0,none,10.0
1789892818.0882597,Switch,6.09,0.0,64.13,0.0,-51.4,16.8,0.86,0.37,35.27,4.82,63.09,-51.58,1.81,0.6,-0.1,0,none,10.0
1789892818.0910838,Switch,5.83,0.0,63.1,0.0,-51.7,15.8,0.67,0.43,36.63,5.27,63.04,-51.58,2.24,-0.29,0.0,0,none,10.0
1789892818.0935335,Switch,5.13,0.0,63.96,0.0,-51.7,16.7,0.45,0.52,36.3,5.45,63.36,-51.58,0.9,1.62,0.0,0,none,10.0
1789892818.096347,Switch,5.28,0.0,63.31,0.0,-51.5,13.9,0.36,0.67,41.1,5.53,63.57,-51.54,0.41,1.05,0.2,0,none,10.0
1789892818.0988944,Switch,6.0,0.0,64.5,0.0,-51.6,15.8,0.39,0.78,35.61,5.67,63.8,-51.58,0.68,1.15,-0.2,0,none,10.0
1789892818.1012702,Switch,6.11,0.0,65.41,0.0,-51.7,12.7,0.39,0.87,35.78,5.67,64.06,-51.64,0.02,1.28,-0.3,0,none,10.0
1789892818.1037905,Switch,5.73,0.0,65.6,0.0,-51.9,9.0,0.39,0.92,37.51,5.65,64.56,-51.68,-0.1,2.5,-0.2,0,none,10.0
1789892818.1066644,Switch,5.44,0.0,64.64,0.0,-51.7,7.3,0.32,0.83,41.26,5.71,64.69,-51.68,0.31,0.68,0.0,0,none,10.0
1789892818.109491,Switch,5.79,0.0,65.87,0.0,-51.4,9.6,0.23,0.74,39.49,5.81,65.2,-51.66,0.51,2.56,0.1,0,none,10.0
1789892818.1119664,Switch,6.25,0.0,66.54,0.0,-51.1,12.0,0.29,0.46,40.05,5.86,65.61,-51.56,0.25,2.04,0.5,0,none,10.0
1789892818.1149259,Switch,6.42,0.0,65.69,0.0,-50.9,14.1,0.36,0.51,45.65,5.93,65.67,-51.4,0.31,0.28,0.8,0,none,10.0
1789892818.1175468,Switch,6.53,0.0,65.94,0.0,-50.6,13.2,0.41,0.6,40.21,6.09,65.74,-51.14,0.8,0.34,1.3,0,none,10.0
1789892818.120187,Switch,5.95,0.0,66.29,0.0,-50.9,1.0,0.28,17.56,41.86,6.19,66.07,-50.98,0.51,1.65,0.8,1,nic_error_spike,0.0
1789892818.123029,Switch,9999.0,12.5,66.24,0.0,-50.9,1.0,0.28,33.32,37.76,2004.83,66.14,-50.88,9993.21,0.37,0.5,1,nic_error_spike,0.0
1789892818.1256597,Switch,9999.0,25.0,66.63,0.0,-50.5,1.0,0.28,36.19,41.17,4003.38,66.16,-50.76,9992.75,0.09,0.6,1,nic_error_spike,0.0
1789892818.1286545,Switch,6.46,25.0,65.45,0.0,-50.6,1.0,0.21,44.9,44.93,4003.39,66.11,-50.7,0.04,-0.24,0.3,1,nic_error_spike,0.0
1789892818.1311243,Switch,7.21,25.0,66.85,0.0,-50.7,1.0,0.4,48.42,42.22,4003.52,66.29,-50.72,0.68,0.91,-0.1,1,nic_error_spike,0.0
1789892818.133762,Switch,6.67,25.0,67.25,0.0,-51.1,1.0,0.4,40.49,41.65,4003.67,66.48,-50.76,0.72,0.96,-0.2,1,nic_error_spike,0.0
1789892818.1363838,Switch,6.37,25.0,67.92,0.0,-50.8,1.0,0.41,42.27,40.14,2005.14,66.82,-50.74,-9992.63,1.68,0.1,1,nic_error_spike,0.0
1789892818.1400752,Switch,9999.0,37.5,68.84,0.0,-50.9,1.0,0.41,39.2,35.55,2005.14,67.26,-50.82,0.0,2.21,-0.4,1,nic_error_spike,0.0
1789892818.14279,Switch,6.1,37.5,68.97,0.0,-50.6,1.0,0.37,40.25,40.26,2005.07,67.97,-50.82,-0.36,3.52,0.0,1,nic_error_spike,0.0
1789892818.1452386,Switch,6.69,25.0,68.04,0.0,-50.5,1.0,0.37,34.03,42.93,2004.97,68.2,-50.78,-0.52,1.19,0.2,1,nic_error_spike,0.0
1789892818.147877,Switch,7.0,12.5,67.36,0.0,-50.3,1.0,0.31,43.03,38.53,2005.03,68.23,-50.62,0.33,0.11,0.8,1,nic_error_spike,0.0
1789892818.150302,Switch,6.82,12.5,66.4,0.0,-50.1,1.0,0.32,40.64,39.8,2005.12,67.92,-50.48,0.45,-1.52,0.7,1,nic_error_spike,0.0
1789892818.1529062,Switch,6.69,12.5,67.47,0.0,-50.1,1.0,0.3,33.75,35.68,6.66,67.65,-50.32,-9992.31,-1.37,0.8,1,nic_error_spike,0.0
1789892818.1555667,Switch,6.55,12.5,67.61,0.0,-50.3,1.0,0.15,37.37,40.42,6.75,67.38,-50.26,0.45,-1.36,0.3,1,nic_error_spike,0.0
1789892818.1581833,Switch,6.91,12.5,66.3,0.0,-50.5,1.0,0.16,40.33,35.94,6.79,67.03,-50.26,0.22,-1.74,0.0,1,,0.0
1789892818.160795,Switch,6.37,0.0,67.61,0.0,-50.4,4.2,0.19,24.33,34.67,6.67,67.08,-50.28,-0.63,0.25,-0.1,1,none,0.83
1789892818.1641998,Switch,6.3,0.0,66.95,0.0,-50.3,5.1,0.22,14.65,36.89,6.56,67.19,-50.32,-0.52,0.55,-0.2,1,none,0.67
1789892818.1668146,Switch,6.74,0.0,68.05,0.0,-50.0,3.5,0.23,8.79,31.59,6.57,67.3,-50.3,0.05,0.58,0.1,1,none,0.5
1789892818.1694357,Switch,6.44,0.0,67.88,0.0,-50.0,3.5,0.23,5.62,37.38,6.55,67.36,-50.24,-0.11,0.27,0.3,1,none,0.33
1789892818.1720524,Switch,5.87,0.0,66.45,0.0,-49.7,1.0,0.28,3.66,33.49,6.34,67.39,-50.08,-1.04,0.15,0.8,1,none,0.2
1789892818.1745698,Switch,5.99,0.0,67.06,0.0,-49.3,1.0,0.31,2.47,35.7,6.27,67.28,-49.86,-0.38,-0.55,1.1,1,none,0.2
1789892818.1772525,Switch,5.74,0.0,68.53,0.0,-49.1,1.0,0.37,1.75,35.95,6.16,67.59,-49.62,-0.56,1.58,1.2,0,none,10.0
1789892818.1797886,Switch,6.52,0.0,67.27,0.0,-49.3,1.0,0.31,1.35,40.8,6.11,67.44,-49.48,-0.22,-0.78,0.7,0,none,10.0
1789892818.1821537,Switch,7.15,0.0,68.01,0.0,-49.3,3.0,0.52,0.81,39.97,6.25,67.46,-49.34,0.71,0.13,0.7,0,none,10.0
1789892818.184784,Switch,7.06,0.0,68.32,0.0,-49.1,1.0,0.56,0.81,40.35,6.49,67.84,-49.22,1.19,1.87,0.6,0,none,10.0
1789892818.187414,Switch,7.6,0.0,69.04,0.0,-49.0,1.0,0.64,0.88,37.56,6.81,68.23,-49.16,1.61,1.98,0.3,0,none,10.0
1789892818.1900156,Switch,7.18,0.0,68.72,0.0,-48.9,1.0,0.35,0.87,39.52,7.1,68.27,-49.12,1.44,0.19,0.2,0,none,10.0
1789892818.1926453,Switch,6.64,0.0,70.05,0.0,-48.6,1.0,0.31,0.61,37.33,7.13,68.83,-48.98,0.12,2.78,0.7,0,none,10.0
1789892818.1961703,Switch,6.93,0.0,69.75,0.0,-48.4,4.5,0.32,0.65,37.86,7.08,69.18,-48.8,-0.22,1.74,0.9,0,none,10.0
1789892818.1987748,Switch,7.08,0.0,69.88,0.0,-48.4,6.8,0.32,0.62,33.87,7.09,69.49,-48.66,0.02,1.56,0.7,0,none,10.0
1789892818.2014039,Switch,6.95,0.0,69.47,0.0,-48.5,3.5,0.18,0.68,31.58,6.96,69.57,-48.56,-0.65,0.43,0.5,0,none,10.0
1789892818.2041595,Switch,6.86,0.0,70.2,0.0,-48.1,6.4,0.15,0.69,31.22,6.89,69.87,-48.4,-0.32,1.48,0.8,0,none,10.0
1789892818.206782,Switch,7.08,0.0,69.11,0.0,-48.4,2.9,0.09,0.81,31.2,6.98,69.68,-48.36,0.44,-0.94,0.2,0,none,10.0
1789892818.209456,Switch,7.52,0.0,68.93,0.0,-48.7,3.1,0.23,0.74,29.44,7.1,69.52,-48.42,0.59,-0.82,-0.3,0,none,10.0
1789892818.2118344,Switch,7.83,0.0,69.09,0.0,-48.6,5.9,0.37,0.77,27.13,7.25,69.36,-48.46,0.75,-0.79,-0.2,0,none,10.0
1789892818.2145052,Switch,7.23,0.0,70.53,0.0,-48.5,6.9,0.34,0.61,26.32,7.3,69.57,-48.46,0.28,1.06,0.0,0,none,10.0
1789892818.2172232,Switch,6.75,0.0,70.71,0.0,-48.1,7.2,0.37,0.57,28.68,7.28,69.67,-48.46,-0.11,0.51,0.0,0,none,10.0
1789892818.219947,Switch,6.87,0.0,72.14,0.0,-48.1,8.1,0.4,0.38,25.85,7.24,70.28,-48.4,-0.21,3.03,0.3,0,none,10.0
1789892818.222882,Switch,6.92,0.0,73.61,0.0,-47.8,10.0,0.39,0.46,25.56,7.12,71.22,-48.22,-0.6,4.68,0.9,0,none,10.0
1789892818.2255678,Switch,7.35,0.0,73.69,0.0,-48.1,7.0,0.23,0.31,26.18,7.02,72.14,-48.12,-0.48,4.6,0.5,0,none,10.0
1789892818.228232,Switch,7.07,0.0,73.85,0.0,-47.9,10.0,0.21,0.41,29.76,6.99,72.8,-48.0,-0.16,3.32,0.6,0,none,10.0
1789892818.230908,Switch,7.4,0.0,72.89,0.0,-47.6,9.0,0.22,0.58,34.64,7.12,73.24,-47.9,0.65,2.18,0.5,0,none,10.0
1789892818.2337208,Switch,7.0,0.0,73.19,0.0,-47.7,10.1,0.19,0.66,32.21,7.15,73.45,-47.82,0.13,1.05,0.4,0,none,10.0
1789892818.23636,Switch,6.75,0.0,73.05,0.0,-47.9,7.9,0.24,0.75,31.74,7.11,73.33,-47.84,-0.17,-0.56,-0.1,0,none,10.0
1789892818.2389698,Switch,6.32,0.0,73.48,0.0,-48.1,9.9,0.36,0.74,35.98,6.91,73.29,-47.84,-1.03,-0.21,0.0,0,none,10.0
1789892818.2417483,Switch,7.02,0.0,73.5,0.0,-48.4,6.1,0.35,0.47,39.71,6.9,73.22,-47.94,-0.05,-0.35,-0.5,0,none,10.0
1789892818.2447455,Switch,6.5,0.0,73.09,0.0,-48.4,6.5,0.27,0.33,39.84,6.72,73.26,-48.1,-0.9,0.2,-0.8,0,none,10.0
1789892818.2474396,Switch,6.34,0.0,74.51,0.0,-48.4,5.1,0.27,0.48,41.22,6.59,73.53,-48.24,-0.66,1.32,-0.7,0,none,10.0
1789892818.2498355,Switch,6.14,0.0,74.55,0.0,-48.0,1.3,0.3,0.43,40.32,6.46,73.83,-48.26,-0.61,1.5,-0.1,0,none,10.0
1789892818.252402,Switch,6.56,0.0,75.28,0.0,-47.7,3.5,0.29,0.43,34.45,6.51,74.19,-48.18,0.24,1.8,0.4,0,none,10.0
1789892818.2551725,Switch,6.91,0.0,75.65,0.0,-47.8,7.1,0.26,0.44,34.22,6.49,74.62,-48.06,-0.11,2.15,0.6,0,none,10.0
1789892818.2577746,Switch,6.88,0.0,75.6,0.0,-48.2,10.8,0.3,0.63,37.38,6.57,75.12,-48.02,0.38,2.51,0.2,0,none,10.0
1789892818.2601342,Switch,6.83,0.0,75.21,0.0,-48.3,7.3,0.29,0.61,38.77,6.66,75.26,-48.0,0.49,0.7,0.1,0,none,10.0
1789892818.262659,Switch,6.72,0.0,73.99,0.0,-48.3,4.0,0.13,0.62,44.05,6.78,75.15,-48.06,0.58,-0.56,-0.3,0,none,10.0
1789892818.2652745,Switch,6.8,0.0,74.07,0.0,-48.1,6.6,0.07,0.65,44.18,6.83,74.9,-48.14,0.24,-1.21,-0.4,0,none,10.0
1789892818.267895,Switch,7.4,0.0,73.28,0.0,-48.5,10.5,0.24,0.73,49.3,6.93,74.43,-48.28,0.49,-2.37,-0.7,0,none,10.0
1789892818.270496,Switch,7.25,0.0,74.03,0.0,-48.6,10.9,0.27,0.45,50.72,7.0,74.12,-48.36,0.37,-1.57,-0.4,0,none,10.0
1789892818.2731576,Switch,6.72,0.0,73.75,0.0,-48.7,9.9,0.29,0.59,45.4,6.98,73.82,-48.44,-0.11,-1.46,-0.4,0,none,10.0
1789892818.2762873,Switch,6.38,0.0,72.4,0.0,-49.0,9.4,0.37,0.67,49.5,6.91,73.51,-48.58,-0.34,-1.59,-0.7,0,none,10.0
1789892818.2787328,Switch,5.84,0.0,73.66,0.0,-48.7,13.0,0.57,0.66,53.62,6.72,73.42,-48.7,-0.96,-0.41,-0.6,0,none,10.0
1789892818.281405,Switch,5.24,0.0,72.36,0.0,-48.9,10.9,0.69,0.55,57.64,6.29,73.24,-48.78,-2.16,-0.92,-0.4,0,none,10.0
1789892818.284022,Switch,5.91,0.0,73.14,0.0,-49.1,11.8,0.5,0.36,56.4,6.02,73.06,-48.88,-1.34,-0.89,-0.5,0,none,10.0
1789892818.2866452,Switch,5.59,0.0,74.42,0.0,-49.4,7.9,0.38,0.23,58.31,5.79,73.2,-49.02,-1.13,0.67,-0.7,0,none,10.0
1789892818.2892847,Switch,6.06,0.0,74.56,0.0,-49.1,5.3,0.29,0.26,59.55,5.73,73.63,-49.04,-0.32,2.16,-0.1,0,none,10.0
1789892818.2929733,Switch,6.41,0.0,74.22,0.0,-49.1,6.1,0.4,0.54,54.04,5.84,73.74,-49.12,0.57,0.56,-0.4,0,none,10.0
1789892818.2955186,Switch,6.68,0.0,75.23,0.0,-49.4,9.7,0.38,0.45,50.85,6.13,74.31,-49.22,1.44,2.87,-0.5,0,none,10.0
1789892818.2984169,Switch,6.61,0.0,76.06,0.0,-49.6,10.1,0.4,0.58,52.23,6.27,74.9,-49.32,0.7,2.92,-0.5,0,none,10.0
1789892818.3013427,Switch,5.82,0.0,76.85,0.0,-49.8,13.5,0.33,0.58,48.29,6.32,75.38,-49.4,0.23,2.43,-0.4,0,none,10.0
1789892818.3039818,Switch,6.31,0.0,75.52,0.0,-50.1,15.7,0.3,0.74,48.76,6.37,75.58,-49.6,0.25,0.96,-1.0,0,none,10.0
1789892818.306594,Switch,6.18,0.0,76.21,0.0,-49.9,11.9,0.31,0.75,48.18,6.32,75.97,-49.76,-0.23,1.99,-0.8,0,none,10.0
1789892818.309231,Switch,5.74,0.0,76.4,0.0,-49.5,1.0,0.32,15.57,46.53,6.13,76.21,-49.78,-0.94,1.17,-0.1,1,nic_error_spike,0.0
1789892818.3120036,Switch,9999.0,12.5,77.51,0.0,-49.9,1.0,0.32,25.49,40.59,2004.61,76.5,-49.84,9992.39,1.45,-0.3,1,nic_error_spike,0.0
1789892818.3145278,Switch,5.68,12.5,76.7,0.0,-49.5,1.0,0.25,36.06,41.74,2004.58,76.47,-49.78,-0.14,-0.15,0.3,1,nic_error_spike,0.0
1789892818.3174522,Switch,5.01,12.5,77.5,0.0,-49.2,1.0,0.46,41.55,41.08,2004.32,76.86,-49.6,-1.3,1.98,0.9,1,nic_error_spike,0.0
1789892818.320223,Switch,5.33,12.5,76.13,0.0,-48.9,1.0,0.39,41.87,46.66,2004.15,76.85,-49.4,-0.85,-0.08,1.0,1,nic_error_spike,0.0
1789892818.3230298,Switch,9999.0,25.0,76.67,0.0,-48.9,1.0,0.39,38.26,43.75,4002.8,76.9,-49.28,9993.26,0.27,0.6,1,nic_error_spike,0.0
1789892818.3256695,Switch,5.44,25.0,77.38,0.0,-48.7,1.0,0.26,33.59,44.83,2004.09,76.88,-49.04,-9993.56,-0.13,1.2,1,nic_error_spike,0.0
1789892818.3283057,Switch,4.81,25.0,76.58,0.0,-48.4,1.0,0.31,30.32,43.55,2003.92,76.85,-48.82,-0.87,-0.12,1.1,1,nic_error_spike,0.0
1789892818.330972,Switch,4.54,25.0,77.05,0.0,-48.8,1.0,0.33,27.85,43.64,2003.82,76.76,-48.74,-0.47,-0.45,0.4,1,nic_error_spike,0.0
1789892818.3335145,Switch,4.85,12.5,77.03,0.0,-48.7,1.0,0.34,25.56,45.84,2003.73,76.94,-48.7,-0.48,0.9,0.2,1,nic_error_spike,0.0
1789892818.3361104,Switch,4.65,12.5,76.82,0.0,-48.5,1.0,0.31,37.72,51.22,4.86,76.97,-48.62,-9994.35,0.15,0.4,1,nic_error_spike,0.0
1789892818.3387377,Switch,9999.0,25.0,75.36,0.0,-48.3,1.0,0.31,38.72,45.73,2003.57,76.57,-48.54,9993.56,-2.02,0.4,1,nic_error_spike,0.0
1789892818.341355,Switch,4.01,25.0,74.27,0.0,-48.7,1.0,0.3,35.15,41.55,2003.41,76.11,-48.6,-0.8,-2.31,-0.3,1,nic_error_spike,0.0
1789892818.3440604,Switch,9999.0,25.0,74.09,0.0,-48.8,1.0,0.3,40.63,41.53,4002.3,75.51,-48.6,9994.46,-2.96,0.0,1,nic_error_spike,0.0
1789892818.346486,Switch,5.05,25.0,75.51,0.0,-48.8,1.0,0.35,33.3,38.82,4002.34,75.21,-48.62,0.2,-1.52,-0.1,1,nic_error_spike,0.0
1789892818.3490136,Switch,5.31,25.0,75.45,0.0,-49.1,1.0,0.44,33.46,40.26,4002.47,74.94,-48.74,0.66,-1.37,-0.6,1,nic_error_spike,0.0
1789892818.3512743,Switch,9999.0,37.5,75.94,0.0,-49.1,1.0,0.44,37.85,41.34,4002.47,75.05,-48.9,0.0,0.58,-0.8,1,nic_error_spike,0.0
1789892818.3538003,Switch,5.03,37.5,76.65,0.0,-48.9,1.0,0.45,43.56,46.99,4002.68,75.53,-48.94,1.02,2.38,-0.2,1,,0.0
1789892818.3564997,Switch,5.75,37.5,76.66,0.0,-48.7,4.4,0.57,26.41,49.23,2004.03,76.04,-48.92,-9993.25,2.57,0.1,0,none,10.0
1789892818.3593204,Switch,5.23,25.0,76.63,0.0,-49.0,1.0,0.26,16.23,50.64,2004.06,76.27,-48.96,0.18,1.12,-0.2,0,none,10.0
1789892818.3619912,Switch,4.56,25.0,76.48,0.0,-49.2,1.0,0.39,9.93,54.98,2003.91,76.47,-48.98,-0.75,1.03,-0.1,0,none,10.0
1789892818.3652508,Switch,3.94,12.5,77.46,0.0,-49.2,4.5,0.61,6.15,56.64,4.9,76.78,-49.0,-9995.06,1.52,-0.1,0,none,10.0
1789892818.3681726,Switch,4.12,12.5,76.63,0.0,-49.3,2.4,0.68,3.75,50.73,4.72,76.77,-49.08,-0.91,-0.02,-0.4,0,none,10.0
1789892818.3711154,Switch,3.63,12.5,75.84,0.0,-49.6,1.0,0.56,2.59,46.11,4.3,76.61,-49.26,-2.12,-0.82,-0.9,0,none,10.0
1789892818.374163,Switch,4.03,0.0,76.78,0.0,-49.7,1.0,0.3,1.73,50.09,4.06,76.64,-49.4,-1.2,0.15,-0.7,0,none,10.0
1789892818.3771362,Switch,4.1,0.0,77.1,0.0,-50.1,1.0,0.18,12.91,45.68,3.96,76.76,-49.58,-0.46,0.62,-0.9,1,nic_error_spike,0.0
1789892818.3802702,Switch,4.2,0.0,78.12,0.0,-49.9,1.0,0.2,22.9,49.37,4.02,76.89,-49.72,0.26,0.66,-0.7,1,nic_error_spike,0.0
1789892818.3832157,Switch,4.2,0.0,77.54,0.0,-49.7,1.0,0.21,30.76,49.73,4.03,77.08,-49.8,0.08,0.91,-0.4,1,nic_error_spike,0.0
1789892818.3861508,Switch,9999.0,12.5,76.31,0.0,-49.6,1.0,0.21,35.19,49.41,2003.11,77.17,-49.8,9995.37,0.47,0.0,1,nic_error_spike,0.0
1789892818.3888526,Switch,4.42,12.5,77.23,0.0,-49.5,1.0,0.13,32.62,50.17,2003.18,77.26,-49.76,0.39,0.45,0.2,1,nic_error_spike,0.0
1789892818.391587,Switch,3.66,12.5,75.75,0.0,-49.1,1.0,0.25,28.98,55.37,2003.1,76.99,-49.56,-0.44,-1.35,1.0,1,nic_error_spike,0.0
1789892818.3945467,Switch,9999.0,25.0,76.64,0.0,-49.2,1.0,0.25,35.49,57.26,4002.06,76.69,-49.42,9994.8,-1.48,0.7,1,nic_error_spike,0.0
1789892818.396869,Switch,3.24,25.0,75.71,0.0,-49.4,1.0,0.43,35.46,52.14,4001.86,76.33,-49.36,-0.96,-1.83,0.3,1,nic_error_spike,0.0
1789892818.3996227,Switch,2.54,25.0,77.05,0.0,-49.3,1.0,0.68,37.04,54.8,2002.57,76.48,-49.3,-9996.46,0.74,0.3,1,nic_error_spike,0.0
1789892818.402155,Switch,2.54,25.0,76.12,0.0,-49.4,1.0,0.71,38.49,56.12,2002.2,76.25,-49.28,-1.88,-1.11,0.1,1,nic_error_spike,0.0
1789892818.404757,Switch,2.86,25.0,76.53,0.0,-49.3,1.0,0.43,39.91,52.94,2002.04,76.41,-49.32,-0.8,0.78,-0.2,1,nic_error_spike,0.0
1789892818.4077845,Switch,9999.0,25.0,75.72,0.0,-49.3,1.0,0.43,36.07,47.94,2002.04,76.23,-49.34,0.0,-0.92,-0.1,1,nic_error_spike,0.0
1789892818.410711,Switch,1.82,25.0,75.24,0.0,-49.1,1.0,0.47,40.4,53.66,2001.75,76.13,-49.28,-1.42,-0.47,0.3,1,nic_error_spike,0.0
1789892818.4129715,Switch,2.22,25.0,76.27,0.0,-49.0,1.0,0.35,42.99,54.67,2001.69,75.98,-49.22,-0.32,-0.78,0.3,1,nic_error_spike,0.0
1789892818.4156384,Switch,1.73,12.5,75.54,0.0,-48.6,1.0,0.43,37.93,58.29,2001.53,75.86,-49.06,-0.81,-0.58,0.8,1,nic_error_spike,0.0
1789892818.4183843,Switch,2.28,12.5,76.76,0.0,-48.8,1.0,0.4,34.63,57.94,2001.41,75.91,-48.96,-0.58,0.23,0.5,1,,0.0
1789892818.4209807,Switch,2.67,12.5,76.59,0.0,-48.6,2.7,0.34,20.99,55.13,2.14,76.08,-48.82,-9996.33,0.87,0.7,0,none,10.0
1789892818.4236305,Switch,3.38,12.5,76.49,0.0,-48.9,1.0,0.55,12.61,59.61,2.46,76.33,-48.78,1.56,1.25,0.2,0,none,10.0
1789892818.4263182,Switch,3.78,12.5,77.32,0.0,-48.8,1.8,0.74,7.7,57.53,2.77,76.54,-48.74,1.56,1.05,0.2,0,none,10.0
1789892818.4289591,Switch,3.24,0.0,78.72,0.0,-48.8,1.0,0.53,4.94,62.99,3.07,77.18,-48.78,1.51,3.18,-0.2,0,none,10.0
1789892818.4316425,Switch,2.76,0.0,77.74,0.0,-48.8,1.0,0.41,3.35,57.18,3.17,77.37,-48.78,0.48,0.98,0.0,0,none,10.0
1789892818.4342418,Switch,2.77,0.0,77.94,0.0,-49.0,2.2,0.39,2.24,54.01,3.19,77.64,-48.86,0.1,1.35,-0.4,0,none,10.0
1789892818.4368722,Switch,1.99,0.0,77.56,0.0,-48.7,5.9,0.59,1.5,52.98,2.91,77.86,-48.82,-1.39,1.07,0.2,0,none,10.0
1789892818.4395106,Switch,2.67,0.0,76.27,0.0,-48.7,6.6,0.4,1.07,57.07,2.69,77.65,-48.8,-1.11,-1.05,0.1,0,none,10.0
1789892818.4421194,Switch,2.09,0.0,75.61,0.0,-48.6,7.4,0.34,0.75,62.72,2.46,77.02,-48.76,-1.15,-3.11,0.2,0,none,10.0
1789892818.445259,Switch,1.44,0.0,75.29,0.0,-49.0,6.8,0.48,0.69,64.71,2.19,76.53,-48.8,-1.32,-2.45,-0.2,0,none,10.0
1789892818.447914,Switch,1.81,0.0,75.37,0.0,-48.6,9.0,0.4,0.61,59.78,2.0,76.02,-48.72,-0.96,-2.57,0.4,0,none,10.0
1789892818.4505627,Switch,2.59,0.0,75.48,0.0,-48.5,6.3,0.47,0.59,55.6,2.12,75.6,-48.68,0.6,-2.08,0.2,0,none,10.0
1789892818.4529588,Switch,2.78,0.0,74.35,0.0,-48.7,3.9,0.5,0.49,50.36,2.14,75.22,-48.68,0.11,-1.92,0.0,0,none,10.0
1789892818.455556,Switch,2.84,0.0,75.85,0.0,-48.9,1.0,0.57,0.66,49.38,2.29,75.27,-48.74,0.75,0.24,-0.3,0,none,10.0
1789892818.4581664,Switch,3.34,0.0,77.16,0.0,-49.0,2.4,0.5,0.72,47.68,2.67,75.64,-48.74,1.9,1.87,0.0,0,none,10.0
1789892818.461076,Switch,4.11,0.0,78.65,0.0,-48.8,4.8,0.55,0.53,48.14,3.13,76.3,-48.78,2.3,3.28,-0.2,0,none,10.0
1789892818.4634778,Switch,3.94,0.0,78.42,0.0,-48.6,5.6,0.54,0.42,49.6,3.4,76.89,-48.8,1.35,2.94,-0.1,0,none,10.0
1789892818.466064,Switch,4.39,0.0,79.1,0.0,-48.9,4.4,0.56,0.57,47.48,3.72,77.84,-48.84,1.61,4.75,-0.2,0,none,10.0
1789892818.468675,Switch,9999.0,12.5,79.51,0.0,-49.1,1.0,0.56,22.72,45.7,2002.96,78.57,-48.88,9996.16,3.66,-0.2,1,nic_error_spike,0.0
1789892818.471308,Switch,3.18,12.5,80.94,0.0,-49.4,1.0,0.46,34.61,43.88,2002.92,79.32,-48.96,-0.16,3.78,-0.4,1,nic_error_spike,0.0
1789892818.474059,Switch,3.13,12.5,79.82,0.0,-49.1,1.0,0.5,40.4,42.41,2002.73,79.56,-49.02,-0.98,1.17,-0.3,1,nic_error_spike,0.0
1789892818.4771185,Switch,2.86,12.5,78.46,0.0,-49.0,1.0,0.57,42.81,38.72,2002.51,79.57,-49.1,-1.08,0.04,-0.4,1,nic_error_spike,0.0
1789892818.4792604,Switch,2.95,12.5,78.47,0.0,-49.2,1.0,0.55,37.08,33.19,2002.22,79.44,-49.16,-1.44,-0.63,-0.3,1,nic_error_spike,0.0
1789892818.4814258,Switch,3.41,12.5,78.98,0.0,-49.2,1.0,0.19,39.75,35.31,3.11,79.33,-49.18,-9995.59,-0.53,-0.1,1,nic_error_spike,0.0
1789892818.4843721,Switch,3.67,12.5,79.37,0.0,-49.1,1.0,0.3,33.35,40.71,3.2,79.02,-49.12,0.49,-1.57,0.3,1,nic_error_spike,0.0
1789892818.4870017,Switch,3.74,12.5,80.13,0.0,-49.2,1.0,0.36,31.46,44.24,3.33,79.08,-49.14,0.61,0.31,-0.1,1,nic_error_spike,0.0
1789892818.4896379,Switch,3.32,0.0,81.38,0.0,-49.5,1.0,0.28,34.04,44.22,3.42,79.67,-49.24,0.46,2.92,-0.5,1,nic_error_spike,0.0
1789892818.4933019,Switch,4.07,0.0,81.48,0.0,-49.2,1.0,0.26,35.69,44.59,3.64,80.27,-49.24,1.12,3.01,0.0,1,nic_error_spike,0.0
1789892818.495695,Switch,9999.0,12.5,81.11,0.0,-49.5,1.0,0.26,40.64,39.88,2002.76,80.69,-49.3,9995.59,2.13,-0.3,1,nic_error_spike,0.0
1789892818.4983733,Switch,3.63,12.5,81.39,0.0,-49.9,1.0,0.24,34.3,42.19,2002.75,81.1,-49.46,-0.04,2.02,-0.8,1,,0.0
1789892818.5011144,Switch,3.3,12.5,80.93,0.0,-50.2,1.0,0.28,20.85,38.91,2002.66,81.26,-49.66,-0.44,0.8,-1.0,1,none,0.2
1789892818.5039127,Switch,3.38,12.5,81.21,0.0,-50.0,1.0,0.29,12.6,35.89,2002.68,81.22,-49.76,0.06,-0.17,-0.5,0,none,10.0
1789892818.5065548,Switch,3.02,12.5,82.64,0.0,-50.2,1.0,0.35,7.79,35.01,2002.47,81.46,-49.96,-1.05,1.16,-1.0,0,none,10.0
1789892818.5092006,Switch,3.81,12.5,81.73,0.0,-50.6,1.0,0.27,5.03,40.57,3.43,81.58,-50.18,-9995.19,0.62,-1.1,0,none,10.0
1789892818.5118492,Switch,3.15,12.5,81.84,0.0,-50.7,4.4,0.27,3.15,44.61,3.33,81.67,-50.34,-0.48,0.45,-0.8,0,none,10.0
1789892818.5144732,Switch,3.56,12.5,82.79,0.0,-50.6,8.1,0.28,2.02,48.13,3.38,82.04,-50.42,0.26,1.86,-0.4,0,none,10.0
1789892818.5173783,Switch,4.03,0.0,81.88,0.0,-50.3,8.4,0.38,1.24,43.93,3.51,82.18,-50.48,0.65,0.67,-0.3,0,none,10.0
1789892818.5200157,Switch,4.4,0.0,83.03,0.0,-50.1,11.1,0.42,1.05,49.38,3.79,82.25,-50.46,1.38,0.39,0.1,0,none,10.0
1789892818.5226429,Switch,4.83,0.0,81.87,0.0,-50.1,7.4,0.59,0.87,52.54,3.99,82.28,-50.36,1.02,0.14,0.5,0,none,10.0
1789892818.5254462,Switch,4.27,0.0,80.73,0.0,-50.5,4.4,0.42,0.54,49.73,4.22,82.06,-50.32,1.12,-1.11,0.2,0,none,10.0
1789892818.528068,Switch,4.02,0.0,81.77,0.0,-50.6,2.6,0.3,0.38,46.95,4.31,81.86,-50.32,0.46,-1.02,0.0,0,none,10.0
1789892818.5307243,Switch,3.33,0.0,80.58,0.0,-50.8,1.0,0.5,0.57,49.57,4.17,81.6,-50.42,-0.7,-1.3,-0.5,0,none,10.0
1789892818.5336754,Switch,4.06,0.0,79.52,0.0,-50.5,1.6,0.48,0.49,48.2,4.1,80.89,-50.5,-0.34,-3.51,-0.4,0,none,10.0
1789892818.5358882,Switch,4.07,0.0,80.81,0.0,-50.8,1.0,0.32,4.6,49.3,3.95,80.68,-50.64,-0.76,-1.06,-0.7,1,tx_rate_drop,0.0
1789892818.5381098,Switch,4.38,0.0,80.67,0.0,-50.6,1.0,0.35,11.02,52.31,3.97,80.67,-50.66,0.11,-0.06,-0.1,1,tx_rate_drop,0.0
1789892818.5403936,Switch,4.73,0.0,81.86,0.0,-51.0,1.0,0.46,11.67,47.3,4.11,80.69,-50.74,0.71,0.09,-0.4,1,tx_rate_drop,0.0
1789892818.5428843,Switch,4.64,0.0,81.67,0.0,-50.9,1.0,0.28,13.8,43.49,4.38,80.91,-50.76,1.31,1.09,-0.1,1,tx_rate_drop,0.0
1789892818.5453851,Switch,3.96,0.0,80.45,0.0,-50.9,1.0,0.3,13.88,44.21,4.36,81.09,-50.84,-0.1,0.93,-0.4,1,tx_rate_drop,0.0
1789892818.548071,Switch,4.71,0.0,81.08,0.0,-50.5,1.0,0.29,12.17,46.36,4.48,81.15,-50.78,0.64,0.27,0.3,1,tx_rate_drop,0.0
1789892818.550493,Switch,4.76,0.0,80.18,0.0,-50.6,1.0,0.3,9.61,44.79,4.56,81.05,-50.78,0.38,-0.49,0.0,1,tx_rate_drop,0.0
1789892818.5528944,Switch,4.01,0.0,78.83,0.0,-50.9,1.0,0.35,12.09,49.63,4.42,80.44,-50.76,-0.72,-3.03,0.1,1,tx_rate_drop,0.0
1789892818.5551567,Switch,4.19,0.0,80.15,0.0,-50.8,1.0,0.34,11.29,53.26,4.33,80.14,-50.74,-0.45,-1.52,0.1,1,tx_rate_drop,0.0
1789892818.5578184,Switch,4.69,0.0,80.44,0.0,-51.0,1.0,0.31,13.63,47.53,4.47,80.14,-50.76,0.73,-0.01,-0.1,1,tx_rate_drop,0.0
1789892818.5602014,Switch,4.69,0.0,79.46,0.0,-50.8,1.0,0.31,12.76,41.86,4.47,79.81,-50.82,-0.02,-1.62,-0.3,1,tx_rate_drop,0.0
1789892818.5626693,Switch,4.03,0.0,80.24,0.0,-50.9,1.0,0.31,12.81,44.65,4.32,79.82,-50.88,-0.73,0.06,-0.3,1,tx_rate_drop,0.0
1789892818.565708,Switch,3.92,0.0,81.25,0.0,-50.5,1.0,0.33,13.3,48.05,4.3,80.31,-50.8,-0.09,2.42,0.4,1,tx_rate_drop,0.0
1789892818.5685093,Switch,3.34,0.0,81.64,0.0,-50.6,1.0,0.51,14.31,44.82,4.13,80.61,-50.76,-0.85,1.49,0.2,1,tx_rate_drop,0.0
1789892818.57132,Switch,3.3,0.0,81.52,0.0,-50.5,1.0,0.51,13.16,50.6,3.86,80.82,-50.66,-1.39,1.08,0.5,1,tx_rate_drop,0.0
1789892818.5740209,Switch,3.5,0.0,80.09,0.0,-50.5,1.0,0.3,12.05,55.46,3.62,80.95,-50.6,-1.19,0.63,0.3,1,,0.0
1789892818.5767953,Switch,3.15,0.0,81.18,0.0,-50.8,1.0,0.26,7.34,56.86,3.44,81.14,-50.58,-0.88,0.94,0.1,1,none,0.2
1789892818.5793211,Switch,2.46,0.0,82.6,0.0,-51.0,1.8,0.36,4.44,55.16,3.15,81.41,-50.68,-1.46,1.35,-0.5,1,none,0.2
1789892818.5820189,Switch,3.23,0.0,82.21,0.0,-50.8,1.0,0.36,2.89,51.25,3.13,81.52,-50.72,-0.11,0.57,-0.2,0,none,10.0
1789892818.5848014,Switch,3.67,0.0,83.45,0.0,-50.9,1.0,0.42,2.06,55.24,3.2,81.91,-50.8,0.37,1.93,-0.4,0,none,10.0
1789892818.5876117,Switch,3.19,0.0,82.19,0.0,-50.5,1.0,0.39,1.4,55.96,3.14,82.33,-50.8,-0.31,2.1,0.0,0,none,10.0
1789892818.5900044,Switch,2.95,0.0,80.81,0.0,-50.7,1.0,0.4,0.94,58.63,3.1,82.25,-50.78,-0.2,-0.37,0.1,0,none,10.0
1789892818.5926332,Switch,3.53,0.0,80.41,0.0,-50.6,1.0,0.26,3.44,63.66,3.31,81.81,-50.7,1.07,-2.19,0.4,1,tx_rate_drop,0.0
1789892818.5953054,Switch,3.98,0.0,81.08,0.0,-50.9,1.0,0.36,6.38,67.55,3.46,81.59,-50.72,0.75,-1.13,-0.1,1,tx_rate_drop,0.0
1789892818.5976825,Switch,3.8,0.0,80.15,0.0,-51.0,1.0,0.38,8.41,65.21,3.49,80.93,-50.74,0.13,-3.3,-0.1,1,tx_rate_drop,0.0
1789892818.6002731,Switch,4.25,0.0,79.27,0.0,-51.3,1.0,0.44,13.12,62.85,3.7,80.34,-50.9,1.06,-2.92,-0.8,1,tx_rate_drop,0.0
1789892818.6030056,Switch,4.03,0.0,78.54,0.0,-51.6,1.0,0.24,10.15,61.28,3.92,79.89,-51.08,1.08,-2.27,-0.9,1,tx_rate_drop,0.0
1789892818.606078,Switch,4.4,0.0,78.33,0.0,-51.2,1.0,0.21,10.74,62.73,4.09,79.47,-51.2,0.87,-2.08,-0.6,1,tx_rate_drop,0.0
1789892818.6087518,Switch,4.54,0.0,78.21,0.0,-51.2,1.0,0.26,8.85,58.65,4.2,78.9,-51.26,0.56,-2.87,-0.3,1,tx_rate_drop,0.0
1789892818.611581,Switch,4.41,0.0,79.7,0.0,-51.6,1.0,0.17,10.57,52.85,4.33,78.81,-51.38,0.61,-0.45,-0.6,1,tx_rate_drop,0.0
1789892818.6142092,Switch,3.87,0.0,78.67,0.0,-51.5,1.0,0.25,8.69,48.83,4.25,78.69,-51.42,-0.38,-0.6,-0.2,1,tx_rate_drop,0.0
1789892818.6171894,Switch,4.09,0.0,77.96,0.0,-51.3,1.0,0.24,7.59,49.81,4.26,78.57,-51.36,0.06,-0.58,0.3,1,tx_rate_drop,0.0
1789892818.6198313,Switch,4.72,0.0,77.77,0.0,-51.6,1.0,0.31,11.89,54.8,4.33,78.46,-51.44,0.32,-0.56,-0.4,1,tx_rate_drop,0.0
1789892818.622658,Switch,4.85,0.0,78.01,0.0,-51.3,1.0,0.37,13.04,53.5,4.39,78.42,-51.46,0.31,-0.2,-0.1,1,tx_rate_drop,0.0
1789892818.6251228,Switch,4.71,0.0,78.9,0.0,-50.9,1.0,0.39,11.33,58.68,4.45,78.26,-51.32,0.3,-0.8,0.7,1,tx_rate_drop,0.0
1789892818.6277947,Switch,5.23,0.0,78.63,0.0,-51.1,1.0,0.37,12.51,53.59,4.72,78.25,-51.24,1.36,-0.04,0.4,1,,0.0
1789892818.6306005,Switch,4.69,0.0,77.83,0.0,-50.7,1.0,0.2,7.79,51.45,4.84,78.23,-51.12,0.6,-0.13,0.6,1,none,0.33
1789892818.633232,Switch,3.98,0.0,77.2,0.0,-50.9,1.0,0.4,4.73,55.13,4.69,78.11,-50.98,-0.74,-0.57,0.7,1,none,0.2
1789892818.6356425,Switch,4.1,0.0,77.18,0.0,-50.7,1.0,0.45,2.84,52.24,4.54,77.95,-50.86,-0.75,-0.83,0.6,1,none,0.2
1789892818.638173,Switch,4.82,0.0,76.15,0.0,-50.8,1.0,0.46,1.89,50.52,4.56,77.4,-50.84,0.11,-2.75,0.1,0,none,10.0
1789892818.6408348,Switch,5.29,0.0,74.79,0.0,-50.6,1.0,0.48,1.26,54.22,4.58,76.63,-50.74,0.06,-3.84,0.5,0,none,10.0
1789892818.643563,Switch,5.89,0.0,73.89,0.0,-50.9,4.9,0.72,0.98,60.05,4.82,75.84,-50.78,1.2,-3.94,-0.2,0,none,10.0
1789892818.6463456,Switch,6.6,0.0,72.72,0.0,-50.7,1.4,0.86,0.81,59.24,5.34,74.95,-50.74,2.62,-4.48,0.2,0,none,10.0
1789892818.6489363,Switch,6.44,0.0,73.56,0.0,-50.9,2.5,0.68,0.78,57.74,5.81,74.22,-50.78,2.34,-3.62,-0.2,0,none,10.0
1789892818.6515853,Switch,6.84,0.0,73.89,0.0,-51.1,2.3,0.56,0.61,61.52,6.21,73.77,-50.84,2.02,-2.26,-0.3,0,none,10.0
1789892818.654117,Switch,6.09,0.0,74.49,0.0,-50.8,6.0,0.34,0.54,61.28,6.37,73.71,-50.88,0.8,-0.3,-0.2,0,none,10.0
1789892818.6568663,Switch,5.5,0.0,75.82,0.0,-50.9,6.8,0.47,0.63,60.9,6.29,74.1,-50.88,-0.39,1.93,0.0,0,none,10.0
1789892818.659292,Switch,6.23,0.0,77.02,0.0,-50.5,6.1,0.44,0.57,55.92,6.22,74.96,-50.84,-0.37,4.3,0.2,0,none,10.0
1789892818.6621225,Switch,6.6,0.0,77.38,0.0,-50.7,3.8,0.46,0.49,59.15,6.25,75.72,-50.8,0.16,3.82,0.2,0,none,10.0
1789892818.6649165,Switch,7.25,0.0,77.29,0.0,-50.6,1.4,0.58,0.68,62.78,6.33,76.4,-50.7,0.41,3.4,0.5,0,none,10.0
1789892818.667544,Switch,7.8,0.0,75.84,0.0,-50.7,2.9,0.8,0.48,60.05,6.68,76.67,-50.68,1.71,1.35,0.1,0,none,10.0
1789892818.6701615,Switch,8.44,0.0,77.27,0.0,-50.6,1.0,0.8,7.73,61.82,7.26,76.96,-50.62,2.94,1.45,0.3,1,tx_rate_drop,0.0
1789892818.6728137,Switch,8.2,0.0,76.9,0.0,-50.8,1.0,0.67,9.43,57.5,7.66,76.94,-50.68,1.97,-0.12,-0.3,1,tx_rate_drop,0.0
1789892818.6754699,Switch,7.68,0.0,77.58,0.0,-50.9,1.0,0.41,11.27,57.6,7.87,76.98,-50.72,1.08,0.2,-0.2,1,tx_rate_drop,0.0
1789892818.6783478,Switch,7.58,0.0,78.37,0.0,-50.6,1.0,0.33,10.53,59.76,7.94,77.19,-50.72,0.33,1.08,0.0,1,tx_rate_drop,0.0
1789892818.6809893,Switch,7.9,0.0,77.99,0.0,-50.7,1.0,0.32,12.6,54.97,7.96,77.62,-50.72,0.1,2.15,0.0,1,tx_rate_drop,0.0
1789892818.683802,Switch,7.91,0.0,76.65,0.0,-50.4,1.0,0.21,10.34,52.81,7.85,77.5,-50.68,-0.53,-0.62,0.2,1,tx_rate_drop,0.0
1789892818.6864362,Switch,8.4,0.0,77.69,0.0,-50.6,1.0,0.28,10.51,54.5,7.89,77.66,-50.64,0.2,0.79,0.2,1,tx_rate_drop,0.0
1789892818.689063,Switch,7.97,0.0,76.27,0.0,-50.6,1.0,0.26,11.95,56.04,7.95,77.39,-50.58,0.29,-1.31,0.3,1,tx_rate_drop,0.0
1789892818.691816,Switch,7.9,0.0,76.06,0.0,-50.4,1.0,0.2,14.44,58.81,8.02,76.93,-50.54,0.32,-2.31,0.2,1,tx_rate_drop,0.0
1789892818.6948154,Switch,7.71,0.0,77.06,0.0,-50.3,1.0,0.23,14.88,53.81,7.98,76.75,-50.46,-0.19,-0.93,0.4,1,tx_rate_drop,0.0
1789892818.6974566,Switch,7.93,0.0,78.27,0.0,-50.2,1.0,0.23,11.28,59.14,7.98,77.07,-50.42,0.02,1.62,0.2,1,,0.0
1789892818.7000785,Switch,7.57,0.0,78.87,0.0,-50.2,2.1,0.15,7.08,60.41,7.82,77.31,-50.34,-0.83,1.18,0.4,1,none,1.0
1789892818.7028406,Switch,6.83,0.0,78.3,0.0,-50.1,1.0,0.4,4.58,57.51,7.59,77.71,-50.24,-1.14,2.03,0.5,1,none,0.83
1789892818.705466,Switch,6.39,0.0,77.36,0.0,-50.1,1.0,0.58,3.06,57.0,7.29,77.97,-50.18,-1.51,1.3,0.3,1,none,0.67
1789892818.7080853,Switch,5.94,0.0,76.53,0.0,-50.2,3.6,0.73,1.84,55.32,6.93,77.87,-50.16,-1.77,-0.53,0.1,1,none,0.5
1789892818.7110624,Switch,5.23,0.0,75.49,0.0,-49.8,5.7,0.79,1.36,58.85,6.39,77.31,-50.08,-2.7,-2.78,0.4,1,none,0.33
1789892818.713702,Switch,5.26,0.0,74.07,0.0,-50.2,5.6,0.63,1.19,58.86,5.93,76.35,-50.08,-2.31,-4.8,0.0,1,none,0.2
1789892818.7163365,Switch,5.89,0.0,75.02,0.0,-49.9,6.5,0.44,0.74,58.39,5.74,75.69,-50.04,-0.94,-3.28,0.2,1,none,0.2
1789892818.7189622,Switch,6.57,0.0,74.76,0.0,-50.1,6.8,0.5,0.81,54.49,5.78,75.17,-50.04,0.18,-2.6,0.0,0,none,10.0
1789892818.7216072,Switch,6.84,0.0,74.26,0.0,-49.9,9.6,0.66,0.75,49.55,5.96,74.72,-49.98,0.9,-2.27,0.3,0,none,10.0
1789892818.7242212,Switch,7.18,0.0,73.24,0.0,-49.5,12.0,0.69,0.59,53.31,6.35,74.27,-49.92,1.95,-2.25,0.3,0,none,10.0
1789892818.7272499,Switch,7.23,0.0,72.0,0.0,-49.4,14.4,0.49,0.57,55.97,6.74,73.86,-49.76,1.97,-2.07,0.8,0,none,10.0
1789892818.7296574,Switch,7.88,0.0,72.59,0.0,-49.5,18.1,0.44,0.71,57.89,7.14,73.37,-49.68,1.99,-2.43,0.4,0,none,10.0
1789892818.7322462,Switch,8.05,0.0,74.01,0.0,-49.5,16.5,0.46,0.78,61.95,7.44,73.22,-49.56,1.48,-0.75,0.6,0,none,10.0
1789892818.7348619,Switch,7.68,0.0,73.71,0.0,-49.2,13.7,0.35,0.61,64.31,7.6,73.11,-49.42,0.84,-0.55,0.7,0,none,10.0
1789892818.7378953,Switch,7.03,0.0,73.64,0.0,-49.2,10.1,0.39,0.49,62.8,7.57,73.19,-49.36,-0.15,0.4,0.3,0,none,10.0
1789892818.7409337,Switch,6.7,0.0,75.03,0.0,-49.3,9.7,0.52,0.35,67.48,7.47,73.8,-49.34,-0.53,3.03,0.1,0,none,10.0
1789892818.743951,Switch,7.2,0.0,75.85,0.0,-49.0,12.2,0.48,0.4,65.22,7.33,74.45,-49.24,-0.68,3.26,0.5,0,none,10.0
1789892818.7463694,Switch,7.03,0.0,74.82,0.0,-49.0,14.2,0.32,0.36,60.95,7.13,74.61,-49.14,-1.02,0.81,0.5,0,none,10.0
1789892818.7489498,Switch,6.29,0.0,75.46,0.0,-48.6,11.8,0.32,0.34,60.34,6.85,74.96,-49.02,-1.39,1.75,0.6,0,none,10.0
1789892818.7517748,Switch,5.56,0.0,74.32,0.0,-48.7,14.8,0.59,0.44,61.33,6.56,75.1,-48.92,-1.47,0.68,0.5,0,none,10.0
1789892818.754397,Switch,6.19,0.0,75.52,0.0,-48.5,12.3,0.6,0.58,57.46,6.45,75.19,-48.76,-0.51,0.49,0.8,0,none,10.0
1789892818.7567744,Switch,6.6,0.0,74.55,0.0,-48.2,10.5,0.48,0.6,59.57,6.33,74.93,-48.6,-0.6,-1.3,0.8,0,none,10.0
1789892818.760277,Switch,6.91,0.0,75.12,0.0,-48.6,11.1,0.45,0.41,56.63,6.31,74.99,-48.52,-0.12,0.3,0.4,0,none,10.0
1789892818.7626863,Switch,6.51,0.0,74.88,0.0,-48.3,12.1,0.46,0.59,52.47,6.35,74.88,-48.46,0.22,-0.58,0.3,0,none,10.0
1789892818.7653039,Switch,7.25,0.0,74.22,0.0,-48.2,9.1,0.36,0.37,47.76,6.69,74.86,-48.36,1.69,-0.1,0.5,0,none,10.0
1789892818.7680395,Switch,7.58,0.0,73.64,0.0,-48.1,8.1,0.4,0.61,43.36,6.97,74.48,-48.28,1.39,-1.88,0.4,0,none,10.0
1789892818.7706597,Switch,7.8,0.0,72.66,0.0,-48.0,9.2,0.46,0.65,45.36,7.21,74.1,-48.24,1.2,-1.89,0.2,0,none,10.0
1789892818.7735674,Switch,8.57,0.0,72.64,0.0,-48.3,6.6,0.67,0.62,48.72,7.54,73.61,-48.18,1.66,-2.48,0.3,0,none,10.0
1789892818.7763708,Switch,9.07,0.0,71.23,0.0,-47.9,4.6,0.67,0.41,51.27,8.05,72.88,-48.1,2.56,-3.65,0.4,0,none,10.0
1789892818.7788224,Switch,8.3,0.0,70.2,0.0,-48.2,1.0,0.54,5.4,51.71,8.26,72.07,-48.1,1.05,-4.02,0.0,1,tx_rate_drop,0.0
1789892818.7815483,Switch,9.05,0.0,70.56,0.0,-48.3,1.0,0.48,5.95,48.61,8.56,71.46,-48.14,1.47,-3.08,-0.2,1,tx_rate_drop,0.0
1789892818.7841966,Switch,9.82,0.0,71.45,0.0,-48.0,1.0,0.52,9.23,46.22,8.96,71.22,-48.14,2.02,-1.21,0.0,1,tx_rate_drop,0.0
1789892818.7866683,Switch,9.69,0.0,71.28,0.0,-47.7,1.0,0.54,11.6,52.03,9.19,70.94,-48.02,1.12,-1.36,0.6,1,tx_rate_drop,0.0
1789892818.7893772,Switch,9.16,0.0,70.62,0.0,-47.5,1.0,0.54,9.69,55.31,9.2,70.82,-47.94,0.09,-0.61,0.4,1,tx_rate_drop,0.0
1789892818.791868,Switch,9.66,0.0,70.65,0.0,-47.8,1.0,0.31,10.7,53.94,9.48,70.91,-47.86,1.36,0.45,0.4,1,tx_rate_drop,0.0
1789892818.7945356,Switch,8.88,0.0,70.57,0.0,-47.9,1.0,0.36,13.34,49.91,9.44,70.91,-47.78,-0.17,0.01,0.4,1,tx_rate_drop,0.0
1789892818.796937,Switch,9.41,0.0,70.98,0.0,-47.8,1.0,0.31,11.23,49.67,9.36,70.82,-47.74,-0.41,-0.47,0.2,1,tx_rate_drop,0.0
1789892818.7995737,Switch,9.32,0.0,69.83,0.0,-47.7,1.0,0.26,9.04,52.37,9.29,70.53,-47.74,-0.37,-1.45,0.0,1,tx_rate_drop,0.0
1789892818.802199,Switch,9.1,0.0,69.52,0.0,-48.0,1.0,0.27,9.38,49.98,9.27,70.31,-47.84,-0.06,-1.1,-0.5,1,tx_rate_drop,0.0
1789892818.804731,Switch,8.49,0.0,70.42,0.0,-48.0,1.0,0.33,10.85,47.86,9.04,70.26,-47.88,-1.17,-0.23,-0.2,1,tx_rate_drop,0.0
1789892818.8071303,Switch,7.73,0.0,71.43,0.0,-48.0,1.0,0.63,10.91,49.67,8.81,70.44,-47.9,-1.15,0.86,-0.1,1,tx_rate_drop,0.0
1789892818.809404,Switch,8.21,0.0,70.04,0.0,-47.6,1.0,0.58,10.76,50.41,8.57,70.25,-47.86,-1.2,-0.94,0.2,1,tx_rate_drop,0.0
1789892818.8116786,Switch,8.88,0.0,70.82,0.0,-47.6,1.0,0.49,14.13,55.84,8.48,70.45,-47.84,-0.44,0.99,0.1,1,tx_rate_drop,0.0
1789892818.8139446,Switch,9.5,0.0,69.91,0.0,-47.4,1.0,0.6,12.79,60.27,8.56,70.52,-47.72,0.4,0.39,0.6,1,tx_rate_drop,0.0
1789892818.8162358,Switch,8.74,0.0,70.14,0.0,-47.7,1.0,0.6,12.05,59.56,8.61,70.47,-47.66,0.25,-0.28,0.3,1,,0.0
1789892818.8185513,Switch,9.41,0.0,69.27,0.0,-47.4,2.3,0.47,7.59,63.4,8.95,70.04,-47.54,1.68,-2.16,0.6,0,none,10.0
1789892818.8208714,Switch,9.87,0.0,68.16,0.0,-47.7,1.3,0.42,4.66,62.59,9.28,69.66,-47.56,1.66,-1.88,-0.1,0,none,10.0
1789892818.8236897,Switch,10.57,0.0,67.46,0.0,-47.8,1.0,0.6,2.87,68.32,9.62,68.99,-47.6,1.69,-3.36,-0.2,0,none,10.0
1789892818.8262935,Switch,10.3,0.0,68.84,0.0,-47.8,3.8,0.65,1.78,72.25,9.78,68.77,-47.68,0.8,-1.07,-0.4,0,none,10.0
1789892818.8288374,Switch,9.58,0.0,67.49,0.0,-48.2,2.8,0.43,1.16,77.38,9.95,68.24,-47.78,0.84,-2.65,-0.5,0,none,10.0
1789892818.8312414,Switch,8.93,0.0,67.37,0.0,-48.4,6.2,0.57,0.97,75.23,9.85,67.86,-47.98,-0.48,-1.9,-1.0,0,none,10.0
1789892818.8339334,Switch,9.25,0.0,67.33,0.0,-48.2,3.7,0.62,0.84,74.75,9.73,67.7,-48.08,-0.62,-0.83,-0.5,0,none,10.0
1789892818.8365362,Switch,9.42,0.0,67.19,0.0,-47.9,4.2,0.45,0.52,74.6,9.5,67.64,-48.1,-1.15,-0.27,-0.1,0,none,10.0
1789892818.8391201,Switch,9.99,0.0,66.6,0.0,-47.8,5.2,0.35,0.54,70.4,9.43,67.2,-48.1,-0.31,-2.24,0.0,0,none,10.0
1789892818.8415406,Switch,10.26,0.0,67.15,0.0,-47.6,3.3,0.49,0.35,70.8,9.57,67.13,-47.98,0.68,-0.34,0.6,0,none,10.0
1789892818.8444412,Switch,9.63,0.0,67.86,0.0,-47.7,7.1,0.37,0.38,73.79,9.71,67.23,-47.84,0.7,0.49,0.7,0,none,10.0
1789892818.8471022,Switch,9.66,0.0,66.53,0.0,-48.1,5.3,0.3,0.54,76.12,9.79,67.07,-47.82,0.41,-0.8,0.1,0,none,10.0
1789892818.849745,Switch,9.95,0.0,66.02,0.0,-47.8,2.2,0.23,0.55,72.55,9.9,66.83,-47.8,0.53,-1.17,0.1,0,none,10.0
1789892818.8524852,Switch,10.36,0.0,67.1,0.0,-47.6,1.0,0.3,0.43,74.78,9.97,66.93,-47.76,0.37,0.5,0.2,0,none,10.0
1789892818.856026,Switch,11.04,0.0,67.86,0.0,-47.4,1.0,0.53,0.32,70.81,10.13,67.07,-47.72,0.78,0.71,0.2,0,none,10.0
1789892818.8583722,Switch,10.91,0.0,67.18,0.0,-47.0,1.3,0.53,0.23,73.39,10.38,66.94,-47.58,1.28,-0.68,0.7,0,none,10.0
1789892818.8609717,Switch,11.46,0.0,68.05,0.0,-46.9,1.0,0.53,0.21,69.49,10.74,67.24,-47.34,1.8,1.52,1.2,0,none,10.0
1789892818.8638039,Switch,11.22,0.0,68.48,0.0,-46.6,1.0,0.37,0.16,67.8,11.0,67.73,-47.1,1.27,2.46,1.2,0,none,10.0
1789892818.8664188,Switch,11.28,0.0,68.29,0.0,-46.4,1.0,0.19,0.27,62.56,11.18,67.97,-46.86,0.92,1.19,1.2,0,none,10.0
1789892818.8689427,Switch,10.76,0.0,68.59,0.0,-46.5,1.3,0.26,0.2,67.35,11.13,68.12,-46.68,-0.28,0.73,0.9,0,none,10.0
1789892818.8714745,Switch,11.39,0.0,69.09,0.0,-46.9,1.0,0.25,0.44,68.79,11.22,68.5,-46.66,0.48,1.91,0.1,0,none,10.0
1789892818.8737223,Switch,11.13,0.0,70.46,0.0,-47.2,1.0,0.22,0.54,62.96,11.16,68.98,-46.72,-0.33,2.41,-0.3,0,none,10.0
1789892818.876361,Switch,11.03,0.0,70.42,0.0,-47.4,3.0,0.22,0.61,60.47,11.12,69.37,-46.88,-0.19,1.94,-0.8,0,none,10.0
1789892818.8789928,Switch,10.51,0.0,70.41,0.0,-47.1,6.2,0.31,0.63,63.61,10.96,69.79,-47.02,-0.77,2.12,-0.7,0,none,10.0
1789892818.881387,Switch,11.19,0.0,69.68,0.0,-47.0,5.4,0.3,0.58,63.78,11.05,70.01,-47.12,0.43,1.09,-0.5,0,none,10.0
1789892818.8839936,Switch,11.32,0.0,69.58,0.0,-46.8,6.0,0.28,0.48,69.14,11.04,70.11,-47.1,-0.07,0.49,0.1,0,none,10.0
1789892818.886982,Switch,11.0,0.0,70.46,0.0,-46.4,6.7,0.28,0.61,73.69,11.01,70.11,-46.94,-0.13,0.0,0.8,0,none,10.0
1789892818.8895006,Switch,10.73,0.0,69.09,0.0,-46.2,9.4,0.3,0.57,69.46,10.95,69.84,-46.7,-0.3,-1.33,1.2,0,none,10.0
1789892818.8917532,Switch,10.47,0.0,67.76,0.0,-46.0,13.3,0.31,0.53,73.44,10.94,69.31,-46.48,-0.04,-2.65,1.1,0,none,10.0
1789892818.893974,Switch,10.82,0.0,66.97,0.0,-46.1,15.7,0.28,0.69,67.48,10.87,68.77,-46.3,-0.37,-2.71,0.9,0,none,10.0
1789892818.8965876,Switch,11.53,0.0,66.98,0.0,-45.8,19.3,0.35,0.65,71.14,10.91,68.25,-46.1,0.21,-2.6,1.0,0,none,10.0
1789892818.8992755,Switch,11.38,0.0,68.3,0.0,-45.6,19.1,0.4,0.63,67.24,10.99,67.82,-45.94,0.38,-2.16,0.8,0,none,10.0
1789892818.9016016,Switch,10.66,0.0,66.87,0.0,-45.4,20.5,0.41,0.47,68.24,10.97,67.38,-45.78,-0.07,-2.22,0.8,0,none,10.0
1789892818.9042065,Switch,11.21,0.0,68.13,0.0,-45.7,20.4,0.33,0.61,73.11,11.12,67.45,-45.72,0.74,0.37,0.3,0,none,10.0
1789892818.9068606,Switch,11.91,0.0,67.66,0.0,-45.6,22.9,0.41,0.76,78.22,11.34,67.59,-45.62,1.09,0.69,0.5,0,none,10.0
1789892818.9093668,Switch,12.09,0.0,66.46,0.0,-45.8,23.8,0.51,0.72,72.44,11.45,67.48,-45.62,0.56,-0.52,0.0,0,none,10.0
1789892818.9119287,Switch,11.97,0.0,67.73,0.0,-45.6,20.5,0.55,0.52,72.12,11.57,67.37,-45.62,0.59,-0.57,0.0,0,none,10.0
1789892818.9140992,Switch,11.79,0.0,67.19,0.0,-45.6,20.8,0.31,0.56,66.64,11.79,67.43,-45.66,1.13,0.32,-0.2,0,none,10.0
1789892818.9162319,Switch,11.88,0.0,66.32,0.0,-45.3,21.3,0.1,0.72,70.68,11.93,67.07,-45.58,0.67,-1.81,0.4,0,none,10.0
1789892818.9189265,Switch,12.01,0.0,66.33,0.0,-45.1,1.0,0.1,6.45,73.55,11.95,66.81,-45.48,0.1,-1.33,0.5,1,tx_rate_drop,0.0
1789892818.9215803,Switch,12.29,0.0,67.45,0.0,-45.2,1.0,0.17,6.84,75.3,11.99,67.0,-45.36,0.2,0.99,0.6,1,tx_rate_drop,0.0
1789892818.9242525,Switch,13.0,0.0,66.75,0.0,-45.6,1.0,0.44,9.48,72.35,12.19,66.81,-45.36,1.03,-0.98,0.0,1,tx_rate_drop,0.0
1789892818.926544,Switch,12.73,0.0,67.14,0.0,-45.5,1.0,0.42,7.98,71.43,12.38,66.8,-45.34,0.94,-0.05,0.1,1,tx_rate_drop,0.0
1789892818.9291022,Switch,11.94,0.0,66.12,0.0,-45.5,1.0,0.41,11.6,72.48,12.39,66.76,-45.38,0.06,-0.2,-0.2,1,tx_rate_drop,0.0
1789892818.9315808,Switch,11.23,0.0,67.3,0.0,-45.3,1.0,0.62,14.8,72.97,12.24,66.95,-45.42,-0.78,0.97,-0.2,1,tx_rate_drop,0.0
1789892818.9342332,Switch,10.82,0.0,68.71,0.0,-45.5,1.0,0.84,13.04,78.57,11.94,67.2,-45.48,-1.47,1.26,-0.3,1,tx_rate_drop,0.0
1789892818.9368834,Switch,10.56,0.0,68.89,0.0,-45.9,1.0,0.79,13.82,83.06,11.46,67.63,-45.54,-2.44,2.14,-0.3,1,tx_rate_drop,0.0
1789892818.9395695,Switch,10.57,0.0,68.11,0.0,-45.9,1.0,0.52,12.39,87.37,11.02,67.83,-45.62,-2.16,0.97,-0.4,1,tx_rate_drop,0.0
1789892818.942226,Switch,10.93,0.0,68.9,0.0,-46.0,1.0,0.25,11.16,89.69,10.82,68.38,-45.72,-1.01,2.78,-0.5,1,tx_rate_drop,0.0
1789892818.9447935,Switch,10.88,0.0,69.77,0.0,-45.8,1.0,0.15,11.32,84.27,10.75,68.88,-45.82,-0.35,2.47,-0.5,1,tx_rate_drop,0.0
1789892818.947402,Switch,10.86,0.0,70.17,0.0,-45.6,1.0,0.16,13.43,78.49,10.76,69.17,-45.84,0.04,1.46,-0.1,1,tx_rate_drop,0.0
1789892818.9499285,Switch,10.73,0.0,70.32,0.0,-45.8,1.0,0.13,11.62,73.92,10.79,69.45,-45.82,0.17,1.43,0.1,1,tx_rate_drop,0.0
1789892818.9526138,Switch,10.81,0.0,69.49,0.0,-45.4,1.0,0.07,13.39,68.88,10.84,69.73,-45.72,0.24,1.38,0.5,1,tx_rate_drop,0.0
1789892818.955264,Switch,10.4,0.0,68.81,0.0,-45.6,1.0,0.18,14.75,73.45,10.74,69.71,-45.64,-0.53,-0.09,0.4,1,,0.0
1789892818.957974,Switch,11.18,0.0,67.73,0.0,-45.6,1.8,0.25,9.01,70.15,10.8,69.3,-45.6,0.3,-2.04,0.2,1,none,0.5
1789892818.9607081,Switch,11.57,0.0,66.6,0.0,-45.6,2.4,0.4,5.53,68.47,10.94,68.59,-45.6,0.71,-3.57,0.0,1,none,0.33
1789892818.9631007,Switch,11.76,0.0,65.82,0.0,-45.4,1.1,0.5,3.63,69.98,11.14,67.69,-45.52,1.03,-4.5,0.4,1,none,0.2
1789892818.9654973,Switch,11.92,0.0,66.96,0.0,-45.0,2.7,0.54,2.21,68.39,11.37,67.18,-45.44,1.11,-2.53,0.4,1,none,0.2
1789892818.967748,Switch,11.64,0.0,67.39,0.0,-44.8,2.2,0.25,1.44,70.37,11.61,66.9,-45.28,1.24,-1.42,0.8,0,none,10.0
1789892818.97002,Switch,11.09,0.0,66.28,0.0,-44.8,1.0,0.28,1.26,72.31,11.6,66.61,-45.12,-0.09,-1.45,0.8,0,none,10.0
1789892818.972586,Switch,11.43,0.0,65.8,0.0,-44.4,2.9,0.29,1.08,71.07,11.57,66.45,-44.88,-0.14,-0.8,1.2,0,none,10.0
1789892818.9751017,Switch,10.64,0.0,65.68,0.0,-44.2,4.7,0.45,0.76,70.26,11.34,66.42,-44.64,-1.12,-0.14,1.2,0,none,10.0
1789892818.9779675,Switch,10.58,0.0,65.17,0.0,-44.4,5.0,0.42,0.66,75.56,11.08,66.06,-44.52,-1.34,-1.79,0.6,0,none,10.0
1789892818.9804018,Switch,10.58,0.0,65.54,0.0,-44.6,4.0,0.34,0.47,71.51,10.86,65.69,-44.48,-1.06,-1.85,0.2,0,none,10.0
1789892818.98303,Switch,11.37,0.0,65.65,0.0,-44.8,5.7,0.39,0.52,68.71,10.92,65.57,-44.48,0.28,-0.63,0.0,0,none,10.0
1789892818.9854136,Switch,10.98,0.0,64.3,0.0,-45.0,8.0,0.31,0.69,65.75,10.83,65.27,-44.6,-0.45,-1.5,-0.6,0,none,10.0
1789892818.9879196,Switch,11.72,0.0,64.3,0.0,-45.2,5.4,0.45,0.66,69.41,11.05,64.99,-44.8,1.08,-1.38,-1.0,0,none,10.0
1789892818.990519,Switch,11.99,0.0,64.93,0.0,-44.9,5.6,0.5,0.7,74.23,11.33,64.94,-44.9,1.41,-0.24,-0.5,0,none,10.0
1789892818.993198,Switch,11.66,0.0,65.41,0.0,-44.8,2.4,0.34,0.81,79.58,11.54,64.92,-44.94,1.08,-0.13,-0.2,0,none,10.0
1789892818.9959722,Switch,11.66,0.0,65.02,0.0,-44.7,5.8,0.33,0.88,76.68,11.6,64.79,-44.92,0.29,-0.63,0.1,0,none,10.0
1789892818.9987144,Switch,11.48,0.0,64.01,0.0,-44.4,2.1,0.17,0.68,80.16,11.7,64.73,-44.8,0.5,-0.29,0.6,0,none,10.0
1789892819.0016737,Switch,12.04,0.0,64.87,0.0,-44.4,1.0,0.21,0.66,77.73,11.77,64.85,-44.64,0.32,0.57,0.8,0,none,10.0
1789892819.0043485,Switch,12.09,0.0,64.13,0.0,-44.6,1.0,0.24,0.42,75.21,11.79,64.69,-44.58,0.1,-0.8,0.3,0,none,10.0
1789892819.0075228,Switch,12.72,0.0,64.98,0.0,-44.8,1.0,0.43,0.57,75.57,12.0,64.6,-44.58,1.06,-0.43,0.0,0,none,10.0
1789892819.0101445,Switch,13.2,0.0,63.85,0.0,-44.4,1.0,0.59,0.44,69.97,12.31,64.37,-44.52,1.54,-1.17,0.3,0,none,10.0
1789892819.0126808,Switch,12.48,0.0,62.87,0.0,-44.6,1.0,0.43,0.59,72.3,12.51,64.14,-44.56,1.0,-1.14,-0.2,0,none,10.0
1789892819.0152936,Switch,12.5,0.0,64.02,0.0,-44.4,1.0,0.36,0.58,73.88,12.6,63.97,-44.56,0.46,-0.85,0.0,0,none,10.0
1789892819.0179539,Switch,12.23,0.0,63.18,0.0,-44.4,1.0,0.32,0.74,72.53,12.63,63.78,-44.52,0.14,-0.95,0.2,0,none,10.0
1789892819.020711,Switch,11.63,0.0,63.08,0.0,-44.8,1.0,0.5,0.49,70.23,12.41,63.4,-44.52,-1.09,-1.9,0.0,0,none,10.0
1789892819.0236812,Switch,12.03,0.0,63.6,0.0,-44.4,1.0,0.32,0.51,64.75,12.17,63.35,-44.52,-1.17,-0.25,0.0,0,none,10.0
1789892819.0263174,Switch,11.63,0.0,65.03,0.0,-44.3,2.8,0.34,0.53,66.27,12.0,63.78,-44.46,-0.85,2.16,0.3,0,none,10.0
1789892819.0287457,Switch,11.77,0.0,64.29,0.0,-44.4,3.3,0.24,0.46,62.46,11.86,63.84,-44.46,-0.73,0.27,0.0,0,none,10.0
1789892819.031408,Switch,12.49,0.0,64.9,0.0,-44.2,3.3,0.33,0.59,65.3,11.91,64.18,-44.42,0.26,1.72,0.2,0,none,10.0
1789892819.0340176,Switch,12.81,0.0,65.08,0.0,-44.2,1.6,0.44,0.36,70.26,12.15,64.58,-44.3,1.18,2.0,0.6,0,none,10.0
1789892819.0367334,Switch,12.06,0.0,64.02,0.0,-44.0,1.0,0.44,0.59,65.78,12.15,64.66,-44.22,0.03,0.42,0.4,0,none,10.0
1789892819.039074,Switch,12.74,0.0,62.92,0.0,-43.8,1.0,0.4,0.62,70.42,12.37,64.24,-44.12,1.11,-2.11,0.5,0,none,10.0
1789892819.04126,Switch,13.11,0.0,64.27,0.0,-43.9,2.5,0.35,0.71,75.07,12.64,64.24,-44.02,1.34,-0.02,0.5,0,none,10.0
1789892819.0438638,Switch,13.37,0.0,64.24,0.0,-43.9,3.8,0.44,0.82,69.32,12.82,64.11,-43.96,0.88,-0.66,0.3,0,none,10.0
1789892819.0464072,Switch,13.3,0.0,63.25,0.0,-43.6,1.0,0.48,12.11,68.46,12.92,63.74,-43.84,0.49,-1.83,0.6,1,nic_error_spike,0.0
1789892819.0489774,Switch,13.09,0.0,62.3,0.0,-43.9,1.0,0.22,28.23,71.85,13.12,63.4,-43.82,1.03,-1.72,0.1,1,nic_error_spike,0.0
1789892819.051548,Switch,12.38,0.0,61.69,0.0,-43.6,1.0,0.35,29.94,70.85,13.05,63.15,-43.78,-0.36,-1.23,0.2,1,nic_error_spike,0.0
1789892819.0540087,Switch,13.09,0.0,61.62,0.0,-43.8,1.0,0.35,35.16,73.08,13.05,62.62,-43.76,-0.02,-2.65,0.1,1,nic_error_spike,0.0
1789892819.0567367,Switch,12.7,0.0,63.01,0.0,-43.5,1.0,0.33,35.7,78.48,12.91,62.37,-43.68,-0.67,-1.23,0.4,1,nic_error_spike,0.0
1789892819.0593855,Switch,9999.0,12.5,64.14,0.0,-43.3,1.0,0.33,34.87,80.47,2010.05,62.55,-43.62,9985.7,0.89,0.3,1,nic_error_spike,0.0
1789892819.0620363,Switch,12.47,12.5,65.32,0.0,-43.2,1.0,0.3,43.44,81.29,2009.93,63.16,-43.48,-0.62,3.02,0.7,1,nic_error_spike,0.0
1789892819.0644681,Switch,12.28,12.5,64.74,0.0,-42.8,1.0,0.29,42.4,82.99,2009.91,63.77,-43.32,-0.1,3.05,0.8,1,nic_error_spike,0.0
1789892819.0668905,Switch,12.04,12.5,65.78,0.0,-42.9,1.0,0.36,45.19,85.3,2009.7,64.6,-43.14,-1.05,4.16,0.9,1,nic_error_spike,0.0
1789892819.0693717,Switch,12.16,12.5,65.51,0.0,-43.1,1.0,0.23,42.6,88.23,2009.59,65.1,-43.06,-0.54,2.5,0.4,1,nic_error_spike,0.0
1789892819.0720127,Switch,11.89,12.5,66.34,0.0,-43.1,1.0,0.2,41.75,89.45,12.17,65.54,-43.02,-9987.11,2.2,0.2,1,nic_error_spike,0.0
1789892819.0741954,Switch,9999.0,25.0,66.3,0.0,-43.5,1.0,0.2,33.47,89.46,2009.47,65.73,-43.08,9986.53,0.98,-0.3,1,,0.0
1789892819.076517,Switch,12.13,25.0,65.84,0.0,-43.3,1.3,0.13,20.44,85.46,2009.44,65.95,-43.18,-0.15,1.1,-0.5,1,none,0.2
1789892819.0791407,Switch,12.38,12.5,64.48,0.0,-43.1,1.0,0.16,12.41,85.2,2009.51,65.69,-43.22,0.34,-1.3,-0.2,0,none,10.0
1789892819.081371,Switch,12.15,12.5,65.7,0.0,-43.5,1.0,0.15,7.5,83.32,2009.51,65.73,-43.3,-0.01,0.19,-0.4,0,none,10.0
1789892819.0837173,Switch,11.77,12.5,66.27,0.0,-43.3,3.5,0.21,4.71,86.9,2009.49,65.72,-43.34,-0.12,-0.07,-0.2,0,none,10.0
1789892819.0860002,Switch,11.43,12.5,65.81,0.0,-43.4,2.8,0.33,3.14,87.82,11.97,65.62,-43.32,-9987.57,-0.49,0.1,0,none,10.0
1789892819.0885203,Switch,11.17,12.5,64.56,0.0,-43.0,1.8,0.45,1.94,88.23,11.78,65.36,-43.26,-0.96,-1.28,0.3,0,none,10.0
1789892819.0912259,Switch,11.0,12.5,65.34,0.0,-42.7,1.0,0.42,1.49,91.52,11.5,65.54,-43.18,-1.38,0.86,0.4,0,none,10.0
1789892819.0934267,Switch,10.54,0.0,65.56,0.0,-42.5,1.0,0.41,1.17,87.43,11.18,65.51,-42.98,-1.61,-0.14,1.0,0,none,10.0
1789892819.0961084,Switch,9.96,0.0,64.66,0.0,-42.8,1.0,0.52,0.86,87.55,10.82,65.19,-42.88,-1.81,-1.61,0.5,0,none,10.0
1789892819.0983205,Switch,9.39,0.0,64.6,0.0,-42.5,1.0,0.66,0.59,83.17,10.41,64.94,-42.7,-2.04,-1.21,0.9,0,none,10.0
1789892819.100722,Switch,9.85,0.0,63.63,0.0,-42.3,5.0,0.56,0.66,77.44,10.15,64.76,-42.56,-1.32,-0.93,0.7,0,none,10.0
1789892819.103138,Switch,10.28,0.0,64.51,0.0,-42.1,8.4,0.39,0.43,78.23,10.0,64.59,-42.44,-0.72,-0.83,0.6,0,none,10.0
1789892819.1058908,Switch,10.71,0.0,64.79,0.0,-42.2,10.4,0.44,0.63,81.4,10.04,64.44,-42.38,0.17,-0.77,0.3,0,none,10.0
1789892819.1086323,Switch,10.26,0.0,64.95,0.0,-42.2,12.0,0.45,0.73,76.38,10.1,64.5,-42.26,0.3,0.29,0.6,0,none,10.0
1789892819.1113868,Switch,10.88,0.0,65.37,0.0,-42.5,14.5,0.37,0.51,71.8,10.4,64.65,-42.26,1.49,0.77,0.0,0,none,10.0
1789892819.1141303,Switch,10.75,0.0,64.93,0.0,-42.4,17.4,0.26,0.47,66.97,10.58,64.91,-42.28,0.9,1.3,-0.1,0,none,10.0
1789892819.116925,Switch,11.26,0.0,66.22,0.0,-42.1,14.5,0.32,0.61,62.16,10.77,65.25,-42.28,0.98,1.71,0.0,0,none,10.0
1789892819.1195698,Switch,11.48,0.0,65.18,0.0,-42.3,15.9,0.42,0.45,64.61,10.93,65.33,-42.3,0.77,0.39,-0.1,0,none,10.0
1789892819.1218235,Switch,11.73,0.0,66.39,0.0,-42.5,16.9,0.37,0.52,62.39,11.22,65.62,-42.36,1.47,1.44,-0.3,0,none,10.0
1789892819.1245203,Switch,12.51,0.0,65.72,0.0,-42.9,20.6,0.58,0.42,68.35,11.55,65.69,-42.44,1.63,0.35,-0.4,0,none,10.0
1789892819.1271641,Switch,12.16,0.0,66.12,0.0,-43.2,19.4,0.46,0.29,62.37,11.83,65.93,-42.6,1.41,1.19,-0.8,0,none,10.0
1789892819.1294277,Switch,11.54,0.0,65.28,0.0,-43.1,20.3,0.4,0.31,62.93,11.88,65.74,-42.8,0.28,-0.94,-1.0,0,none,10.0
1789892819.1318789,Switch,11.05,0.0,64.8,0.0,-43.3,16.8,0.51,0.41,59.19,11.8,65.66,-43.0,-0.43,-0.38,-1.0,0,none,10.0
1789892819.1341019,Switch,10.9,0.0,63.41,0.0,-43.1,16.8,0.62,0.5,61.37,11.63,65.07,-43.12,-0.83,-2.98,-0.6,0,none,10.0
1789892819.1365662,Switch,11.27,0.0,63.74,0.0,-43.4,13.8,0.44,0.49,55.46,11.38,64.67,-43.22,-1.24,-1.98,-0.5,0,none,10.0
1789892819.1387331,Switch,11.17,0.0,62.56,0.0,-43.4,16.6,0.21,0.66,56.4,11.19,63.96,-43.26,-0.99,-3.56,-0.2,0,none,10.0
1789892819.141177,Switch,10.72,0.0,61.55,0.0,-43.1,18.9,0.19,0.66,60.64,11.02,63.21,-43.26,-0.82,-3.73,0.0,0,none,10.0
1789892819.1438475,Switch,11.0,0.0,61.99,0.0,-42.9,22.7,0.19,0.74,63.08,11.01,62.65,-43.18,-0.05,-2.81,0.4,0,none,10.0
1789892819.1466002,Switch,10.67,0.0,63.0,0.0,-43.2,24.2,0.24,0.75,62.04,10.97,62.57,-43.2,-0.23,-0.41,-0.1,0,none,10.0
1789892819.1490712,Switch,10.27,0.0,63.31,0.0,-43.2,25.4,0.31,0.85,67.65,10.77,62.48,-43.16,-1.0,-0.43,0.2,0,none,10.0
1789892819.1512444,Switch,10.87,0.0,63.16,0.0,-43.0,27.2,0.25,0.64,69.79,10.71,62.6,-43.08,-0.3,0.6,0.4,0,none,10.0
1789892819.1534646,Switch,10.11,0.0,63.23,0.0,-42.7,30.2,0.34,0.76,64.69,10.58,62.94,-43.0,-0.61,1.68,0.4,0,none,10.0
1789892819.1559062,Switch,9.8,0.0,62.41,0.0,-42.9,32.1,0.39,0.63,70.33,10.34,63.02,-43.0,-1.2,0.42,0.0,0,none,10.0
1789892819.1587315,Switch,9.93,0.0,62.12,0.0,-42.9,32.7,0.37,0.57,70.93,10.2,62.85,-42.94,-0.74,-0.88,0.3,0,none,10.0
1789892819.1613402,Switch,9.33,0.0,60.95,0.0,-43.2,30.8,0.5,0.62,70.85,10.01,62.37,-42.94,-0.94,-2.36,0.0,0,none,10.0
1789892819.163894,Switch,8.93,0.0,59.65,0.0,-42.9,31.1,0.43,0.56,71.23,9.62,61.67,-42.92,-1.94,-3.51,0.1,0,none,10.0
1789892819.1667936,Switch,8.7,0.0,59.77,0.0,-43.1,27.7,0.48,0.37,65.35,9.34,60.98,-43.0,-1.41,-3.46,-0.4,0,none,10.0
1789892819.1694093,Switch,8.15,0.0,60.95,0.0,-43.1,30.6,0.6,0.52,64.95,9.01,60.69,-43.04,-1.65,-1.46,-0.2,0,none,10.0
1789892819.1719794,Switch,8.01,0.0,60.72,0.0,-43.3,32.5,0.49,0.45,64.5,8.62,60.41,-43.12,-1.92,-1.4,-0.4,0,none,10.0
1789892819.1748276,Switch,8.42,0.0,61.01,0.0,-43.2,29.8,0.34,0.28,59.38,8.44,60.42,-43.12,-0.91,0.06,0.0,0,none,10.0
1789892819.1777594,Switch,7.84,0.0,61.57,0.0,-43.5,26.3,0.3,0.23,65.19,8.22,60.8,-43.24,-1.09,1.92,-0.6,0,none,10.0
1789892819.1803703,Switch,7.37,0.0,61.5,0.0,-43.5,27.4,0.35,0.37,60.68,7.96,61.15,-43.32,-1.33,1.73,-0.4,0,none,10.0
1789892819.1831622,Switch,7.38,0.0,61.56,0.0,-43.7,27.8,0.4,0.33,58.01,7.8,61.27,-43.44,-0.77,0.61,-0.6,0,none,10.0
1789892819.1857917,Switch,7.07,0.0,62.45,0.0,-44.0,26.4,0.47,0.29,60.89,7.62,61.62,-43.58,-0.94,1.73,-0.7,0,none,10.0
1789892819.188404,Switch,7.35,0.0,62.3,0.0,-44.0,26.5,0.25,0.54,65.03,7.4,61.88,-43.74,-1.07,1.29,-0.8,0,none,10.0
1789892819.1912127,Switch,7.77,0.0,62.84,0.0,-44.2,22.6,0.22,0.68,64.18,7.39,62.13,-43.88,-0.07,1.27,-0.7,0,none,10.0
1789892819.1941464,Switch,7.87,0.0,63.18,0.0,-43.9,18.8,0.29,0.8,60.03,7.49,62.47,-43.96,0.5,1.68,-0.4,0,none,10.0
1789892819.1965158,Switch,8.02,0.0,64.35,0.0,-43.8,16.3,0.35,0.68,61.17,7.62,63.02,-43.98,0.64,2.79,-0.1,0,none,10.0
1789892819.199231,Switch,7.44,0.0,65.72,0.0,-44.1,18.8,0.26,0.71,56.07,7.69,63.68,-44.0,0.37,3.27,-0.1,0,none,10.0
1789892819.2018485,Switch,7.45,0.0,67.09,0.0,-44.3,18.8,0.23,0.73,52.34,7.71,64.64,-44.06,0.1,4.79,-0.3,0,none,10.0
1789892819.204458,Switch,8.17,0.0,65.84,0.0,-44.1,16.7,0.3,0.49,56.36,7.79,65.24,-44.04,0.4,3.0,0.1,0,none,10.0
1789892819.2070653,Switch,8.13,0.0,66.15,0.0,-44.0,14.2,0.33,0.64,62.28,7.84,65.83,-44.06,0.26,2.97,-0.1,0,none,10.0
1789892819.2098389,Switch,7.73,0.0,64.95,0.0,-44.3,1.0,0.32,8.04,62.18,7.78,65.95,-44.16,-0.29,0.6,-0.5,1,tx_rate_drop,0.0
1789892819.2124772,Switch,7.67,0.0,66.39,0.0,-44.4,1.0,0.28,9.72,66.09,7.83,66.08,-44.22,0.23,0.67,-0.3,1,tx_rate_drop,0.0
1789892819.2156274,Switch,8.24,0.0,66.25,0.0,-44.3,1.0,0.24,11.97,68.97,7.99,65.92,-44.22,0.79,-0.84,0.0,1,tx_rate_drop,0.0
1789892819.218014,Switch,7.45,0.0,65.65,0.0,-44.2,1.0,0.3,12.69,65.12,7.84,65.88,-44.24,-0.72,-0.19,-0.1,1,tx_rate_drop,0.0
1789892819.2206318,Switch,6.82,0.0,65.27,0.0,-44.3,1.0,0.46,12.39,66.65,7.58,65.7,-44.3,-1.31,-0.88,-0.3,1,tx_rate_drop,0.0
1789892819.2233887,Switch,6.9,0.0,65.56,0.0,-44.1,1.0,0.52,13.95,64.69,7.42,65.82,-44.26,-0.83,0.61,0.2,1,tx_rate_drop,0.0
1789892819.2259042,Switch,6.55,0.0,65.41,0.0,-44.1,1.0,0.6,11.87,64.64,7.19,65.63,-44.2,-1.12,-0.98,0.3,1,tx_rate_drop,0.0
1789892819.2285619,Switch,6.34,0.0,65.19,0.0,-43.8,1.0,0.38,11.67,69.41,6.81,65.42,-44.1,-1.9,-1.06,0.5,1,tx_rate_drop,0.0
1789892819.232203,Switch,5.97,0.0,65.24,0.0,-43.6,1.0,0.34,12.73,70.52,6.52,65.33,-43.98,-1.48,-0.41,0.6,1,tx_rate_drop,0.0
1789892819.2349622,Switch,5.91,0.0,65.81,0.0,-43.8,1.0,0.37,13.66,65.63,6.33,65.44,-43.88,-0.91,0.54,0.5,1,tx_rate_drop,0.0
1789892819.237604,Switch,5.43,0.0,66.41,0.0,-44.2,1.0,0.38,10.57,63.37,6.04,65.61,-43.9,-1.47,0.85,-0.1,1,tx_rate_drop,0.0
1789892819.2402198,Switch,5.99,0.0,65.73,0.0,-43.9,1.0,0.29,10.55,57.74,5.93,65.68,-43.86,-0.56,0.32,0.2,1,tx_rate_drop,0.0
1789892819.242971,Switch,5.38,0.0,65.96,0.0,-44.3,1.0,0.27,11.87,61.62,5.74,65.83,-43.96,-0.96,0.77,-0.5,1,tx_rate_drop,0.0
1789892819.2455926,Switch,5.93,0.0,64.61,0.0,-44.3,1.0,0.26,14.23,55.95,5.73,65.7,-44.1,-0.04,-0.63,-0.7,1,tx_rate_drop,0.0
1789892819.2482114,Switch,5.91,0.0,63.76,0.0,-44.4,1.0,0.26,12.97,50.05,5.73,65.29,-44.22,0.0,-2.05,-0.6,1,,0.0
1789892819.250373,Switch,5.33,0.0,63.98,0.0,-44.1,1.0,0.29,7.95,45.05,5.71,64.81,-44.2,-0.1,-2.43,0.1,1,none,0.2
1789892819.2529118,Switch,6.03,0.0,65.35,0.0,-44.3,1.0,0.3,19.84,42.33,5.72,64.73,-44.28,0.04,-0.38,-0.4,1,nic_error_spike,0.0
1789892819.2556946,Switch,9999.0,12.5,65.27,0.0,-43.9,1.0,0.3,26.64,40.77,2004.44,64.59,-44.2,9993.62,-0.69,0.4,1,nic_error_spike,0.0
1789892819.2586846,Switch,9999.0,25.0,65.19,0.0,-44.1,1.0,0.3,29.3,40.37,4003.05,64.71,-44.16,9993.07,0.58,0.2,1,nic_error_spike,0.0
1789892819.2613754,Switch,4.74,25.0,66.07,0.0,-44.4,1.0,0.49,29.01,35.25,4002.82,65.17,-44.16,-1.17,2.31,0.0,1,nic_error_spike,0.0
1789892819.2641423,Switch,9999.0,37.5,65.39,0.0,-44.6,1.0,0.49,33.04,35.65,6001.55,65.45,-44.26,9993.67,1.41,-0.5,1,nic_error_spike,0.0
1789892819.266729,Switch,4.57,37.5,64.54,0.0,-44.6,1.0,0.59,32.62,38.08,6001.26,65.29,-44.32,-1.46,-0.81,-0.3,1,nic_error_spike,0.0
1789892819.2693467,Switch,4.91,37.5,64.75,0.0,-44.5,1.0,0.52,28.7,42.27,4002.44,65.19,-44.44,-9994.09,-0.52,-0.6,1,nic_error_spike,0.0
1789892819.2720392,Switch,4.13,37.5,64.92,0.0,-44.9,1.0,0.63,39.05,38.69,2003.47,65.13,-44.6,-9994.87,-0.27,-0.8,1,nic_error_spike,0.0
1789892819.2746806,Switch,3.57,37.5,65.46,0.0,-44.7,1.0,0.48,32.34,33.67,2003.24,65.01,-44.66,-1.17,-0.61,-0.3,1,nic_error_spike,0.0
1789892819.2775795,Switch,3.53,25.0,65.01,0.0,-44.7,1.0,0.54,34.78,36.58,4.14,64.94,-44.68,-9995.47,-0.38,-0.1,1,nic_error_spike,0.0
1789892819.280099,Switch,2.86,12.5,65.62,0.0,-44.8,1.0,0.68,37.44,37.83,3.8,65.15,-44.72,-1.71,1.08,-0.2,1,nic_error_spike,0.0
1789892819.2824821,Switch,3.16,12.5,66.66,0.0,-44.9,1.0,0.43,36.82,32.69,3.45,65.53,-44.8,-1.75,1.91,-0.4,1,nic_error_spike,0.0
1789892819.2850952,Switch,9999.0,12.5,67.21,0.0,-44.7,1.0,0.43,39.41,34.83,2002.42,65.99,-44.76,9994.87,2.29,0.2,1,nic_error_spike,0.0
1789892819.287922,Switch,3.19,12.5,66.46,0.0,-45.1,1.0,0.26,40.67,30.1,2002.35,66.19,-44.84,-0.38,1.0,-0.4,1,nic_error_spike,0.0
1789892819.2905734,Switch,3.94,12.5,67.83,0.0,-45.0,1.0,0.37,46.43,32.97,2002.43,66.76,-44.9,0.41,2.82,-0.3,1,,0.0
1789892819.293187,Switch,3.56,12.5,67.73,0.0,-45.0,1.0,0.37,27.91,29.74,2002.57,67.18,-44.94,0.7,2.11,-0.2,0,none,10.0
1789892819.2955909,Switch,3.91,12.5,68.63,0.0,-44.7,3.8,0.34,16.94,31.82,2002.72,67.57,-44.9,0.75,1.97,0.2,0,none,10.0
1789892819.2979972,Switch,4.21,12.5,68.32,0.0,-45.0,4.7,0.35,10.46,31.93,3.76,67.79,-44.96,-9994.79,1.11,-0.3,0,none,10.0
1789892819.3009498,Switch,3.6,12.5,69.38,0.0,-44.9,2.6,0.24,6.42,35.46,3.84,68.38,-44.92,0.41,2.92,0.2,0,none,10.0
1789892819.3032362,Switch,4.02,12.5,68.87,0.0,-45.1,6.0,0.25,3.9,31.21,3.86,68.59,-44.94,0.08,1.04,-0.1,0,none,10.0
1789892819.3059146,Switch,3.68,0.0,67.63,0.0,-45.2,8.3,0.22,2.65,35.52,3.88,68.57,-44.98,0.12,-0.1,-0.2,0,none,10.0
1789892819.3086386,Switch,4.28,0.0,68.69,0.0,-44.8,10.3,0.27,1.72,32.16,3.96,68.58,-45.0,0.37,0.06,-0.1,0,none,10.0
1789892819.3110106,Switch,4.74,0.0,68.87,0.0,-44.6,8.9,0.42,1.35,35.77,4.06,68.69,-44.92,0.53,0.55,0.4,0,none,10.0
1789892819.3140287,Switch,4.52,0.0,68.66,0.0,-45.0,6.5,0.37,0.87,39.48,4.25,68.54,-44.94,0.92,-0.72,-0.1,0,none,10.0
1789892819.3167417,Switch,4.34,0.0,69.57,0.0,-44.7,8.4,0.35,0.91,43.19,4.31,68.68,-44.86,0.32,0.7,0.4,0,none,10.0
1789892819.3196666,Switch,3.71,0.0,68.26,0.0,-44.8,10.6,0.34,0.59,48.41,4.32,68.81,-44.78,0.03,0.63,0.4,0,none,10.0
1789892819.322378,Switch,4.13,0.0,68.61,0.0,-44.8,9.5,0.35,0.53,50.1,4.29,68.79,-44.78,-0.15,-0.08,0.0,0,none,10.0
1789892819.325254,Switch,4.27,0.0,69.67,0.0,-44.5,10.0,0.27,0.54,51.27,4.19,68.95,-44.76,-0.47,0.8,0.1,0,none,10.0
1789892819.3279786,Switch,4.51,0.0,68.37,0.0,-44.2,12.1,0.27,0.52,57.2,4.19,68.9,-44.6,-0.01,-0.29,0.8,0,none,10.0
1789892819.3306525,Switch,4.41,0.0,68.51,0.0,-44.4,9.2,0.28,0.51,58.98,4.21,68.68,-44.54,0.07,-1.06,0.3,0,none,10.0
1789892819.3332827,Switch,5.13,0.0,69.83,0.0,-44.0,6.4,0.35,0.5,64.58,4.49,69.0,-44.38,1.42,1.57,0.8,0,none,10.0
1789892819.336019,Switch,4.64,0.0,71.08,0.0,-44.1,6.1,0.3,0.63,68.37,4.59,69.49,-44.24,0.51,2.47,0.7,0,none,10.0
1789892819.3387501,Switch,4.02,0.0,69.65,0.0,-43.9,3.6,0.36,0.69,73.71,4.54,69.49,-44.12,-0.25,-0.02,0.6,0,none,10.0
1789892819.3415015,Switch,3.97,0.0,69.52,0.0,-43.9,1.6,0.43,0.42,68.34,4.43,69.72,-44.06,-0.54,1.15,0.3,0,none,10.0
1789892819.3443758,Switch,4.21,0.0,69.87,0.0,-43.6,1.0,0.44,0.51,68.45,4.39,69.99,-43.9,-0.2,1.36,0.8,0,none,10.0
1789892819.3473716,Switch,4.77,0.0,70.31,0.0,-44.0,1.0,0.33,0.51,72.79,4.32,70.09,-43.9,-0.36,0.48,0.0,0,none,10.0
1789892819.3501523,Switch,4.16,0.0,70.64,0.0,-44.0,1.0,0.29,0.34,68.7,4.23,70.0,-43.88,-0.48,-0.44,0.1,0,none,10.0
1789892819.3528078,Switch,3.61,0.0,69.58,0.0,-44.3,1.0,0.38,0.56,73.28,4.14,69.98,-43.96,-0.41,-0.07,-0.4,0,none,10.0
1789892819.3554451,Switch,3.93,0.0,70.47,0.0,-44.5,1.0,0.38,0.73,79.15,4.14,70.17,-44.08,-0.04,0.95,-0.6,0,none,10.0
1789892819.3580766,Switch,3.19,0.0,71.09,0.0,-44.8,1.0,0.53,0.44,77.74,3.93,70.42,-44.32,-1.02,1.22,-1.2,0,none,10.0
1789892819.360499,Switch,3.82,0.0,71.79,0.0,-45.2,3.0,0.33,0.36,75.05,3.74,70.71,-44.56,-0.95,1.48,-1.2,0,none,10.0
1789892819.3631284,Switch,4.58,0.0,72.6,0.0,-45.5,3.3,0.45,0.43,77.52,3.83,71.11,-44.86,0.42,1.96,-1.5,0,none,10.0
1789892819.3659544,Switch,4.26,0.0,71.14,0.0,-45.4,4.0,0.46,0.52,83.01,3.96,71.42,-45.08,0.65,1.56,-1.1,0,none,10.0
1789892819.368581,Switch,4.11,0.0,71.16,0.0,-45.2,1.4,0.47,0.45,81.14,3.99,71.56,-45.22,0.18,0.69,-0.7,0,none,10.0
1789892819.3712175,Switch,3.38,0.0,71.15,0.0,-45.0,1.2,0.4,0.57,76.51,4.03,71.57,-45.26,0.19,0.06,-0.2,0,none,10.0
1789892819.3739994,Switch,3.47,0.0,69.89,0.0,-45.1,3.7,0.46,0.73,74.17,3.96,71.19,-45.24,-0.35,-1.9,0.1,0,none,10.0
1789892819.376627,Switch,3.48,0.0,71.17,0.0,-45.2,4.8,0.37,0.72,69.95,3.74,70.9,-45.18,-1.1,-1.43,0.3,0,none,10.0
1789892819.379268,Switch,3.29,0.0,69.68,0.0,-45.3,7.2,0.29,0.63,72.9,3.55,70.61,-45.16,-0.97,-1.46,0.1,0,none,10.0
1789892819.3819063,Switch,3.41,0.0,71.11,0.0,-45.4,7.9,0.07,0.54,67.52,3.41,70.6,-45.2,-0.7,-0.05,-0.2,0,none,10.0
1789892819.3845518,Switch,3.09,0.0,72.21,0.0,-45.1,10.6,0.14,0.64,71.44,3.35,70.81,-45.22,-0.29,1.06,-0.1,0,none,10.0
1789892819.3871968,Switch,2.98,0.0,72.66,0.0,-45.4,1.0,0.19,23.93,66.56,3.25,71.37,-45.28,-0.49,2.77,-0.3,1,nic_error_spike,0.0
1789892819.3901384,Switch,9999.0,12.5,73.5,0.0,-45.3,1.0,0.19,33.72,64.41,2002.35,71.83,-45.3,9995.52,2.33,-0.1,1,nic_error_spike,0.0
1789892819.3928835,Switch,2.66,12.5,72.13,0.0,-45.0,1.0,0.26,42.67,63.42,2002.23,72.32,-45.24,-0.63,2.45,0.3,1,nic_error_spike,0.0
1789892819.395759,Switch,2.97,12.5,73.53,0.0,-45.3,1.0,0.24,44.2,62.57,2002.14,72.81,-45.22,-0.44,2.42,0.1,1,nic_error_spike,0.0
1789892819.3979263,Switch,2.66,12.5,72.62,0.0,-45.2,1.0,0.18,42.56,65.26,2002.05,72.89,-45.24,-0.43,0.41,-0.1,1,nic_error_spike,0.0
1789892819.4004493,Switch,9999.0,25.0,73.38,0.0,-45.1,1.0,0.18,45.37,64.55,4001.26,73.03,-45.18,9996.02,0.72,0.3,1,nic_error_spike,0.0
1789892819.4029763,Switch,2.83,25.0,73.37,0.0,-45.1,1.0,0.14,38.36,58.65,2002.02,73.01,-45.14,-9996.17,-0.13,0.2,1,nic_error_spike,0.0
1789892819.4054947,Switch,2.69,25.0,73.69,0.0,-44.8,1.0,0.12,34.36,59.73,2002.03,73.32,-45.1,0.03,1.56,0.2,1,nic_error_spike,0.0
1789892819.4079382,Switch,2.55,25.0,74.65,0.0,-44.5,1.0,0.15,31.74,65.17,2001.95,73.54,-44.94,-0.42,1.12,0.8,1,nic_error_spike,0.0
1789892819.410499,Switch,9999.0,25.0,75.23,0.0,-44.8,1.0,0.15,32.18,64.51,4001.21,74.06,-44.86,9996.34,2.61,0.4,1,nic_error_spike,0.0
1789892819.413045,Switch,2.0,25.0,75.58,0.0,-44.8,1.0,0.29,41.95,64.01,2001.81,74.5,-44.8,-9997.0,2.2,0.3,1,nic_error_spike,0.0
1789892819.4155633,Switch,1.68,25.0,74.08,0.0,-44.6,1.0,0.44,36.57,59.99,2001.58,74.65,-44.7,-1.15,0.71,0.5,1,nic_error_spike,0.0
1789892819.4180832,Switch,9999.0,37.5,72.94,0.0,-44.7,1.0,0.44,34.7,60.82,4000.85,74.5,-44.68,9996.31,-0.75,0.1,1,nic_error_spike,0.0
1789892819.4206033,Switch,1.7,25.0,73.18,0.0,-45.1,1.0,0.42,30.51,56.88,4000.68,74.2,-44.8,-0.85,-1.47,-0.6,1,nic_error_spike,0.0
1789892819.4231243,Switch,9999.0,37.5,73.59,0.0,-45.2,1.0,0.42,30.59,55.24,4000.68,73.87,-44.88,0.0,-1.64,-0.4,1,nic_error_spike,0.0
1789892819.4256432,Switch,1.71,37.5,72.16,0.0,-45.3,1.0,0.33,36.46,54.99,4000.62,73.19,-44.98,-0.29,-3.42,-0.5,1,,0.0
1789892819.428163,Switch,2.37,37.5,71.04,0.0,-45.1,2.3,0.27,22.08,56.24,4000.76,72.58,-45.08,0.69,-3.04,-0.5,1,none,0.33
1789892819.4306867,Switch,1.92,25.0,70.19,0.0,-44.9,5.4,0.26,13.44,60.14,2001.34,72.03,-45.12,-9997.08,-2.75,-0.2,1,none,0.2
1789892819.4332187,Switch,2.52,25.0,70.77,0.0,-44.9,3.4,0.34,8.09,60.15,2001.5,71.55,-45.08,0.82,-2.41,0.2,1,none,0.2
1789892819.4357398,Switch,2.27,25.0,70.05,0.0,-44.6,4.1,0.3,5.19,60.37,2.16,70.84,-44.96,-9996.73,-3.54,0.6,0,none,10.0
1789892819.4382603,Switch,2.54,12.5,70.49,0.0,-44.6,2.2,0.23,3.5,55.37,2.32,70.51,-44.82,0.83,-1.67,0.7,0,none,10.0
1789892819.4407806,Switch,2.92,12.5,71.28,0.0,-44.7,1.5,0.33,2.25,58.01,2.43,70.56,-44.74,0.55,0.24,0.4,0,none,10.0
1789892819.443301,Switch,3.67,0.0,71.9,0.0,-44.8,1.0,0.49,1.69,60.0,2.78,70.9,-44.72,1.75,1.71,0.1,0,none,10.0
1789892819.4458377,Switch,3.87,0.0,73.04,0.0,-44.6,1.0,0.62,1.05,57.74,3.05,71.35,-44.66,1.35,2.27,0.3,0,none,10.0
1789892819.448358,Switch,3.82,0.0,71.9,0.0,-44.5,1.0,0.54,0.89,56.82,3.36,71.72,-44.64,1.55,1.85,0.1,0,none,10.0
1789892819.4508777,Switch,4.46,0.0,72.64,0.0,-44.2,3.4,0.49,0.83,59.8,3.75,72.15,-44.56,1.92,2.15,0.4,0,none,10.0
1789892819.4533975,Switch,3.98,0.0,73.65,0.0,-44.6,7.3,0.27,0.85,59.87,3.96,72.63,-44.54,1.06,2.37,0.1,0,none,10.0
1789892819.455917,Switch,3.82,0.0,72.78,0.0,-44.8,9.0,0.24,0.83,61.27,3.99,72.8,-44.54,0.15,0.88,0.0,0,none,10.0
1789892819.458624,Switch,3.05,0.0,72.27,0.0,-44.9,10.1,0.45,0.87,64.65,3.83,72.65,-44.6,-0.82,-0.77,-0.3,0,none,10.0
1789892819.4612117,Switch,3.54,0.0,73.72,0.0,-45.0,1.0,0.47,3.88,68.58,3.77,73.01,-44.7,-0.28,1.82,-0.5,1,tx_rate_drop,0.0
1789892819.4638486,Switch,4.21,0.0,72.95,0.0,-45.2,1.0,0.4,6.36,71.53,3.72,73.07,-44.9,-0.25,0.31,-1.0,1,tx_rate_drop,0.0
1789892819.4663792,Switch,3.69,0.0,72.05,0.0,-45.1,1.0,0.38,9.56,66.34,3.66,72.75,-45.0,-0.29,-1.6,-0.5,1,tx_rate_drop,0.0
1789892819.4689212,Switch,4.02,0.0,72.61,0.0,-44.7,1.0,0.4,12.55,60.47,3.7,72.72,-44.98,0.2,-0.17,0.1,1,tx_rate_drop,0.0
1789892819.4710777,Switch,3.31,0.0,72.4,0.0,-44.4,1.0,0.32,14.87,64.56,3.75,72.75,-44.88,0.26,0.13,0.5,1,tx_rate_drop,0.0
1789892819.4734817,Switch,3.13,0.0,71.78,0.0,-44.1,1.0,0.41,14.86,60.72,3.67,72.36,-44.7,-0.41,-1.94,0.9,1,tx_rate_drop,0.0
1789892819.4760163,Switch,3.65,0.0,72.52,0.0,-44.3,1.0,0.31,17.02,64.14,3.56,72.27,-44.52,-0.56,-0.43,0.9,1,tx_rate_drop,0.0
1789892819.4782197,Switch,3.9,0.0,71.75,0.0,-44.1,1.0,0.34,17.77,58.41,3.6,72.21,-44.32,0.21,-0.3,1.0,1,tx_rate_drop,0.0
1789892819.4805808,Switch,4.23,0.0,72.83,0.0,-44.4,1.0,0.4,18.53,62.28,3.64,72.26,-44.26,0.21,0.22,0.3,1,tx_rate_drop,0.0
1789892819.482764,Switch,5.02,0.0,72.92,0.0,-44.0,1.0,0.63,19.04,67.2,3.99,72.36,-44.18,1.71,0.52,0.4,1,tx_rate_drop,0.0
1789892819.4851828,Switch,5.44,0.0,72.27,0.0,-44.4,1.0,0.67,16.41,69.93,4.45,72.46,-44.24,2.31,0.49,-0.3,1,tx_rate_drop,0.0
1789892819.4876988,Switch,5.15,0.0,73.62,0.0,-44.4,1.0,0.58,12.34,64.93,4.75,72.68,-44.26,1.5,1.1,-0.1,1,,0.0
1789892819.4902136,Switch,5.34,0.0,72.35,0.0,-44.0,3.0,0.43,7.7,59.13,5.04,72.8,-44.24,1.44,0.6,0.1,1,none,0.33
1789892819.4927342,Switch,5.22,0.0,73.84,0.0,-44.1,5.4,0.15,4.95,54.52,5.23,73.0,-44.18,0.99,1.01,0.3,1,none,0.2
1789892819.494928,Switch,4.87,0.0,74.51,0.0,-44.4,2.6,0.19,3.36,48.75,5.2,73.32,-44.26,-0.15,1.59,-0.4,1,none,0.2
1789892819.4970636,Switch,4.32,0.0,74.69,0.0,-44.1,4.7,0.37,2.14,44.37,4.98,73.8,-44.2,-1.12,2.42,0.3,0,none,10.0
1789892819.4995382,Switch,4.62,0.0,75.4,0.0,-44.0,1.0,0.38,8.77,39.14,4.87,74.16,-44.12,-0.53,1.78,0.4,1,tx_rate_drop,0.0
1789892819.501796,Switch,4.53,0.0,75.6,0.0,-44.3,1.0,0.31,11.34,39.56,4.71,74.81,-44.18,-0.81,3.25,-0.3,1,tx_rate_drop,0.0
1789892819.5039887,Switch,4.31,0.0,76.45,0.0,-44.0,1.0,0.21,9.56,37.9,4.53,75.33,-44.16,-0.91,2.61,0.1,1,tx_rate_drop,0.0
1789892819.506512,Switch,4.19,0.0,75.99,0.0,-43.7,1.0,0.16,13.62,37.11,4.39,75.63,-44.02,-0.68,1.48,0.7,1,tx_rate_drop,0.0
1789892819.5090454,Switch,4.46,0.0,77.27,0.0,-43.7,1.0,0.16,14.2,39.36,4.42,76.14,-43.94,0.14,2.58,0.4,1,tx_rate_drop,0.0
1789892819.5111985,Switch,3.77,0.0,75.86,0.0,-43.6,1.0,0.27,12.03,34.65,4.25,76.23,-43.86,-0.85,0.46,0.4,1,tx_rate_drop,0.0
1789892819.5135071,Switch,4.03,0.0,75.15,0.0,-43.9,1.0,0.24,10.32,35.14,4.15,76.14,-43.78,-0.5,-0.45,0.4,1,tx_rate_drop,0.0
1789892819.5158308,Switch,4.4,0.0,73.93,0.0,-43.9,1.0,0.25,13.95,39.62,4.17,75.64,-43.76,0.09,-2.52,0.1,1,tx_rate_drop,0.0
1789892819.5182054,Switch,4.44,0.0,73.38,0.0,-44.0,1.0,0.28,14.07,38.21,4.22,75.12,-43.82,0.25,-2.61,-0.3,1,tx_rate_drop,0.0
1789892819.5207517,Switch,4.93,0.0,72.32,0.0,-43.7,1.0,0.4,14.62,36.75,4.31,74.13,-43.82,0.47,-4.95,0.0,1,tx_rate_drop,0.0
1789892819.5230033,Switch,5.71,0.0,72.85,0.0,-43.4,1.0,0.58,12.45,36.7,4.7,73.53,-43.78,1.94,-3.01,0.2,1,tx_rate_drop,0.0
1789892819.52525,Switch,5.99,0.0,71.38,0.0,-43.7,1.0,0.65,11.57,36.82,5.09,72.77,-43.74,1.96,-3.77,0.2,1,tx_rate_drop,0.0
1789892819.5276177,Switch,5.6,0.0,70.18,0.0,-43.4,1.0,0.57,14.17,39.06,5.33,72.02,-43.64,1.2,-3.75,0.5,1,tx_rate_drop,0.0
1789892819.5299976,Switch,5.04,0.0,70.93,0.0,-43.4,1.0,0.41,10.9,37.88,5.45,71.53,-43.52,0.6,-2.45,0.6,1,tx_rate_drop,0.0
1789892819.5323446,Switch,5.83,0.0,69.64,0.0,-43.0,1.0,0.33,8.6,39.04,5.63,71.0,-43.38,0.9,-2.68,0.7,1,tx_rate_drop,0.0
1789892819.5346267,Switch,5.26,0.0,69.14,0.0,-43.1,1.0,0.35,12.68,41.6,5.54,70.25,-43.32,-0.45,-3.71,0.3,1,tx_rate_drop,0.0
1789892819.537147,Switch,5.84,0.0,70.09,0.0,-43.1,1.0,0.32,11.81,40.49,5.51,70.0,-43.2,-0.15,-1.29,0.6,1,tx_rate_drop,0.0
1789892819.539419,Switch,5.39,0.0,71.24,0.0,-42.9,1.0,0.32,10.11,39.04,5.47,70.21,-43.1,-0.21,1.06,0.5,1,,0.0
1789892819.5417674,Switch,5.66,0.0,72.56,0.0,-42.8,1.0,0.23,6.2,36.4,5.6,70.53,-42.98,0.62,1.63,0.6,1,none,0.33
1789892819.544183,Switch,6.23,0.0,73.36,0.0,-43.0,1.1,0.34,3.78,35.27,5.68,71.28,-42.98,0.4,3.72,0.0,1,none,0.2
1789892819.5471087,Switch,6.23,0.0,72.62,0.0,-43.3,1.5,0.33,2.3,39.78,5.87,71.97,-43.02,0.97,3.48,-0.2,1,none,0.2
1789892819.5499182,Switch,5.68,0.0,73.37,0.0,-43.0,1.0,0.34,1.62,37.41,5.84,72.63,-43.0,-0.16,3.28,0.1,0,none,10.0
1789892819.552542,Switch,5.93,0.0,72.96,0.0,-43.3,1.0,0.25,1.25,40.81,5.95,72.97,-43.08,0.54,1.72,-0.4,0,none,10.0
1789892819.5550685,Switch,6.03,0.0,72.83,0.0,-43.1,1.5,0.21,1.05,43.51,6.02,73.03,-43.14,0.37,0.27,-0.3,0,none,10.0
1789892819.5575457,Switch,6.31,0.0,71.77,0.0,-43.3,4.6,0.23,0.68,49.34,6.04,72.71,-43.2,0.08,-1.59,-0.3,0,none,10.0
1789892819.560141,Switch,6.86,0.0,70.54,0.0,-43.3,6.0,0.4,0.47,44.91,6.16,72.29,-43.2,0.63,-2.08,0.0,0,none,10.0
1789892819.5629952,Switch,7.6,0.0,70.86,0.0,-43.1,4.5,0.62,0.6,46.77,6.55,71.79,-43.22,1.92,-2.51,-0.1,0,none,10.0
1789892819.5661292,Switch,8.34,0.0,71.57,0.0,-43.3,7.9,0.84,0.64,45.79,7.03,71.51,-43.22,2.41,-1.39,0.0,0,none,10.0
1789892819.5688305,Switch,7.72,0.0,71.01,0.0,-43.5,5.2,0.7,0.64,42.58,7.37,71.15,-43.3,1.69,-1.82,-0.4,0,none,10.0
1789892819.5715096,Switch,8.45,0.0,71.28,0.0,-43.2,8.5,0.57,0.58,43.02,7.79,71.05,-43.28,2.14,-0.49,0.1,0,none,10.0
1789892819.5741174,Switch,8.88,0.0,70.95,0.0,-42.9,4.7,0.48,0.66,46.03,8.2,71.13,-43.2,2.02,0.41,0.4,0,none,10.0
1789892819.5767255,Switch,8.41,0.0,72.15,0.0,-42.9,8.6,0.37,0.62,51.88,8.36,71.39,-43.16,0.81,1.29,0.2,0,none,10.0
1789892819.5791273,Switch,8.95,0.0,72.07,0.0,-42.8,1.0,0.44,21.99,50.8,8.48,71.49,-43.06,0.61,0.5,0.5,1,nic_error_spike,0.0
1789892819.5822783,Switch,9999.0,12.5,72.48,0.0,-42.5,1.0,0.44,33.81,55.19,2006.74,71.79,-42.86,9991.28,1.47,1.0,1,nic_error_spike,0.0
1789892819.5848134,Switch,8.37,12.5,72.4,0.0,-42.5,1.0,0.25,29.62,52.03,2006.72,72.01,-42.72,-0.08,1.12,0.7,1,nic_error_spike,0.0
1789892819.58753,Switch,9999.0,25.0,71.12,0.0,-42.5,1.0,0.25,34.32,46.97,4004.75,72.04,-42.64,9990.12,0.17,0.4,1,nic_error_spike,0.0
1789892819.5901709,Switch,7.58,25.0,70.21,0.0,-42.1,1.0,0.49,36.43,51.74,4004.58,71.66,-42.48,-0.83,-1.94,0.8,1,nic_error_spike,0.0
1789892819.5927787,Switch,9999.0,37.5,69.81,0.0,-41.7,1.0,0.49,37.94,54.42,6002.59,71.2,-42.26,9990.05,-2.26,1.1,1,nic_error_spike,0.0
1789892819.5952737,Switch,7.22,37.5,70.46,0.0,-42.1,1.0,0.62,42.61,53.72,4004.23,70.8,-42.18,-9991.78,-2.02,0.4,1,nic_error_spike,0.0
1789892819.597916,Switch,7.58,37.5,71.14,0.0,-42.0,1.0,0.63,37.77,52.07,4004.08,70.55,-42.08,-0.79,-1.26,0.5,1,nic_error_spike,0.0
1789892819.601211,Switch,7.4,37.5,72.5,0.0,-42.3,1.0,0.39,41.07,46.9,2005.76,70.82,-42.04,-9991.6,1.38,0.2,1,nic_error_spike,0.0
1789892819.6042254,Switch,9999.0,37.5,72.7,0.0,-41.9,1.0,0.39,40.31,48.72,4004.04,71.32,-42.0,9991.42,2.49,0.2,1,nic_error_spike,0.0
1789892819.6072237,Switch,9999.0,50.0,72.68,0.0,-42.1,1.0,0.39,39.49,50.41,4004.04,71.9,-42.08,0.0,2.87,-0.4,1,nic_error_spike,0.0
1789892819.610228,Switch,6.54,37.5,72.01,0.0,-41.9,1.0,0.39,37.19,51.17,4003.9,72.21,-42.04,-0.68,1.55,0.2,1,nic_error_spike,0.0
1789892819.6130114,Switch,9999.0,50.0,71.65,0.0,-41.6,1.0,0.39,38.59,53.58,6002.19,72.31,-41.96,9991.42,0.51,0.4,1,nic_error_spike,0.0
1789892819.615543,Switch,9999.0,50.0,72.62,0.0,-41.4,1.0,0.39,37.67,54.55,8000.51,72.33,-41.78,9991.6,0.12,0.9,1,,0.0
1789892819.617833,Switch,5.82,50.0,72.53,0.0,-41.7,1.0,0.65,22.91,50.05,6001.87,72.3,-41.74,-9993.18,-0.17,0.2,0,none,10.0
1789892819.6205845,Switch,5.94,50.0,71.71,0.0,-42.0,2.0,0.72,13.85,47.4,4003.26,72.1,-41.72,-9993.06,-0.97,0.1,0,none,10.0
1789892819.623034,Switch,5.8,50.0,70.42,0.0,-41.8,3.6,0.61,8.58,48.85,4003.11,71.79,-41.7,-0.74,-1.59,0.1,0,none,10.0
1789892819.6252964,Switch,6.6,37.5,69.26,0.0,-42.0,6.4,0.35,5.18,43.7,2004.63,71.31,-41.78,-9992.4,-2.39,-0.4,0,none,10.0
1789892819.627778,Switch,6.7,25.0,68.24,0.0,-41.7,3.6,0.39,3.23,40.91,6.17,70.43,-41.84,-9992.3,-4.38,-0.3,0,none,10.0
1789892819.6302814,Switch,6.12,25.0,67.44,0.0,-42.1,1.4,0.36,2.16,41.82,6.23,69.41,-41.92,0.3,-5.09,-0.4,0,none,10.0
1789892819.6327388,Switch,5.83,12.5,67.48,0.0,-42.0,1.0,0.38,1.38,36.7,6.21,68.57,-41.92,-0.11,-4.23,0.0,0,none,10.0
1789892819.6352,Switch,5.06,0.0,68.78,0.0,-41.7,1.0,0.59,1.05,34.51,6.06,68.24,-41.9,-0.74,-1.64,0.1,0,none,10.0
1789892819.6377072,Switch,5.39,0.0,67.28,0.0,-41.6,1.0,0.57,0.93,39.07,5.82,67.84,-41.82,-1.21,-1.98,0.4,0,none,10.0
1789892819.6402125,Switch,6.17,0.0,68.3,0.0,-41.3,1.0,0.43,0.86,37.82,5.71,67.86,-41.74,-0.53,0.06,0.4,0,none,10.0
1789892819.6431017,Switch,5.4,0.0,69.14,0.0,-41.3,1.0,0.39,0.87,38.47,5.57,68.2,-41.58,-0.72,1.7,0.8,0,none,10.0
1789892819.6459165,Switch,5.79,0.0,70.59,0.0,-41.0,4.8,0.38,0.78,32.48,5.56,68.82,-41.38,-0.04,3.11,1.0,0,none,10.0
1789892819.6487505,Switch,5.6,0.0,71.25,0.0,-41.0,6.4,0.29,0.76,36.04,5.67,69.31,-41.24,0.54,2.47,0.7,0,none,10.0
1789892819.651323,Switch,6.18,0.0,69.83,0.0,-40.6,4.3,0.31,0.84,41.98,5.83,69.82,-41.04,0.79,2.55,1.0,0,none,10.0
1789892819.6542509,Switch,5.76,0.0,68.9,0.0,-40.4,1.8,0.26,0.58,43.14,5.75,69.94,-40.86,-0.41,0.6,0.9,0,none,10.0
1789892819.6568258,Switch,5.58,0.0,69.6,0.0,-40.1,4.7,0.21,0.55,48.53,5.78,70.03,-40.62,0.18,0.46,1.2,0,none,10.0
1789892819.6594274,Switch,5.84,0.0,68.75,0.0,-39.9,4.7,0.22,0.48,44.58,5.79,69.67,-40.4,0.05,-1.84,1.1,0,none,10.0
1789892819.6622925,Switch,6.2,0.0,69.54,0.0,-40.2,5.3,0.24,0.51,38.58,5.91,69.32,-40.24,0.6,-1.71,0.8,0,none,10.0
1789892819.664811,Switch,6.79,0.0,68.82,0.0,-40.4,8.3,0.43,0.35,33.1,6.03,69.12,-40.2,0.61,-1.01,0.2,0,none,10.0
1789892819.667326,Switch,6.5,0.0,69.33,0.0,-40.5,6.7,0.44,0.53,33.57,6.18,69.21,-40.22,0.74,0.43,-0.1,0,none,10.0
1789892819.6697323,Switch,7.08,0.0,70.02,0.0,-40.5,7.3,0.43,0.54,31.18,6.48,69.29,-40.3,1.5,0.42,-0.4,0,none,10.0
1789892819.6723316,Switch,7.78,0.0,71.07,0.0,-40.2,7.9,0.54,0.37,32.07,6.87,69.76,-40.36,1.94,2.32,-0.3,0,none,10.0
1789892819.6749425,Switch,8.2,0.0,72.19,0.0,-40.5,6.9,0.63,0.25,30.04,7.27,70.29,-40.42,2.0,2.65,-0.3,0,none,10.0
1789892819.6777818,Switch,8.03,0.0,72.16,0.0,-40.7,9.0,0.63,0.38,24.64,7.52,70.95,-40.48,1.24,3.34,-0.3,0,none,10.0
1789892819.6803167,Switch,8.66,0.0,70.79,0.0,-40.6,11.8,0.52,0.36,27.05,7.95,71.25,-40.5,2.16,1.46,-0.1,0,none,10.0
1789892819.6829262,Switch,7.94,0.0,71.44,0.0,-40.8,10.6,0.3,0.23,26.67,8.12,71.53,-40.56,0.86,1.42,-0.3,0,none,10.0
1789892819.6855304,Switch,7.54,0.0,70.72,0.0,-41.2,9.5,0.36,0.41,29.02,8.07,71.46,-40.76,-0.24,-0.35,-1.0,0,none,10.0
1789892819.688235,Switch,7.89,0.0,71.79,0.0,-41.1,12.9,0.36,0.57,27.06,8.01,71.38,-40.88,-0.31,-0.4,-0.6,0,none,10.0
1789892819.6908534,Switch,8.05,0.0,71.47,0.0,-40.9,12.4,0.36,0.63,26.15,8.02,71.24,-40.92,0.02,-0.69,-0.2,0,none,10.0
1789892819.6936924,Switch,8.51,0.0,71.23,0.0,-41.3,12.1,0.31,0.44,27.01,7.99,71.33,-41.06,-0.15,0.44,-0.7,0,none,10.0
1789892819.6962519,Switch,8.88,0.0,70.4,0.0,-41.1,14.4,0.47,0.35,23.15,8.17,71.12,-41.12,0.94,-1.04,-0.3,0,none,10.0
1789892819.6988566,Switch,9.1,0.0,69.44,0.0,-40.8,15.7,0.47,0.5,22.87,8.49,70.87,-41.04,1.56,-1.28,0.4,0,none,10.0
1789892819.7014768,Switch,9.47,0.0,68.41,0.0,-40.8,12.1,0.49,0.3,26.99,8.8,70.19,-40.98,1.58,-3.38,0.3,0,none,10.0
1789892819.7044659,Switch,9.69,0.0,69.04,0.0,-40.9,11.7,0.42,0.23,25.08,9.13,69.7,-40.98,1.64,-2.43,0.0,0,none,10.0
1789892819.7069812,Switch,9.92,0.0,69.65,0.0,-40.9,13.2,0.38,0.32,26.74,9.41,69.39,-40.9,1.41,-1.58,0.4,0,none,10.0
1789892819.7100253,Switch,10.68,0.0,69.56,0.0,-40.8,12.8,0.53,0.46,24.05,9.77,69.22,-40.84,1.8,-0.84,0.3,0,none,10.0
1789892819.7126331,Switch,11.33,0.0,70.37,0.0,-40.6,14.4,0.69,0.42,28.09,10.22,69.41,-40.8,2.23,0.93,0.2,0,none,10.0
1789892819.7152622,Switch,11.94,0.0,69.34,0.0,-40.4,11.7,0.84,0.32,23.01,10.71,69.59,-40.72,2.47,0.93,0.4,0,none,10.0
1789892819.717869,Switch,11.65,0.0,67.87,0.0,-40.5,9.7,0.72,0.54,22.32,11.1,69.36,-40.64,1.96,-1.17,0.4,0,none,10.0
1789892819.720895,Switch,12.16,0.0,66.7,0.0,-40.4,1.0,0.52,5.73,18.1,11.55,68.77,-40.54,2.24,-2.95,0.5,1,tx_rate_drop,0.0
1789892819.7237055,Switch,11.53,0.0,67.66,0.0,-40.8,1.0,0.29,6.11,23.4,11.72,68.39,-40.54,0.85,-1.9,0.0,1,tx_rate_drop,0.0
1789892819.726511,Switch,12.09,0.0,67.19,0.0,-40.7,1.0,0.25,9.01,21.94,11.87,67.75,-40.56,0.76,-3.18,-0.1,1,tx_rate_drop,0.0
1789892819.7288663,Switch,12.38,0.0,66.03,0.0,-40.4,1.0,0.32,9.72,19.69,11.96,67.09,-40.56,0.44,-3.31,0.0,1,tx_rate_drop,0.0
1789892819.7315602,Switch,13.03,0.0,67.31,0.0,-40.3,1.0,0.48,13.66,18.94,12.24,66.98,-40.52,1.38,-0.56,0.2,1,tx_rate_drop,0.0
1789892819.7343097,Switch,12.86,0.0,66.18,0.0,-40.2,1.0,0.54,11.85,21.69,12.38,66.87,-40.48,0.7,-0.52,0.2,1,tx_rate_drop,0.0
1789892819.7369835,Switch,13.41,0.0,66.35,0.0,-40.5,1.0,0.47,11.82,23.72,12.75,66.61,-40.42,1.88,-1.31,0.3,1,tx_rate_drop,0.0
1789892819.7395685,Switch,13.1,0.0,66.93,0.0,-40.8,1.0,0.34,14.92,26.28,12.96,66.56,-40.44,1.01,-0.26,-0.1,1,tx_rate_drop,0.0
1789892819.7423265,Switch,13.88,0.0,68.35,0.0,-40.6,1.0,0.36,14.05,23.1,13.26,67.02,-40.48,1.5,2.32,-0.2,1,tx_rate_drop,0.0
1789892819.744927,Switch,14.45,0.0,67.55,0.0,-40.6,1.0,0.57,14.45,25.65,13.54,67.07,-40.54,1.42,0.24,-0.3,1,tx_rate_drop,0.0
1789892819.7475097,Switch,14.24,0.0,68.57,0.0,-40.6,1.0,0.5,11.85,26.54,13.82,67.55,-40.62,1.38,2.39,-0.4,1,tx_rate_drop,0.0
1789892819.750091,Switch,14.78,0.0,68.71,0.0,-40.7,1.0,0.58,12.28,25.37,14.09,68.02,-40.66,1.37,2.36,-0.2,1,tx_rate_drop,0.0
1789892819.7526767,Switch,14.9,0.0,67.86,0.0,-40.5,1.0,0.37,14.67,27.85,14.45,68.21,-40.6,1.8,0.93,0.3,1,tx_rate_drop,0.0
1789892819.7556531,Switch,15.45,0.0,69.08,0.0,-40.9,1.0,0.41,13.25,28.71,14.76,68.35,-40.66,1.57,0.73,-0.3,1,,0.0
1789892819.7582858,Switch,14.78,0.0,70.5,0.0,-41.0,3.0,0.38,8.06,33.01,14.83,68.94,-40.74,0.33,2.95,-0.4,1,none,0.33
1789892819.7608685,Switch,14.76,0.0,71.19,0.0,-41.1,1.0,0.26,4.85,28.95,14.93,69.47,-40.84,0.52,2.62,-0.5,1,none,0.2
1789892819.7632608,Switch,14.48,0.0,70.66,0.0,-41.1,1.0,0.32,3.19,32.14,14.87,69.86,-40.92,-0.3,1.95,-0.4,1,none,0.2
1789892819.7658772,Switch,13.7,0.0,69.55,0.0,-41.3,1.0,0.56,2.26,27.76,14.63,70.2,-41.08,-1.2,1.69,-0.8,0,none,10.0
1789892819.7685854,Switch,13.49,0.0,68.42,0.0,-41.2,2.1,0.54,1.59,28.2,14.24,70.06,-41.14,-1.96,-0.66,-0.3,0,none,10.0
1789892819.7717068,Switch,14.15,0.0,67.13,0.0,-41.6,1.0,0.47,1.1,22.62,14.12,69.39,-41.26,-0.63,-3.37,-0.6,0,none,10.0
1789892819.774189,Switch,14.08,0.0,65.94,0.0,-41.2,1.0,0.35,0.7,23.98,13.98,68.34,-41.28,-0.68,-5.25,-0.1,0,none,10.0
1789892819.7772045,Switch,13.92,0.0,65.16,0.0,-41.5,1.0,0.24,0.81,18.27,13.87,67.24,-41.36,-0.56,-5.5,-0.4,0,none,10.0
1789892819.7799342,Switch,14.61,0.0,65.14,0.0,-41.9,1.6,0.36,0.71,21.07,14.05,66.36,-41.48,0.91,-4.41,-0.6,0,none,10.0
1789892819.7822454,Switch,14.59,0.0,65.26,0.0,-41.6,1.0,0.28,0.73,18.2,14.27,65.73,-41.56,1.1,-3.16,-0.4,0,none,10.0
1789892819.7848034,Switch,13.92,0.0,65.63,0.0,-41.6,1.0,0.31,22.78,14.63,14.22,65.43,-41.56,-0.23,-1.5,0.0,1,nic_error_spike,0.0
1789892819.7872267,Switch,9999.0,12.5,65.81,0.0,-41.2,1.0,0.31,23.98,13.69,2011.21,65.4,-41.56,9984.92,-0.13,0.0,1,nic_error_spike,0.0
1789892819.7897613,Switch,9999.0,25.0,64.71,0.0,-41.5,1.0,0.31,31.45,12.77,4008.22,65.31,-41.56,9985.08,-0.45,0.0,1,nic_error_spike,0.0
1789892819.7923203,Switch,13.76,25.0,65.86,0.0,-41.5,1.0,0.36,32.98,14.45,4008.05,65.45,-41.48,-0.85,0.72,0.4,1,nic_error_spike,0.0
1789892819.795166,Switch,9999.0,37.5,64.39,0.0,-41.4,1.0,0.36,32.94,20.36,6004.94,65.28,-41.44,9984.41,-0.87,0.2,1,nic_error_spike,0.0
1789892819.7980988,Switch,14.28,37.5,64.47,0.0,-41.5,1.0,0.34,37.95,17.94,6005.01,65.05,-41.42,0.36,-1.16,0.1,1,nic_error_spike,0.0
1789892819.8009007,Switch,14.01,37.5,63.41,0.0,-41.2,1.0,0.29,45.53,22.62,4008.01,64.57,-41.42,-9984.99,-2.4,0.0,1,nic_error_spike,0.0
1789892819.8036067,Switch,13.93,37.5,64.89,0.0,-41.0,1.0,0.17,50.43,27.1,2011.0,64.6,-41.32,-9985.07,0.18,0.5,1,nic_error_spike,0.0
1789892819.806221,Switch,9999.0,50.0,63.7,0.0,-40.8,1.0,0.17,48.8,26.0,4008.04,64.17,-41.18,9985.24,-2.16,0.7,1,nic_error_spike,0.0
1789892819.8088334,Switch,14.53,37.5,64.7,0.0,-40.8,1.0,0.27,51.77,29.64,2011.15,64.23,-41.06,-9984.47,0.31,0.6,1,nic_error_spike,0.0
1789892819.8114805,Switch,14.87,25.0,66.09,0.0,-40.9,1.0,0.35,48.25,30.19,2011.27,64.56,-40.94,0.59,1.62,0.6,1,nic_error_spike,0.0
1789892819.8140938,Switch,15.34,25.0,67.16,0.0,-41.2,1.0,0.53,43.24,32.62,2011.53,65.31,-40.94,1.33,3.75,0.0,1,nic_error_spike,0.0
1789892819.8169098,Switch,15.76,12.5,65.93,0.0,-41.5,1.0,0.64,37.57,28.7,2011.9,65.52,-41.04,1.83,1.04,-0.5,1,nic_error_spike,0.0
1789892819.819498,Switch,16.1,12.5,67.27,0.0,-41.2,1.0,0.57,32.2,30.49,15.32,66.23,-41.12,-9982.9,3.57,-0.4,1,nic_error_spike,0.0
1789892819.822081,Switch,15.59,12.5,68.22,0.0,-40.9,1.0,0.41,40.23,25.15,15.53,66.93,-41.14,1.06,3.52,-0.1,1,,0.0
1789892819.8247933,Switch,16.09,12.5,69.23,0.0,-40.8,1.0,0.29,24.21,30.34,15.78,67.56,-41.12,1.22,3.14,0.1,1,none,0.33
1789892819.827084,Switch,15.78,0.0,70.11,0.0,-40.6,3.8,0.2,14.89,33.79,15.86,68.15,-41.0,0.44,2.95,0.6,1,none,0.2
1789892819.829633,Switch,16.04,0.0,70.78,0.0,-40.3,1.0,0.2,9.0,34.71,15.92,69.12,-40.76,0.28,4.85,1.2,1,none,0.2
1789892819.8317997,Switch,16.21,0.0,70.37,0.0,-40.0,2.0,0.23,5.72,37.56,15.94,69.74,-40.52,0.11,3.1,1.2,0,none,10.0
1789892819.8343184,Switch,16.88,0.0,70.26,0.0,-39.9,4.5,0.37,3.52,42.21,16.2,70.15,-40.32,1.29,2.04,1.0,0,none,10.0
1789892819.8368511,Switch,16.21,0.0,70.35,0.0,-40.0,3.0,0.36,2.32,43.11,16.22,70.37,-40.16,0.12,1.12,0.8,0,none,10.0
1789892819.8396482,Switch,16.87,0.0,70.98,0.0,-40.0,1.0,0.36,1.67,48.15,16.44,70.55,-40.04,1.09,0.87,0.6,0,none,10.0
1789892819.842203,Switch,17.28,0.0,71.57,0.0,-40.3,2.1,0.42,1.18,45.27,16.69,70.71,-40.04,1.24,0.79,0.0,0,none,10.0
1789892819.8447957,Switch,17.96,0.0,70.8,0.0,-40.2,4.6,0.58,1.0,44.37,17.04,70.79,-40.08,1.75,0.43,-0.2,0,none,10.0
1789892819.8473933,Switch,18.18,0.0,72.08,0.0,-40.1,6.2,0.72,0.9,49.57,17.3,71.16,-40.12,1.3,1.82,-0.2,0,none,10.0
1789892819.8496213,Switch,18.69,0.0,72.41,0.0,-39.9,4.2,0.65,0.75,53.51,17.8,71.57,-40.1,2.48,2.06,0.1,0,none,10.0
1789892819.8517904,Switch,9999.0,12.5,70.95,0.0,-40.1,1.0,0.65,11.75,50.41,2014.22,71.56,-40.12,9982.13,-0.03,-0.1,1,nic_error_spike,0.0
1789892819.8542528,Switch,9999.0,25.0,70.35,0.0,-40.0,1.0,0.65,23.05,55.91,4010.57,71.32,-40.06,9981.72,-1.22,0.3,1,nic_error_spike,0.0
1789892819.856717,Switch,18.88,25.0,68.94,0.0,-39.7,1.0,0.57,25.07,57.19,4010.75,70.95,-39.96,0.92,-1.86,0.5,1,nic_error_spike,0.0
1789892819.859644,Switch,19.63,25.0,69.89,0.0,-40.1,1.0,0.58,33.7,63.06,4011.04,70.51,-39.96,1.45,-2.19,0.0,1,nic_error_spike,0.0
1789892819.8622894,Switch,19.55,25.0,70.12,0.0,-40.4,1.0,0.54,36.17,60.92,4011.21,70.05,-40.06,0.86,-2.29,-0.5,1,nic_error_spike,0.0
1789892819.8653631,Switch,19.1,25.0,70.89,0.0,-40.2,1.0,0.37,35.65,59.72,2015.23,70.04,-40.08,-9979.9,-0.06,-0.1,1,nic_error_spike,0.0
1789892819.8680367,Switch,19.29,25.0,69.81,0.0,-40.4,1.0,0.28,43.25,59.1,19.29,69.93,-40.16,-9979.71,-0.54,-0.4,1,nic_error_spike,0.0
1789892819.8708382,Switch,19.41,25.0,68.64,0.0,-40.7,1.0,0.19,47.81,60.89,19.4,69.87,-40.36,0.53,-0.3,-1.0,1,nic_error_spike,0.0
1789892819.8738244,Switch,9999.0,25.0,69.13,0.0,-40.6,1.0,0.19,44.57,66.8,2015.27,69.72,-40.46,9979.37,-0.76,-0.5,1,nic_error_spike,0.0
1789892819.8768618,Switch,20.38,12.5,67.69,0.0,-40.6,1.0,0.44,49.32,72.48,2015.44,69.23,-40.5,0.83,-2.43,-0.2,1,nic_error_spike,0.0
1789892819.8795118,Switch,20.66,12.5,66.96,0.0,-40.4,1.0,0.63,47.09,71.02,2015.75,68.45,-40.54,1.56,-3.93,-0.2,1,nic_error_spike,0.0
1789892819.8818555,Switch,20.53,12.5,67.09,0.0,-40.6,1.0,0.58,49.54,73.71,2016.0,67.9,-40.58,1.24,-2.72,-0.2,1,nic_error_spike,0.0
1789892819.8843806,Switch,9999.0,25.0,67.82,0.0,-40.4,1.0,0.58,43.69,76.24,4011.91,67.74,-40.52,9979.59,-0.82,0.3,1,nic_error_spike,0.0
1789892819.8869874,Switch,20.28,25.0,67.86,0.0,-40.4,1.0,0.44,46.79,73.42,2016.17,67.48,-40.48,-9978.72,-1.27,0.2,1,nic_error_spike,0.0
1789892819.8894382,Switch,9999.0,37.5,66.67,0.0,-40.5,1.0,0.44,49.3,77.85,4011.89,67.28,-40.46,9978.62,-1.02,0.1,1,nic_error_spike,0.0
1789892819.892059,Switch,20.1,37.5,66.67,0.0,-40.6,1.0,0.2,50.33,72.03,4011.78,67.22,-40.5,-0.56,-0.29,-0.2,1,nic_error_spike,0.0
1789892819.8947074,Switch,20.25,25.0,67.67,0.0,-40.3,1.0,0.2,39.87,67.91,4011.73,67.34,-40.44,-0.28,0.58,0.3,1,nic_error_spike,0.0
1789892819.897417,Switch,20.77,25.0,67.66,0.0,-40.6,1.0,0.24,36.76,67.99,2016.08,67.31,-40.48,-9978.23,-0.16,-0.2,1,,0.0
1789892819.8997722,Switch,20.98,25.0,68.36,0.0,-41.0,1.0,0.34,22.28,68.77,2016.22,67.41,-40.6,0.7,0.5,-0.6,1,none,0.33
1789892819.9024072,Switch,21.37,25.0,68.0,0.0,-41.2,1.0,0.47,13.52,66.6,20.69,67.67,-40.74,-9977.63,1.33,-0.7,1,none,0.2
1789892819.9050155,Switch,21.52,12.5,69.18,0.0,-40.9,1.0,0.45,8.42,67.94,20.98,68.17,-40.8,1.42,2.51,-0.3,1,none,0.2
1789892819.9077306,Switch,20.83,12.5,70.1,0.0,-41.0,4.6,0.3,5.08,72.33,21.09,68.66,-40.94,0.58,2.43,-0.7,0,none,10.0
1789892819.9103296,Switch,20.35,0.0,71.26,0.0,-40.6,8.6,0.41,3.13,73.15,21.01,69.38,-40.94,-0.42,3.6,0.0,0,none,10.0
1789892819.9134657,Switch,20.73,0.0,71.42,0.0,-40.7,6.7,0.43,1.96,73.09,20.96,69.99,-40.88,-0.25,3.06,0.3,0,none,10.0
1789892819.9164019,Switch,20.58,0.0,69.97,0.0,-40.8,8.1,0.39,1.25,73.05,20.8,70.39,-40.8,-0.79,1.97,0.4,0,none,10.0
1789892819.9190319,Switch,20.92,0.0,71.23,0.0,-40.4,5.7,0.2,1.01,76.99,20.68,70.8,-40.7,-0.6,2.05,0.5,0,none,10.0
1789892819.921605,Switch,20.9,0.0,71.82,0.0,-40.4,8.8,0.21,0.66,72.54,20.7,71.14,-40.58,0.07,1.72,0.6,0,none,10.0
1789892819.9242413,Switch,20.29,0.0,72.7,0.0,-40.2,12.7,0.23,0.69,77.15,20.68,71.43,-40.5,-0.06,1.44,0.4,0,none,10.0
1789892819.927052,Switch,20.56,0.0,71.83,0.0,-40.5,15.6,0.23,0.48,81.07,20.65,71.51,-40.46,-0.17,0.41,0.2,0,none,10.0
1789892819.929683,Switch,20.32,0.0,72.36,0.0,-40.3,15.2,0.27,0.66,79.25,20.6,71.99,-40.36,-0.26,2.39,0.5,0,none,10.0
1789892819.9322565,Switch,21.09,0.0,72.64,0.0,-40.6,13.4,0.31,0.44,80.63,20.63,72.27,-40.4,0.17,1.41,-0.2,0,none,10.0
1789892819.9346797,Switch,20.53,0.0,73.97,0.0,-40.5,16.6,0.28,0.51,77.71,20.56,72.7,-40.42,-0.37,2.15,-0.1,0,none,10.0
1789892819.9376009,Switch,20.01,0.0,74.57,0.0,-40.2,14.9,0.35,0.63,75.73,20.5,73.07,-40.42,-0.28,1.87,0.0,0,none,10.0
1789892819.9400609,Switch,20.36,0.0,73.58,0.0,-40.1,18.4,0.35,0.68,75.84,20.46,73.42,-40.34,-0.2,1.75,0.4,0,none,10.0
1789892819.9425585,Switch,20.3,0.0,73.97,0.0,-40.3,16.4,0.36,0.47,78.96,20.46,73.75,-40.34,-0.02,1.61,0.0,0,none,10.0
1789892819.9447773,Switch,20.25,0.0,74.59,0.0,-40.4,13.7,0.17,0.59,81.23,20.29,74.14,-40.3,-0.84,1.95,0.2,0,none,10.0
1789892819.9473603,Switch,21.01,0.0,73.3,0.0,-40.8,15.1,0.33,0.59,79.68,20.39,74.0,-40.36,0.48,-0.67,-0.3,0,none,10.0
1789892819.9499676,Switch,20.83,0.0,72.33,0.0,-41.1,14.3,0.31,0.7,80.08,20.55,73.55,-40.54,0.82,-2.24,-0.9,0,none,10.0
1789892819.9526455,Switch,20.97,0.0,73.6,0.0,-40.9,12.1,0.33,0.59,79.07,20.67,73.56,-40.7,0.61,0.02,-0.8,0,none,10.0
1789892819.9552336,Switch,20.64,0.0,73.14,0.0,-40.7,14.8,0.28,0.5,83.14,20.74,73.39,-40.78,0.34,-0.83,-0.4,0,none,10.0
1789892819.9577887,Switch,20.96,0.0,71.79,0.0,-40.5,11.2,0.13,0.49,86.91,20.88,72.83,-40.8,0.71,-2.8,-0.1,0,none,10.0
1789892819.9599838,Switch,20.5,0.0,72.59,0.0,-40.4,13.1,0.18,0.69,85.45,20.78,72.69,-40.72,-0.51,-0.71,0.4,0,none,10.0
1789892819.9625604,Switch,20.76,0.0,73.2,0.0,-40.7,16.4,0.18,0.51,90.18,20.77,72.86,-40.64,-0.07,0.87,0.4,0,none,10.0
1789892819.9651456,Switch,20.21,0.0,73.7,0.0,-40.3,13.4,0.25,0.56,93.41,20.61,72.88,-40.52,-0.76,0.1,0.6,0,none,10.0
1789892819.967783,Switch,20.09,0.0,72.3,0.0,-40.0,14.8,0.33,0.69,88.04,20.5,72.72,-40.38,-0.55,-0.84,0.7,0,none,10.0
1789892819.9702659,Switch,19.9,0.0,70.87,0.0,-40.0,14.7,0.3,0.66,84.28,20.29,72.53,-40.28,-1.06,-0.92,0.5,0,none,10.0
1789892819.972863,Switch,19.83,0.0,70.49,0.0,-40.2,12.8,0.33,0.74,88.75,20.16,72.11,-40.24,-0.67,-2.1,0.2,0,none,10.0
1789892819.9753973,Switch,19.95,0.0,71.12,0.0,-40.3,11.0,0.14,0.46,88.17,20.0,71.7,-40.16,-0.81,-2.08,0.4,0,none,10.0
1789892819.9779325,Switch,20.38,0.0,69.99,0.0,-40.2,12.9,0.19,0.55,83.03,20.03,70.95,-40.14,0.17,-3.71,0.1,0,none,10.0
1789892819.9804678,Switch,20.95,0.0,71.41,0.0,-40.4,1.0,0.42,21.12,78.6,20.2,70.78,-40.22,0.86,-0.89,-0.4,1,nic_error_spike,0.0
1789892819.983003,Switch,20.58,0.0,72.42,0.0,-40.3,1.0,0.41,22.73,82.93,20.34,71.09,-40.28,0.68,1.55,-0.3,1,nic_error_spike,0.0
1789892819.985538,Switch,21.03,0.0,71.32,0.0,-40.3,1.0,0.39,33.67,83.21,20.58,71.25,-40.3,1.2,0.83,-0.1,1,nic_error_spike,0.0
1789892819.9880729,Switch,21.76,0.0,70.35,0.0,-40.1,1.0,0.48,34.92,80.1,20.94,71.1,-40.26,1.81,-0.77,0.2,1,nic_error_spike,0.0
1789892819.9906068,Switch,21.09,0.0,69.07,0.0,-39.9,1.0,0.38,43.6,80.8,21.08,70.91,-40.2,0.71,-0.92,0.3,1,nic_error_spike,0.0
1789892819.9931424,Switch,21.56,0.0,68.63,0.0,-40.1,1.0,0.42,46.54,78.37,21.2,70.36,-40.14,0.61,-2.78,0.3,1,nic_error_spike,0.0
1789892819.995677,Switch,21.51,0.0,67.95,0.0,-40.2,1.0,0.28,43.52,74.64,21.39,69.46,-40.12,0.93,-4.47,0.1,1,nic_error_spike,0.0
1789892819.9982123,Switch,9999.0,12.5,68.81,0.0,-40.0,1.0,0.28,36.81,75.35,2016.98,68.96,-40.06,9977.97,-2.51,0.3,1,nic_error_spike,0.0
1789892820.0007477,Switch,21.28,12.5,69.54,0.0,-40.3,1.0,0.23,33.6,69.44,2016.89,68.8,-40.1,-0.48,-0.81,-0.2,1,nic_error_spike,0.0
1789892820.0032644,Switch,21.86,12.5,68.22,0.0,-40.4,1.0,0.26,32.28,72.25,2017.04,68.63,-40.2,0.77,-0.85,-0.5,1,nic_error_spike,0.0
1789892820.0073056,Switch,22.23,12.5,68.25,0.0,-40.1,1.0,0.33,35.08,68.15,2017.18,68.55,-40.2,0.67,-0.38,0.0,1,,0.0
1789892820.0118346,Switch,23.02,12.5,66.76,0.0,-39.7,4.1,0.61,21.15,71.17,2017.48,68.32,-40.1,1.51,-1.19,0.5,1,none,0.67
1789892820.0144343,Switch,23.04,12.5,67.23,0.0,-40.1,4.4,0.68,12.71,67.54,22.29,68.0,-40.12,-9975.96,-1.58,-0.1,1,none,0.5
1789892820.0169458,Switch,23.45,12.5,68.11,0.0,-40.4,3.4,0.58,7.9,73.25,22.72,67.71,-40.14,2.17,-1.43,-0.1,1,none,0.33
1789892820.0194583,Switch,23.58,12.5,68.0,0.0,-40.7,6.0,0.47,5.06,77.55,23.06,67.67,-40.2,1.72,-0.22,-0.3,1,none,0.2
1789892820.021982,Switch,23.24,0.0,67.03,0.0,-40.4,3.8,0.22,3.26,74.68,23.27,67.43,-40.26,1.01,-1.22,-0.3,1,none,0.2
1789892820.0244963,Switch,22.62,0.0,67.56,0.0,-40.4,5.2,0.34,2.33,72.69,23.19,67.59,-40.4,-0.4,0.8,-0.7,0,none,10.0
1789892820.027011,Switch,23.29,0.0,66.74,0.0,-40.1,9.1,0.33,1.75,68.07,23.24,67.49,-40.4,0.25,-0.49,0.0,0,none,10.0
1789892820.0292659,Switch,23.37,0.0,67.02,0.0,-40.2,10.3,0.32,1.4,71.45,23.22,67.27,-40.36,-0.08,-1.09,0.2,0,none,10.0
1789892820.0318532,Switch,23.44,0.0,67.61,0.0,-40.5,6.7,0.29,0.98,68.09,23.19,67.19,-40.32,-0.14,-0.39,0.2,0,none,10.0
1789892820.0343804,Switch,23.68,0.0,66.28,0.0,-40.6,6.0,0.35,0.74,66.48,23.28,67.04,-40.36,0.44,-0.75,-0.2,0,none,10.0
1789892820.0365798,Switch,24.11,0.0,67.46,0.0,-40.9,7.2,0.3,0.54,63.26,23.58,67.02,-40.46,1.49,-0.1,-0.5,0,none,10.0
1789892820.03884,Switch,23.63,0.0,66.7,0.0,-40.7,7.1,0.26,0.7,62.85,23.65,67.01,-40.58,0.34,-0.04,-0.6,0,none,10.0
1789892820.0414178,Switch,23.9,0.0,65.46,0.0,-40.3,6.7,0.23,0.46,62.2,23.75,66.7,-40.6,0.53,-1.56,-0.1,0,none,10.0
1789892820.0440323,Switch,23.49,0.0,66.11,0.0,-40.4,4.1,0.22,0.31,64.01,23.76,66.4,-40.58,0.05,-1.5,0.1,0,none,10.0
1789892820.0467677,Switch,23.67,0.0,67.4,0.0,-40.5,4.7,0.22,0.27,58.75,23.76,66.63,-40.56,-0.01,1.12,0.1,0,none,10.0
1789892820.0495367,Switch,24.25,0.0,66.13,0.0,-40.6,2.1,0.27,0.35,61.48,23.79,66.36,-40.5,0.14,-1.33,0.3,0,none,10.0
1789892820.0521333,Switch,24.95,0.0,67.45,0.0,-40.7,1.0,0.52,0.26,57.92,24.05,66.51,-40.5,1.32,0.75,0.0,0,none,10.0
1789892820.0547094,Switch,25.52,0.0,66.07,0.0,-41.0,1.0,0.77,0.44,61.51,24.38,66.63,-40.64,1.62,0.61,-0.7,0,none,10.0
1789892820.0573435,Switch,25.57,0.0,65.33,0.0,-41.1,5.0,0.74,0.59,64.29,24.79,66.48,-40.78,2.08,-0.78,-0.7,0,none,10.0
1789892820.059946,Switch,24.82,0.0,65.07,0.0,-40.9,8.9,0.49,0.68,69.21,25.02,66.01,-40.86,1.15,-2.33,-0.4,0,none,10.0
1789892820.0627162,Switch,25.48,0.0,64.74,0.0,-40.6,10.0,0.31,0.77,70.95,25.27,65.73,-40.86,1.23,-1.39,0.0,0,none,10.0
1789892820.0652928,Switch,26.08,0.0,64.15,0.0,-40.9,13.2,0.4,0.47,69.94,25.49,65.07,-40.9,1.13,-3.3,-0.2,0,none,10.0
1789892820.0680802,Switch,26.35,0.0,63.63,0.0,-40.9,9.9,0.53,0.47,67.91,25.66,64.58,-40.88,0.83,-2.44,0.1,0,none,10.0
1789892820.0708354,Switch,26.52,0.0,64.41,0.0,-41.0,9.2,0.62,0.54,70.97,25.85,64.4,-40.86,0.95,-0.92,0.1,0,none,10.0
1789892820.0738723,Switch,27.03,0.0,63.32,0.0,-41.0,1.0,0.51,8.08,74.47,26.29,64.05,-40.88,2.21,-1.75,-0.1,1,tx_rate_drop,0.0
1789892820.0769079,Switch,26.76,0.0,63.42,0.0,-41.2,1.0,0.33,7.46,68.83,26.55,63.79,-41.0,1.28,-1.32,-0.6,1,tx_rate_drop,0.0
1789892820.0797346,Switch,27.23,0.0,63.83,0.0,-41.6,1.0,0.32,8.48,73.09,26.78,63.72,-41.14,1.15,-0.32,-0.7,1,tx_rate_drop,0.0
1789892820.0827668,Switch,27.6,0.0,62.52,0.0,-41.2,1.0,0.37,13.35,79.05,27.03,63.5,-41.2,1.25,-1.11,-0.3,1,tx_rate_drop,0.0
1789892820.0851507,Switch,27.6,0.0,63.14,0.0,-41.3,1.0,0.33,15.13,78.86,27.24,63.25,-41.26,1.08,-1.27,-0.3,1,tx_rate_drop,0.0
1789892820.087868,Switch,27.89,0.0,64.1,0.0,-41.6,1.0,0.39,15.39,81.04,27.42,63.4,-41.38,0.86,0.78,-0.6,1,tx_rate_drop,0.0
1789892820.090336,Switch,27.43,0.0,62.8,0.0,-41.2,1.0,0.22,14.1,86.97,27.55,63.28,-41.38,0.67,-0.62,0.0,1,tx_rate_drop,0.0
1789892820.0932992,Switch,27.62,0.0,61.41,0.0,-41.2,1.0,0.15,13.01,83.95,27.63,62.79,-41.3,0.39,-2.42,0.4,1,tx_rate_drop,0.0
1789892820.0956862,Switch,26.94,0.0,61.15,0.0,-41.5,1.0,0.32,12.66,84.23,27.5,62.52,-41.36,-0.66,-1.37,-0.3,1,tx_rate_drop,0.0
1789892820.098271,Switch,26.42,0.0,60.28,0.0,-41.5,1.0,0.52,14.2,79.95,27.26,61.95,-41.4,-1.18,-2.86,-0.2,1,tx_rate_drop,0.0
1789892820.1005185,Switch,26.37,0.0,59.82,0.0,-41.7,1.0,0.51,11.31,74.33,26.96,61.09,-41.42,-1.52,-4.28,-0.1,1,tx_rate_drop,0.0
1789892820.1029265,Switch,26.57,0.0,58.35,0.0,-41.5,1.0,0.46,14.24,75.55,26.78,60.2,-41.48,-0.86,-4.45,-0.3,1,tx_rate_drop,0.0
1789892820.1056013,Switch,26.58,0.0,58.96,0.0,-41.2,1.0,0.2,11.2,79.08,26.58,59.71,-41.48,-1.04,-2.45,0.0,1,tx_rate_drop,0.0
1789892820.1081564,Switch,26.68,0.0,59.53,0.0,-41.0,1.0,0.11,12.32,77.52,26.52,59.39,-41.38,-0.26,-1.62,0.5,1,tx_rate_drop,0.0
1789892820.1112616,Switch,26.45,0.0,59.45,0.0,-40.7,1.0,0.11,14.43,76.13,26.53,59.22,-41.22,0.03,-0.83,0.8,1,,0.0
1789892820.1138666,Switch,25.93,0.0,58.52,0.0,-40.8,2.4,0.27,8.79,74.92,26.44,58.96,-41.04,-0.44,-1.3,0.9,1,none,1.0
1789892820.116658,Switch,26.32,0.0,57.56,0.0,-41.0,1.4,0.26,5.3,70.26,26.39,58.8,-40.94,-0.25,-0.79,0.5,1,none,0.83
1789892820.1191735,Switch,25.99,0.0,57.47,0.0,-41.0,1.0,0.28,3.53,65.36,26.27,58.51,-40.9,-0.59,-1.49,0.2,1,none,0.67
1789892820.1215541,Switch,26.18,0.0,56.43,0.0,-40.6,1.8,0.19,2.36,65.74,26.17,57.89,-40.82,-0.5,-3.1,0.4,1,none,0.5
1789892820.1245134,Switch,26.84,0.0,55.09,0.0,-40.2,1.0,0.32,1.61,63.64,26.25,57.01,-40.72,0.39,-4.36,0.5,1,none,0.33
1789892820.1273139,Switch,27.36,0.0,53.73,0.0,-40.6,4.6,0.5,1.19,65.33,26.54,56.06,-40.68,1.43,-4.79,0.2,1,none,0.2
1789892820.1297965,Switch,28.05,0.0,54.86,0.0,-40.9,5.2,0.76,0.74,60.44,26.88,55.52,-40.66,1.73,-2.7,0.1,1,none,0.2
1789892820.1323757,Switch,28.35,0.0,54.15,0.0,-41.2,8.3,0.79,0.59,54.87,27.36,54.85,-40.7,2.36,-3.32,-0.2,0,none,10.0
1789892820.1349928,Switch,29.03,0.0,54.21,0.0,-41.3,6.6,0.76,0.66,52.06,27.93,54.41,-40.84,2.85,-2.22,-0.7,0,none,10.0
1789892820.1376104,Switch,29.61,0.0,55.66,0.0,-41.3,3.9,0.78,0.52,55.21,28.48,54.52,-41.06,2.77,0.57,-1.1,0,none,10.0
1789892820.1402068,Switch,29.36,0.0,56.5,0.0,-41.4,1.0,0.59,16.19,51.31,28.88,55.08,-41.22,2.0,2.77,-0.8,1,nic_error_spike,0.0
1789892820.1430154,Switch,29.18,0.0,56.06,0.0,-41.2,1.0,0.42,29.39,51.53,29.11,55.32,-41.28,1.13,1.2,-0.3,1,nic_error_spike,0.0
1789892820.1453476,Switch,28.75,0.0,55.56,0.0,-41.3,1.0,0.29,32.48,46.73,29.19,55.6,-41.3,0.4,1.41,-0.1,1,nic_error_spike,0.0
1789892820.1479523,Switch,29.2,0.0,55.2,0.0,-41.5,1.0,0.28,41.25,49.41,29.22,55.8,-41.34,0.17,0.99,-0.2,1,nic_error_spike,0.0
1789892820.1510017,Switch,28.48,0.0,54.24,0.0,-41.5,1.0,0.33,47.73,43.92,28.99,55.51,-41.38,-1.13,-1.42,-0.2,1,nic_error_spike,0.0
1789892820.1541562,Switch,28.47,0.0,53.67,0.0,-41.8,1.0,0.32,47.5,45.33,28.82,54.95,-41.46,-0.89,-2.83,-0.4,1,nic_error_spike,0.0
1789892820.1571798,Switch,9999.0,12.5,55.07,0.0,-41.5,1.0,0.32,47.54,43.27,2022.78,54.75,-41.52,9969.82,-0.99,-0.3,1,nic_error_spike,0.0
1789892820.1598647,Switch,28.38,12.5,55.65,0.0,-41.4,1.0,0.3,38.0,39.49,2022.71,54.77,-41.54,-0.37,0.09,-0.1,1,nic_error_spike,0.0
1789892820.1628366,Switch,9999.0,25.0,57.08,0.0,-41.2,1.0,0.3,36.94,43.89,4016.67,55.14,-41.48,9969.8,1.88,0.3,1,nic_error_spike,0.0
1789892820.1654813,Switch,9999.0,37.5,58.5,0.0,-41.3,1.0,0.3,39.05,43.04,6010.77,55.99,-41.44,9970.52,4.26,0.2,1,nic_error_spike,0.0
1789892820.1679986,Switch,9999.0,50.0,57.14,0.0,-41.0,1.0,0.3,34.91,41.24,8004.88,56.69,-41.28,9970.53,3.47,0.8,1,,0.0
1789892820.1710389,Switch,28.07,50.0,56.06,0.0,-41.0,1.0,0.37,21.06,40.27,6010.69,56.89,-41.18,-9970.93,0.99,0.5,1,none,0.33
1789892820.1736104,Switch,27.32,50.0,55.1,0.0,-41.2,4.2,0.44,12.7,42.44,6010.48,56.78,-41.14,-1.06,-0.55,0.2,1,none,0.2
1789892820.1761692,Switch,27.56,50.0,56.09,0.0,-41.2,7.1,0.45,7.8,43.59,4016.19,56.58,-41.14,-9971.44,-0.99,0.0,1,none,0.2
1789892820.1784482,Switch,27.71,37.5,54.81,0.0,-41.3,6.4,0.37,4.97,45.31,2021.93,55.84,-41.14,-9971.29,-3.69,0.0,0,none,10.0
1789892820.1815548,Switch,27.67,37.5,53.78,0.0,-40.9,5.0,0.24,3.37,44.32,27.67,55.17,-41.12,-9971.33,-3.36,0.1,0,none,10.0
1789892820.184444,Switch,27.01,25.0,53.56,0.0,-40.6,5.6,0.26,2.26,47.63,27.45,54.67,-41.04,-1.06,-2.5,0.4,0,none,10.0
1789892820.187008,Switch,27.32,12.5,52.73,0.0,-40.2,9.0,0.26,1.73,45.04,27.45,54.19,-40.84,0.0,-2.37,1.0,0,none,10.0
1789892820.1906276,Switch,26.83,0.0,51.23,0.0,-40.1,11.2,0.35,1.28,43.76,27.31,53.22,-40.62,-0.73,-4.86,1.1,0,none,10.0
1789892820.1931863,Switch,26.47,0.0,52.36,0.0,-39.8,8.8,0.41,1.08,39.18,27.06,52.73,-40.32,-1.24,-2.45,1.5,0,none,10.0
1789892820.195653,Switch,27.04,0.0,53.63,0.0,-39.4,6.7,0.28,0.73,40.75,26.93,52.7,-40.02,-0.63,-0.15,1.5,0,none,10.0
1789892820.1982324,Switch,26.92,0.0,54.0,0.0,-39.5,2.8,0.28,0.46,41.03,26.92,52.79,-39.8,-0.09,0.44,1.1,0,none,10.0
1789892820.2009063,Switch,26.63,0.0,54.19,0.0,-39.4,5.0,0.2,0.42,40.72,26.78,53.08,-39.64,-0.69,1.46,0.8,0,none,10.0
1789892820.203507,Switch,27.31,0.0,54.21,0.0,-39.2,3.0,0.3,0.51,36.95,26.87,53.68,-39.46,0.48,2.98,0.9,0,none,10.0
1789892820.2062864,Switch,27.21,0.0,55.21,0.0,-38.8,4.8,0.24,0.56,41.52,27.02,54.25,-39.26,0.74,2.85,1.0,0,none,10.0
1789892820.2087245,Switch,26.82,0.0,55.41,0.0,-38.4,3.6,0.25,0.37,40.48,26.98,54.6,-39.06,-0.22,1.78,1.0,0,none,10.0
1789892820.2113242,Switch,27.6,0.0,54.94,0.0,-38.3,5.0,0.35,0.35,44.66,27.11,54.79,-38.82,0.68,0.94,1.2,0,none,10.0
1789892820.2141774,Switch,27.13,0.0,54.37,0.0,-38.6,6.9,0.25,0.47,41.46,27.21,54.83,-38.66,0.5,0.18,0.8,0,none,10.0
1789892820.2167711,Switch,27.15,0.0,53.58,0.0,-38.9,3.5,0.25,0.31,42.5,27.18,54.7,-38.6,-0.16,-0.63,0.3,0,none,10.0
1789892820.2195349,Switch,27.36,0.0,52.26,0.0,-38.7,4.7,0.26,0.19,48.27,27.21,54.11,-38.58,0.15,-2.95,0.1,0,none,10.0
1789892820.2221165,Switch,27.88,0.0,51.49,0.0,-38.8,1.6,0.29,0.23,53.61,27.42,53.33,-38.66,1.06,-3.92,-0.4,0,none,10.0
1789892820.2246695,Switch,28.15,0.0,51.7,0.0,-39.0,1.0,0.41,0.27,58.63,27.53,52.68,-38.8,0.55,-3.24,-0.7,0,none,10.0
1789892820.2272618,Switch,28.72,0.0,50.72,0.0,-39.0,2.1,0.56,0.19,64.07,27.85,51.95,-38.88,1.59,-3.65,-0.4,0,none,10.0
1789892820.2298589,Switch,28.14,0.0,51.01,0.0,-39.0,1.0,0.44,0.2,65.04,28.05,51.44,-38.9,0.99,-2.57,-0.1,0,none,10.0
1789892820.2325656,Switch,28.64,0.0,50.19,0.0,-38.7,1.0,0.32,0.14,64.33,28.31,51.02,-38.9,1.28,-2.07,0.0,0,none,10.0
1789892820.2352176,Switch,29.31,0.0,50.76,0.0,-39.1,3.1,0.43,0.2,69.52,28.59,50.88,-38.96,1.43,-0.73,-0.3,0,none,10.0
1789892820.2382138,Switch,28.78,0.0,50.76,0.0,-38.8,1.4,0.37,0.37,70.35,28.72,50.69,-38.92,0.63,-0.94,0.2,0,none,10.0
1789892820.2408347,Switch,28.26,0.0,49.99,0.0,-38.6,1.2,0.41,0.23,72.8,28.63,50.54,-38.84,-0.46,-0.73,0.4,0,none,10.0
1789892820.243583,Switch,28.11,0.0,48.58,0.0,-38.5,3.0,0.42,0.17,73.03,28.62,50.06,-38.74,-0.03,-2.43,0.5,0,none,10.0
1789892820.2462132,Switch,28.85,0.0,49.46,0.0,-38.2,1.1,0.43,0.11,68.08,28.66,49.91,-38.64,0.21,-0.73,0.5,0,none,10.0
1789892820.248816,Switch,29.16,0.0,49.47,0.0,-38.0,4.4,0.39,0.29,68.64,28.63,49.65,-38.42,-0.15,-1.29,1.1,0,none,10.0
1789892820.2514143,Switch,28.78,0.0,48.34,0.0,-38.1,1.0,0.39,3.09,64.46,28.63,49.17,-38.28,0.0,-2.42,0.7,1,tx_rate_drop,0.0
1789892820.2543921,Switch,28.87,0.0,49.4,0.0,-37.7,1.0,0.35,4.71,64.91,28.75,49.05,-38.1,0.61,-0.59,0.9,1,tx_rate_drop,0.0
1789892820.256998,Switch,29.32,0.0,50.0,0.0,-37.4,1.0,0.21,5.33,69.65,29.0,49.33,-37.88,1.21,1.42,1.1,1,tx_rate_drop,0.0
1789892820.259602,Switch,29.12,0.0,50.44,0.0,-37.1,1.0,0.2,9.77,72.76,29.05,49.53,-37.66,0.27,0.98,1.1,1,tx_rate_drop,0.0
1789892820.2622297,Switch,28.79,0.0,49.86,0.0,-37.0,1.0,0.21,10.41,73.59,28.98,49.61,-37.46,-0.37,0.39,1.0,1,tx_rate_drop,0.0
1789892820.2648458,Switch,29.11,0.0,49.21,0.0,-37.0,1.0,0.19,11.15,68.88,29.04,49.78,-37.24,0.33,0.87,1.1,1,tx_rate_drop,0.0
1789892820.267634,Switch,28.65,0.0,50.45,0.0,-37.3,1.0,0.24,10.78,70.85,29.0,49.99,-37.16,-0.22,1.05,0.4,1,tx_rate_drop,0.0
1789892820.2706335,Switch,28.46,0.0,51.9,0.0,-37.2,1.0,0.26,14.21,66.81,28.83,50.37,-37.12,-0.86,1.9,0.2,1,tx_rate_drop,0.0
1789892820.2735484,Switch,28.24,0.0,53.18,0.0,-37.6,1.0,0.29,10.83,64.59,28.65,50.92,-37.22,-0.88,2.74,-0.5,1,tx_rate_drop,0.0
1789892820.2765589,Switch,28.29,0.0,52.04,0.0,-37.5,1.0,0.31,11.94,66.65,28.55,51.36,-37.32,-0.5,2.18,-0.5,1,tx_rate_drop,0.0
1789892820.2793217,Switch,27.64,0.0,52.61,0.0,-37.8,1.0,0.34,12.34,69.87,28.26,52.04,-37.48,-1.47,3.4,-0.8,1,tx_rate_drop,0.0
1789892820.282342,Switch,27.4,0.0,53.09,0.0,-37.6,1.0,0.41,14.98,71.02,28.01,52.56,-37.54,-1.25,2.64,-0.3,1,,0.0
1789892820.28489,Switch,27.87,0.0,53.77,0.0,-37.2,1.0,0.34,9.04,75.41,27.89,52.94,-37.54,-0.59,1.87,0.0,1,none,0.83
1789892820.2870414,Switch,28.02,0.0,54.19,0.0,-37.2,2.3,0.31,5.51,76.45,27.84,53.14,-37.46,-0.22,1.01,0.4,1,none,0.67
1789892820.289633,Switch,27.46,0.0,52.86,0.0,-37.5,1.1,0.24,3.42,80.41,27.68,53.3,-37.46,-0.83,0.82,0.0,1,none,0.5
1789892820.2923057,Switch,27.97,0.0,53.8,0.0,-37.8,3.3,0.26,2.18,81.07,27.74,53.54,-37.46,0.33,1.19,0.0,1,none,0.33
1789892820.2949166,Switch,28.45,0.0,53.11,0.0,-37.8,1.0,0.32,1.45,85.78,27.95,53.55,-37.5,1.05,0.02,-0.2,1,none,0.2
1789892820.2975435,Switch,28.48,0.0,52.01,0.0,-37.9,2.2,0.37,0.96,85.86,28.08,53.19,-37.64,0.61,-1.76,-0.7,1,none,0.2
1789892820.3003752,Switch,29.06,0.0,51.46,0.0,-37.7,5.2,0.54,0.65,86.59,28.28,52.65,-37.74,1.04,-2.73,-0.5,0,none,10.0
1789892820.3026772,Switch,29.56,0.0,51.54,0.0,-37.9,3.6,0.55,0.45,80.87,28.7,52.38,-37.82,2.1,-1.32,-0.4,0,none,10.0
1789892820.3051305,Switch,29.27,0.0,52.53,0.0,-37.9,1.0,0.44,0.5,79.64,28.96,52.13,-37.84,1.3,-1.27,-0.1,0,none,10.0
1789892820.307693,Switch,29.87,0.0,52.02,0.0,-38.0,3.5,0.47,0.65,81.82,29.25,51.91,-37.88,1.42,-1.09,-0.2,0,none,10.0
1789892820.3104463,Switch,30.0,0.0,53.23,0.0,-38.1,6.2,0.35,0.63,75.96,29.55,52.16,-37.92,1.52,1.22,-0.2,0,none,10.0
1789892820.3128252,Switch,29.59,0.0,53.66,0.0,-38.3,8.8,0.26,0.65,74.98,29.66,52.6,-38.04,0.53,2.2,-0.6,0,none,10.0
1789892820.3154883,Switch,29.11,0.0,53.31,0.0,-38.5,8.5,0.34,0.52,73.68,29.57,52.95,-38.16,-0.45,1.77,-0.6,0,none,10.0
1789892820.3180614,Switch,28.48,0.0,52.54,0.0,-38.3,9.1,0.55,0.32,73.76,29.41,52.95,-38.24,-0.79,0.01,-0.4,0,none,10.0
1789892820.3205714,Switch,28.1,0.0,51.25,0.0,-38.3,12.4,0.7,0.37,68.55,29.06,52.8,-38.3,-1.77,-0.77,-0.3,0,none,10.0
1789892820.3231666,Switch,28.38,0.0,52.06,0.0,-38.5,12.0,0.54,0.57,71.44,28.73,52.56,-38.38,-1.62,-1.17,-0.4,0,none,10.0
1789892820.326026,Switch,29.05,0.0,53.06,0.0,-38.3,15.0,0.39,0.68,68.3,28.62,52.44,-38.38,-0.54,-0.6,0.0,0,none,10.0
1789892820.3284736,Switch,28.56,0.0,53.24,0.0,-38.0,16.8,0.31,0.62,64.89,28.51,52.43,-38.28,-0.55,-0.07,0.5,0,none,10.0
1789892820.3308265,Switch,29.17,0.0,53.41,0.0,-38.0,15.5,0.4,0.75,70.26,28.65,52.6,-38.22,0.69,0.87,0.3,0,none,10.0
1789892820.3340688,Switch,28.43,0.0,53.44,0.0,-37.8,14.9,0.33,0.45,64.81,28.72,53.04,-38.12,0.33,2.19,0.5,0,none,10.0
1789892820.3368866,Switch,28.17,0.0,54.64,0.0,-37.4,13.9,0.38,0.51,63.95,28.68,53.56,-37.9,-0.21,2.58,1.1,0,none,10.0
1789892820.3397648,Switch,27.84,0.0,54.79,0.0,-37.3,12.4,0.44,0.43,65.49,28.43,53.9,-37.7,-1.21,1.73,1.0,0,none,10.0
1789892820.342571,Switch,27.09,0.0,54.96,0.0,-36.9,14.6,0.68,0.4,66.74,28.14,54.25,-37.48,-1.47,1.72,1.1,0,none,10.0
1789892820.3453608,Switch,26.39,0.0,55.93,0.0,-36.9,1.0,0.75,5.22,62.65,27.58,54.75,-37.26,-2.78,2.52,1.1,1,tx_rate_drop,0.0
1789892820.3481197,Switch,25.67,0.0,56.17,0.0,-37.0,1.0,0.92,7.63,60.91,27.03,55.3,-37.1,-2.76,2.73,0.8,1,tx_rate_drop,0.0
1789892820.3504677,Switch,26.1,0.0,54.69,0.0,-36.8,1.0,0.77,11.89,57.81,26.62,55.31,-36.98,-2.07,0.05,0.6,1,tx_rate_drop,0.0
1789892820.353068,Switch,26.51,0.0,55.54,0.0,-36.9,1.0,0.47,11.14,53.66,26.35,55.46,-36.9,-1.33,0.75,0.4,1,tx_rate_drop,0.0
1789892820.3556755,Switch,27.15,0.0,56.56,0.0,-36.6,1.0,0.49,10.66,48.18,26.36,55.78,-36.84,0.06,1.6,0.3,1,tx_rate_drop,0.0
1789892820.3582854,Switch,26.83,0.0,57.76,0.0,-36.8,1.0,0.52,9.97,44.5,26.45,56.14,-36.82,0.44,1.83,0.1,1,tx_rate_drop,0.0
1789892820.3609152,Switch,27.11,0.0,58.95,0.0,-37.1,1.0,0.4,13.78,41.23,26.74,56.7,-36.84,1.44,2.78,-0.1,1,tx_rate_drop,0.0
1789892820.363501,Switch,26.75,0.0,57.6,0.0,-37.0,1.0,0.24,16.09,42.03,26.87,57.28,-36.88,0.65,2.91,-0.2,1,tx_rate_drop,0.0
1789892820.3660648,Switch,27.14,0.0,57.05,0.0,-36.7,1.0,0.17,15.7,46.16,27.0,57.58,-36.84,0.63,1.51,0.2,1,tx_rate_drop,0.0
1789892820.3686044,Switch,26.46,0.0,58.09,0.0,-36.6,1.0,0.25,12.07,46.33,26.86,57.89,-36.84,-0.69,1.53,0.0,1,tx_rate_drop,0.0
1789892820.3711467,Switch,27.07,0.0,59.1,0.0,-36.7,1.0,0.26,14.05,48.17,26.91,58.16,-36.82,0.24,1.34,0.1,1,tx_rate_drop,0.0
1789892820.3737657,Switch,26.31,0.0,58.6,0.0,-36.8,1.0,0.32,14.49,43.57,26.75,58.09,-36.76,-0.8,-0.35,0.3,1,tx_rate_drop,0.0
1789892820.3763726,Switch,26.44,0.0,57.97,0.0,-36.9,1.0,0.35,12.33,45.98,26.68,58.16,-36.74,-0.31,0.37,0.1,1,tx_rate_drop,0.0
1789892820.3791509,Switch,27.22,0.0,58.53,0.0,-36.9,1.0,0.37,14.65,44.02,26.7,58.46,-36.78,0.08,1.48,-0.2,1,tx_rate_drop,0.0
1789892820.3816447,Switch,27.53,0.0,59.04,0.0,-37.1,1.0,0.47,15.68,41.23,26.91,58.65,-36.88,1.07,0.95,-0.5,1,tx_rate_drop,0.0
1789892820.3843856,Switch,26.86,0.0,59.79,0.0,-37.1,1.0,0.46,13.4,43.54,26.87,58.79,-36.96,-0.21,0.69,-0.4,1,tx_rate_drop,0.0
1789892820.3871176,Switch,27.61,0.0,58.52,0.0,-37.4,1.0,0.44,11.32,47.13,27.13,58.77,-37.08,1.3,-0.08,-0.6,1,tx_rate_drop,0.0
1789892820.389744,Switch,27.45,0.0,58.85,0.0,-37.6,1.0,0.27,11.01,46.85,27.33,58.95,-37.22,1.01,0.88,-0.7,1,,0.0
1789892820.3924315,Switch,27.57,0.0,58.57,0.0,-37.9,1.7,0.28,6.82,45.78,27.4,58.95,-37.42,0.35,0.04,-1.0,1,none,0.5
1789892820.395273,Switch,26.82,0.0,59.27,0.0,-37.8,4.8,0.35,4.17,48.38,27.26,59.0,-37.56,-0.71,0.23,-0.7,1,none,0.33
1789892820.398119,Switch,27.36,0.0,58.62,0.0,-37.5,1.0,0.29,2.71,43.01,27.36,58.77,-37.64,0.5,-1.17,-0.4,1,none,0.2
1789892820.4009244,Switch,26.67,0.0,58.32,0.0,-37.6,4.6,0.36,1.85,38.97,27.17,58.73,-37.68,-0.94,-0.2,-0.2,1,none,0.2
1789892820.403798,Switch,25.97,0.0,59.45,0.0,-37.6,5.6,0.56,1.36,33.18,26.88,58.85,-37.68,-1.48,0.6,0.0,0,none,10.0
1789892820.4066517,Switch,26.68,0.0,59.55,0.0,-37.5,4.4,0.44,1.04,34.71,26.7,59.04,-37.6,-0.89,0.98,0.4,0,none,10.0
1789892820.4095495,Switch,26.82,0.0,58.86,0.0,-37.7,6.5,0.44,1.01,33.85,26.7,58.96,-37.58,0.0,-0.41,0.1,0,none,10.0
1789892820.4120767,Switch,27.52,0.0,58.86,0.0,-37.5,7.8,0.49,0.68,36.66,26.73,59.01,-37.58,0.16,0.24,0.0,0,none,10.0
1789892820.414832,Switch,28.06,0.0,57.51,0.0,-37.8,6.8,0.72,0.52,40.31,27.01,58.85,-37.62,1.39,-0.81,-0.2,0,none,10.0
1789892820.4178658,Switch,27.5,0.0,56.58,0.0,-37.4,3.8,0.51,0.57,38.62,27.32,58.27,-37.58,1.53,-2.87,0.2,0,none,10.0
1789892820.4209003,Switch,27.35,0.0,55.66,0.0,-37.3,1.3,0.4,0.7,38.78,27.45,57.49,-37.54,0.67,-3.89,0.2,0,none,10.0
1789892820.423941,Switch,27.06,0.0,55.19,0.0,-37.7,2.4,0.33,0.66,43.19,27.5,56.76,-37.54,0.24,-3.67,0.0,0,none,10.0
1789892820.4267302,Switch,27.19,0.0,55.71,0.0,-37.9,4.1,0.35,0.46,45.02,27.43,56.13,-37.62,-0.33,-3.15,-0.4,0,none,10.0
1789892820.4295092,Switch,27.23,0.0,55.79,0.0,-37.8,3.0,0.15,0.54,40.03,27.27,55.79,-37.62,-0.83,-1.72,0.0,0,none,10.0
1789892820.4318533,Switch,26.49,0.0,56.24,0.0,-37.7,1.1,0.3,0.69,42.34,27.06,55.72,-37.68,-1.01,-0.34,-0.3,0,none,10.0
1789892820.4344506,Switch,26.98,0.0,54.98,0.0,-37.4,2.8,0.27,0.81,42.9,26.99,55.58,-37.7,-0.37,-0.68,-0.1,0,none,10.0
1789892820.4372015,Switch,26.67,0.0,55.13,0.0,-37.3,6.5,0.29,0.79,44.87,26.91,55.57,-37.62,-0.39,-0.06,0.4,0,none,10.0
1789892820.4398162,Switch,26.66,0.0,56.08,0.0,-37.1,7.0,0.26,0.75,50.38,26.81,55.64,-37.46,-0.53,0.37,0.8,0,none,10.0
1789892820.4427912,Switch,26.9,0.0,56.82,0.0,-37.2,4.0,0.18,0.7,51.01,26.74,55.85,-37.34,-0.33,1.03,0.6,0,none,10.0
1789892820.4453917,Switch,26.35,0.0,57.59,0.0,-37.0,5.3,0.22,0.53,45.42,26.71,56.12,-37.2,-0.14,1.35,0.7,0,none,10.0
1789892820.4480174,Switch,27.15,0.0,56.87,0.0,-37.1,4.4,0.27,0.44,47.28,26.75,56.5,-37.14,0.17,1.89,0.3,0,none,10.0
1789892820.4506292,Switch,26.48,0.0,55.86,0.0,-37.4,6.3,0.29,0.29,47.14,26.71,56.64,-37.16,-0.19,0.73,-0.1,0,none,10.0
1789892820.4533203,Switch,26.5,0.0,56.61,0.0,-37.2,3.4,0.3,0.57,47.03,26.68,56.75,-37.18,-0.16,0.53,-0.1,0,none,10.0
1789892820.4559226,Switch,26.1,0.0,56.63,0.0,-37.2,1.0,0.35,0.67,42.94,26.52,56.71,-37.18,-0.8,-0.19,0.0,0,none,10.0
1789892820.45873,Switch,25.73,0.0,56.42,0.0,-37.2,1.2,0.47,0.41,38.78,26.39,56.48,-37.22,-0.62,-1.17,-0.2,0,none,10.0
1789892820.4613724,Switch,26.35,0.0,56.87,0.0,-37.4,1.0,0.29,0.45,43.04,26.23,56.48,-37.28,-0.8,0.0,-0.3,0,none,10.0
1789892820.4639866,Switch,25.57,0.0,56.8,0.0,-37.0,1.0,0.36,0.49,42.26,26.05,56.67,-37.2,-0.91,0.94,0.4,0,none,10.0
1789892820.4666097,Switch,25.95,0.0,56.89,0.0,-37.2,3.7,0.27,0.36,41.17,25.94,56.72,-37.2,-0.55,0.28,0.0,0,none,10.0
1789892820.469628,Switch,25.55,0.0,55.67,0.0,-37.4,3.1,0.3,0.51,45.62,25.83,56.53,-37.24,-0.55,-0.96,-0.2,0,none,10.0
1789892820.4725366,Switch,26.03,0.0,55.95,0.0,-37.4,1.0,0.3,0.55,51.44,25.89,56.44,-37.28,0.3,-0.47,-0.2,0,none,10.0
1789892820.4753077,Switch,25.96,0.0,56.05,0.0,-37.1,1.0,0.21,0.43,52.68,25.81,56.27,-37.22,-0.39,-0.82,0.3,0,none,10.0
1789892820.4779856,Switch,26.42,0.0,57.02,0.0,-36.8,1.0,0.28,0.26,47.85,25.98,56.32,-37.18,0.85,0.22,0.2,0,none,10.0
1789892820.4806516,Switch,26.54,0.0,56.44,0.0,-37.1,1.0,0.35,0.24,53.08,26.1,56.23,-37.16,0.59,-0.45,0.1,0,none,10.0
1789892820.4833636,Switch,26.66,0.0,55.8,0.0,-37.2,3.2,0.28,0.22,52.34,26.32,56.25,-37.12,1.11,0.13,0.2,0,none,10.0
1789892820.486422,Switch,25.94,0.0,55.86,0.0,-37.0,7.0,0.3,0.22,49.52,26.3,56.23,-37.04,-0.09,-0.09,0.4,0,none,10.0
1789892820.4892442,Switch,25.96,0.0,56.49,0.0,-37.1,3.5,0.3,0.23,54.85,26.3,56.32,-37.04,0.0,0.44,0.0,0,none,10.0
1789892820.4917564,Switch,25.35,0.0,57.73,0.0,-37.5,6.4,0.47,0.33,59.52,26.09,56.46,-37.18,-1.07,0.71,-0.7,0,none,10.0
1789892820.4943078,Switch,26.04,0.0,58.4,0.0,-37.3,8.4,0.41,0.55,55.96,25.99,56.86,-37.22,-0.5,1.96,-0.2,0,none,10.0
1789892820.4968238,Switch,26.23,0.0,58.96,0.0,-36.9,5.9,0.29,0.42,52.2,25.9,57.49,-37.16,-0.43,3.16,0.3,0,none,10.0
1789892820.4993615,Switch,26.12,0.0,60.04,0.0,-36.6,7.0,0.31,0.28,51.3,25.94,58.32,-37.08,0.18,4.18,0.4,0,none,10.0
1789892820.5019264,Switch,26.19,0.0,59.7,0.0,-36.9,7.4,0.32,0.56,46.08,25.99,58.97,-37.04,0.23,3.21,0.2,0,none,10.0
1789892820.5044708,Switch,25.69,0.0,59.0,0.0,-36.7,11.3,0.19,0.42,50.96,26.05,59.22,-36.88,0.34,1.27,0.8,0,none,10.0
1789892820.5070343,Switch,24.91,0.0,58.79,0.0,-36.8,9.1,0.5,0.56,47.75,25.83,59.3,-36.78,-1.13,0.39,0.5,0,none,10.0
1789892820.509611,Switch,24.31,0.0,59.41,0.0,-36.7,12.0,0.73,0.4,53.22,25.44,59.39,-36.74,-1.92,0.45,0.2,0,none,10.0
1789892820.5122352,Switch,24.11,0.0,59.46,0.0,-36.6,12.1,0.8,0.42,58.28,25.04,59.27,-36.74,-2.01,-0.58,0.0,0,none,10.0
1789892820.5149498,Switch,23.87,0.0,60.72,0.0,-36.2,14.1,0.65,0.62,57.83,24.58,59.48,-36.6,-2.32,1.02,0.7,0,none,10.0
1789892820.5175865,Switch,23.81,0.0,61.57,0.0,-36.0,12.8,0.39,0.41,57.49,24.2,59.99,-36.46,-1.88,2.57,0.7,0,none,10.0
1789892820.5202148,Switch,24.07,0.0,61.96,0.0,-36.2,13.3,0.18,0.55,57.91,24.03,60.62,-36.34,-0.84,3.17,0.6,0,none,10.0
1789892820.522688,Switch,24.31,0.0,60.93,0.0,-36.2,13.0,0.18,0.45,60.56,24.03,60.93,-36.24,0.0,1.52,0.5,0,none,10.0
1789892820.5252118,Switch,24.18,0.0,61.77,0.0,-36.1,13.6,0.19,0.33,55.4,24.05,61.39,-36.14,0.07,2.31,0.5,0,none,10.0
1789892820.5277338,Switch,24.36,0.0,62.21,0.0,-35.8,17.3,0.2,0.27,61.12,24.15,61.69,-36.06,0.49,1.49,0.4,0,none,10.0
1789892820.5302656,Switch,24.33,0.0,61.78,0.0,-35.6,14.4,0.11,0.24,61.95,24.25,61.73,-35.98,0.52,0.21,0.4,0,none,10.0
1789892820.5327854,Switch,24.41,0.0,62.14,0.0,-35.6,13.7,0.08,0.17,62.95,24.32,61.77,-35.86,0.34,0.18,0.6,0,none,10.0
1789892820.5353036,Switch,24.43,0.0,61.83,0.0,-35.5,11.1,0.09,0.27,59.2,24.34,61.95,-35.72,0.12,0.9,0.7,0,none,10.0
1789892820.53784,Switch,24.22,0.0,62.78,0.0,-35.8,7.1,0.07,0.34,60.62,24.35,62.15,-35.66,0.04,1.01,0.3,0,none,10.0
1789892820.5403829,Switch,24.01,0.0,62.43,0.0,-35.5,6.7,0.15,0.59,58.62,24.28,62.19,-35.6,-0.35,0.22,0.3,0,none,10.0
1789892820.5429072,Switch,24.28,0.0,62.38,0.0,-35.8,9.3,0.15,0.37,63.51,24.27,62.31,-35.64,-0.05,0.6,-0.2,0,none,10.0
1789892820.5454261,Switch,24.87,0.0,61.84,0.0,-36.1,10.1,0.29,0.27,59.08,24.36,62.25,-35.74,0.46,-0.3,-0.5,0,none,10.0
1789892820.5476904,Switch,24.16,0.0,61.74,0.0,-36.1,6.5,0.29,0.52,61.45,24.31,62.23,-35.86,-0.27,-0.09,-0.6,0,none,10.0
1789892820.550516,Switch,24.47,0.0,61.55,0.0,-35.8,9.4,0.3,0.71,65.8,24.36,61.99,-35.86,0.25,-1.23,0.0,0,none,10.0
1789892820.5530934,Switch,23.8,0.0,62.52,0.0,-36.0,6.1,0.35,0.82,71.67,24.32,62.01,-35.96,-0.21,0.09,-0.5,0,none,10.0
1789892820.5553162,Switch,23.47,0.0,62.26,0.0,-36.0,5.3,0.49,0.56,77.21,24.15,61.98,-36.0,-0.81,-0.12,-0.2,0,none,10.0
1789892820.5575297,Switch,23.06,0.0,63.39,0.0,-35.9,2.5,0.5,0.41,79.48,23.79,62.29,-35.96,-1.81,1.55,0.2,0,none,10.0
1789892820.559747,Switch,22.29,0.0,63.09,0.0,-36.2,1.8,0.73,0.32,76.28,23.42,62.56,-35.98,-1.87,1.35,-0.1,0,none,10.0
1789892820.562014,Switch,22.76,0.0,62.25,0.0,-36.4,3.4,0.53,0.56,75.45,23.08,62.7,-36.1,-1.71,0.7,-0.6,0,none,10.0
1789892820.5648558,Switch,23.36,0.0,63.13,0.0,-36.3,1.0,0.43,0.52,72.91,22.99,62.82,-36.16,-0.44,0.61,-0.3,0,none,10.0
1789892820.5673099,Switch,23.71,0.0,62.73,0.0,-36.2,4.1,0.49,0.41,71.08,23.04,62.92,-36.2,0.24,0.47,-0.2,0,none,10.0
1789892820.570261,Switch,23.41,0.0,62.94,0.0,-36.3,7.5,0.51,0.4,73.71,23.11,62.83,-36.28,0.35,-0.45,-0.4,0,none,10.0
1789892820.5729606,Switch,23.83,0.0,63.43,0.0,-36.3,5.2,0.37,0.35,72.86,23.41,62.9,-36.3,1.54,0.34,-0.1,0,none,10.0
1789892820.575632,Switch,24.08,0.0,64.18,0.0,-36.5,5.1,0.27,0.56,72.72,23.68,63.28,-36.32,1.32,1.93,-0.1,0,none,10.0
1789892820.5782542,Switch,24.85,0.0,64.42,0.0,-36.4,1.3,0.49,0.47,70.25,23.98,63.54,-36.34,1.49,1.29,-0.1,0,none,10.0
1789892820.58087,Switch,24.05,0.0,64.09,0.0,-36.4,1.0,0.47,0.53,75.23,24.04,63.81,-36.38,0.34,1.36,-0.2,0,none,10.0
1789892820.583422,Switch,23.97,0.0,64.67,0.0,-36.5,1.0,0.36,0.53,80.57,24.16,64.16,-36.42,0.56,1.73,-0.2,0,none,10.0
1789892820.5860882,Switch,23.52,0.0,64.29,0.0,-36.7,4.3,0.43,0.37,82.14,24.09,64.33,-36.5,-0.31,0.86,-0.4,0,none,10.0
1789892820.5886993,Switch,23.93,0.0,64.84,0.0,-36.3,5.9,0.43,0.49,87.1,24.06,64.46,-36.46,-0.15,0.66,0.2,0,none,10.0
1789892820.5913432,Switch,24.73,0.0,65.44,0.0,-36.1,9.7,0.39,0.51,86.79,24.04,64.67,-36.4,-0.12,1.02,0.3,0,none,10.0
1789892820.594081,Switch,25.2,0.0,66.24,0.0,-36.0,9.9,0.61,0.56,87.31,24.27,65.1,-36.32,1.15,2.15,0.4,0,none,10.0
1789892820.5970333,Switch,25.51,0.0,65.86,0.0,-35.7,11.5,0.75,0.55,86.88,24.58,65.33,-36.16,1.54,1.19,0.8,0,none,10.0
1789892820.5998373,Switch,26.11,0.0,65.85,0.0,-35.9,14.3,0.74,0.64,84.58,25.1,65.65,-36.0,2.59,1.56,0.8,0,none,10.0
1789892820.6024282,Switch,26.82,0.0,67.01,0.0,-36.2,13.0,0.73,0.62,80.2,25.67,66.08,-35.98,2.89,2.17,0.1,0,none,10.0
1789892820.605219,Switch,27.33,0.0,65.99,0.0,-36.3,11.0,0.79,0.59,83.04,26.19,66.19,-36.02,2.6,0.55,-0.2,0,none,10.0
1789892820.6080241,Switch,26.91,0.0,66.98,0.0,-36.3,9.0,0.65,0.73,80.52,26.54,66.34,-36.08,1.71,0.74,-0.3,0,none,10.0
1789892820.610897,Switch,27.47,0.0,67.29,0.0,-36.7,11.2,0.48,0.73,76.57,26.93,66.62,-36.28,1.96,1.43,-1.0,0,none,10.0
1789892820.6134906,Switch,26.83,0.0,65.96,0.0,-36.6,14.0,0.27,0.68,79.74,27.07,66.65,-36.42,0.72,0.11,-0.7,0,none,10.0
1789892820.6159484,Switch,27.53,0.0,67.22,0.0,-36.2,14.0,0.29,0.63,80.92,27.21,66.69,-36.42,0.71,0.21,0.0,0,none,10.0
1789892820.6192307,Switch,28.26,0.0,67.94,0.0,-35.9,14.6,0.51,0.76,84.4,27.4,67.08,-36.34,0.93,1.95,0.4,0,none,10.0
1789892820.6218472,Switch,27.97,0.0,67.58,0.0,-35.6,15.4,0.49,0.52,89.59,27.61,67.2,-36.2,1.06,0.6,0.7,0,none,10.0
1789892820.624744,Switch,28.66,0.0,66.99,0.0,-35.2,12.7,0.63,0.44,92.35,27.85,67.14,-35.9,1.19,-0.3,1.5,0,none,10.0
1789892820.6281269,Switch,28.44,0.0,66.81,0.0,-34.9,12.6,0.39,0.66,97.16,28.17,67.31,-35.56,1.61,0.85,1.7,0,none,10.0
1789892820.6306581,Switch,29.08,0.0,66.31,0.0,-34.5,12.3,0.37,0.74,93.65,28.48,67.13,-35.22,1.55,-0.91,1.7,0,none,10.0
1789892820.633231,Switch,28.7,0.0,66.32,0.0,-34.8,1.0,0.36,3.72,96.33,28.57,66.8,-35.0,0.44,-1.62,1.1,1,tx_rate_drop,0.0
1789892820.6359909,Switch,29.46,0.0,66.34,0.0,-34.9,1.0,0.36,6.99,93.79,28.87,66.55,-34.86,1.49,-1.24,0.7,1,tx_rate_drop,0.0
1789892820.6385593,Switch,29.81,0.0,67.04,0.0,-35.0,1.0,0.5,7.3,91.12,29.1,66.56,-34.82,1.15,0.05,0.2,1,tx_rate_drop,0.0
1789892820.6415977,Switch,30.41,0.0,67.64,0.0,-35.3,1.0,0.59,8.89,89.35,29.49,66.73,-34.9,1.97,0.83,-0.4,1,tx_rate_drop,0.0
1789892820.644635,Switch,30.57,0.0,67.38,0.0,-35.3,1.0,0.68,11.93,86.82,29.79,66.94,-35.06,1.49,1.07,-0.8,1,tx_rate_drop,0.0
1789892820.647036,Switch,30.25,0.0,68.73,0.0,-35.4,1.0,0.41,9.93,89.38,30.1,67.43,-35.18,1.55,2.41,-0.6,1,tx_rate_drop,0.0
1789892820.6496234,Switch,29.78,0.0,69.49,0.0,-35.1,1.0,0.32,10.57,86.22,30.16,68.06,-35.22,0.32,3.15,-0.2,1,tx_rate_drop,0.0
1789892820.6522143,Switch,29.17,0.0,68.8,0.0,-35.4,1.0,0.51,14.26,87.28,30.04,68.41,-35.3,-0.64,1.76,-0.4,1,tx_rate_drop,0.0
1789892820.6548429,Switch,28.81,0.0,68.38,0.0,-35.4,1.0,0.65,14.46,89.1,29.72,68.56,-35.32,-1.6,0.74,-0.1,1,tx_rate_drop,0.0
1789892820.6574702,Switch,28.87,0.0,69.56,0.0,-35.2,1.0,0.56,11.67,89.73,29.38,68.99,-35.3,-1.7,2.18,0.1,1,,0.0
1789892820.660372,Switch,28.55,0.0,68.63,0.0,-34.8,1.6,0.42,7.15,95.57,29.04,68.97,-35.18,-1.7,-0.1,0.6,1,none,0.2
1789892820.6631615,Switch,29.08,0.0,68.66,0.0,-35.2,5.6,0.22,4.53,96.49,28.9,68.81,-35.2,-0.7,-0.83,-0.1,1,none,0.2
1789892820.6659296,Switch,28.38,0.0,69.75,0.0,-35.1,3.0,0.24,2.99,94.06,28.74,69.0,-35.14,-0.79,0.95,0.3,0,none,10.0
1789892820.6690102,Switch,29.17,0.0,69.41,0.0,-35.3,5.7,0.3,1.92,92.77,28.81,69.2,-35.12,0.36,1.03,0.1,0,none,10.0
1789892820.6720386,Switch,29.89,0.0,68.37,0.0,-35.4,2.0,0.53,1.2,92.6,29.01,68.96,-35.16,1.02,-1.19,-0.2,0,none,10.0
1789892820.6748302,Switch,29.33,0.0,67.88,0.0,-35.2,1.0,0.48,0.94,92.61,29.17,68.81,-35.24,0.78,-0.75,-0.4,0,none,10.0
1789892820.6770718,Switch,29.16,0.0,68.36,0.0,-35.3,3.2,0.48,0.6,88.59,29.19,68.75,-35.26,0.08,-0.3,-0.1,0,none,10.0
1789892820.6797981,Switch,29.78,0.0,68.53,0.0,-35.1,3.5,0.31,0.71,93.34,29.47,68.51,-35.26,1.4,-1.22,0.0,0,none,10.0
1789892820.6823761,Switch,29.63,0.0,67.41,0.0,-35.3,3.1,0.27,0.53,91.79,29.56,68.11,-35.26,0.46,-2.0,0.0,0,none,10.0
1789892820.6849806,Switch,29.14,0.0,66.55,0.0,-34.9,1.0,0.25,0.59,96.1,29.41,67.75,-35.16,-0.75,-1.82,0.5,0,none,10.0
1789892820.6875818,Switch,29.31,0.0,67.21,0.0,-34.8,1.0,0.26,0.74,93.33,29.4,67.61,-35.08,-0.02,-0.67,0.4,0,none,10.0
1789892820.6904268,Switch,28.87,0.0,68.57,0.0,-34.9,1.3,0.33,0.7,97.51,29.35,67.65,-35.0,-0.29,0.21,0.4,0,none,10.0
1789892820.6934159,Switch,29.03,0.0,68.13,0.0,-34.7,1.0,0.26,0.49,96.1,29.2,67.57,-34.92,-0.75,-0.4,0.4,0,none,10.0
1789892820.6960511,Switch,29.02,0.0,66.94,0.0,-34.4,1.0,0.15,0.59,96.06,29.07,67.48,-34.74,-0.61,-0.47,0.9,0,none,10.0
1789892820.6989071,Switch,29.61,0.0,67.19,0.0,-34.5,3.3,0.26,0.7,99.33,29.17,67.61,-34.66,0.47,0.64,0.4,0,none,10.0
1789892820.7016203,Switch,30.36,0.0,68.32,0.0,-34.4,1.0,0.55,0.78,94.22,29.38,67.83,-34.58,1.05,1.11,0.4,0,none,10.0
1789892820.7047281,Switch,30.34,0.0,69.04,0.0,-34.2,1.0,0.59,0.64,91.83,29.67,67.92,-34.44,1.47,0.47,0.7,0,none,10.0
1789892820.7072523,Switch,31.12,0.0,69.25,0.0,-34.4,1.0,0.72,0.56,87.05,30.09,68.15,-34.38,2.09,1.12,0.3,0,none,10.0
1789892820.7097638,Switch,31.73,0.0,69.86,0.0,-34.6,1.0,0.73,0.47,82.01,30.63,68.73,-34.42,2.71,2.92,-0.2,0,none,10.0
1789892820.712714,Switch,32.49,0.0,69.64,0.0,-34.8,1.0,0.82,0.49,85.26,31.21,69.22,-34.48,2.88,2.45,-0.3,0,none,10.0
1789892820.7153718,Switch,32.45,0.0,69.14,0.0,-34.7,1.0,0.82,0.52,86.21,31.63,69.39,-34.54,2.09,0.82,-0.3,0,none,10.0
1789892820.7177684,Switch,32.64,0.0,68.65,0.0,-34.9,1.0,0.58,0.4,85.36,32.09,69.31,-34.68,2.3,-0.39,-0.7,0,none,10.0
1789892820.720405,Switch,33.05,0.0,68.68,0.0,-34.6,1.0,0.43,2.66,81.44,32.47,69.19,-34.72,1.93,-0.57,-0.2,1,tx_rate_drop,0.0
1789892820.7230475,Switch,32.48,0.0,67.58,0.0,-34.2,1.0,0.23,9.83,82.52,32.62,68.74,-34.64,0.75,-2.28,0.4,1,tx_rate_drop,0.0
1789892820.7256668,Switch,32.5,0.0,67.5,0.0,-34.4,1.0,0.22,13.95,85.34,32.62,68.31,-34.56,0.01,-2.14,0.4,1,tx_rate_drop,0.0
1789892820.7278764,Switch,32.42,0.0,66.02,0.0,-34.4,1.0,0.23,13.95,83.6,32.62,67.69,-34.5,-0.03,-3.12,0.3,1,tx_rate_drop,0.0
1789892820.7300797,Switch,31.65,0.0,66.7,0.0,-34.2,1.0,0.45,13.42,78.68,32.42,67.3,-34.36,-0.99,-1.95,0.7,1,tx_rate_drop,0.0
1789892820.732412,Switch,32.22,0.0,67.79,0.0,-33.9,1.0,0.32,14.71,75.24,32.25,67.12,-34.22,-0.83,-0.89,0.7,1,tx_rate_drop,0.0
1789892820.7348893,Switch,32.81,0.0,69.01,0.0,-33.7,1.0,0.38,12.98,71.77,32.32,67.4,-34.12,0.33,1.43,0.5,1,tx_rate_drop,0.0
1789892820.7371745,Switch,33.58,0.0,70.14,0.0,-33.6,1.0,0.64,16.02,71.81,32.54,67.93,-33.96,1.08,2.64,0.8,1,tx_rate_drop,0.0
1789892820.7398765,Switch,33.64,0.0,71.33,0.0,-33.7,1.0,0.77,12.24,67.54,32.78,68.99,-33.82,1.22,5.31,0.7,1,tx_rate_drop,0.0
1789892820.7432244,Switch,34.23,0.0,72.01,0.0,-33.8,1.0,0.7,13.25,72.19,33.3,70.06,-33.74,2.58,5.31,0.4,1,tx_rate_drop,0.0
1789892820.7460122,Switch,35.03,0.0,73.11,0.0,-33.7,1.0,0.74,14.0,74.24,33.86,71.12,-33.7,2.81,5.32,0.2,1,tx_rate_drop,0.0
1789892820.7491932,Switch,35.75,0.0,72.85,0.0,-34.1,1.0,0.83,16.19,77.12,34.45,71.89,-33.78,2.94,3.84,-0.4,1,tx_rate_drop,0.0
1789892820.7522717,Switch,35.77,0.0,73.75,0.0,-33.7,1.0,0.84,14.1,73.65,34.88,72.61,-33.8,2.19,3.61,-0.1,1,,0.0
1789892820.7548678,Switch,36.5,0.0,73.01,0.0,-33.9,1.0,0.77,8.68,73.2,35.46,72.95,-33.84,2.86,1.68,-0.2,0,none,10.0
1789892820.7574043,Switch,36.77,0.0,73.7,0.0,-33.9,1.0,0.62,5.29,74.31,35.96,73.28,-33.86,2.54,1.69,-0.1,0,none,10.0
1789892820.7597897,Switch,36.47,0.0,73.8,0.0,-33.5,1.0,0.42,3.38,77.31,36.25,73.42,-33.82,1.44,0.69,0.2,0,none,10.0
1789892820.7627509,Switch,35.79,0.0,74.13,0.0,-33.6,1.0,0.41,2.2,71.91,36.26,73.68,-33.72,0.04,1.28,0.5,0,none,10.0
1789892820.7652874,Switch,36.07,0.0,73.91,0.0,-33.2,1.0,0.35,1.59,73.71,36.32,73.71,-33.62,0.3,0.16,0.5,0,none,10.0
1789892820.7677708,Switch,35.46,0.0,72.86,0.0,-33.0,1.9,0.47,1.12,74.61,36.11,73.68,-33.44,-1.04,-0.15,0.9,0,none,10.0
1789892820.7707818,Switch,35.42,0.0,72.4,0.0,-32.9,2.3,0.39,0.92,71.36,35.84,73.42,-33.24,-1.35,-1.3,1.0,0,none,10.0
1789892820.7733643,Switch,34.94,0.0,73.27,0.0,-33.3,6.2,0.38,0.64,66.13,35.54,73.31,-33.2,-1.53,-0.53,0.2,0,none,10.0
1789892820.7764132,Switch,35.04,0.0,74.41,0.0,-33.0,3.7,0.4,0.57,65.39,35.39,73.37,-33.08,-0.75,0.28,0.6,0,none,10.0
1789892820.7793565,Switch,34.47,0.0,74.8,0.0,-32.8,2.6,0.36,0.66,70.5,35.07,73.55,-33.0,-1.6,0.89,0.4,0,none,10.0
1789892820.7819364,Switch,34.69,0.0,74.83,0.0,-32.4,5.3,0.32,0.74,73.9,34.91,73.94,-32.88,-0.77,1.97,0.6,0,none,10.0
1789892820.7848341,Switch,35.36,0.0,75.66,0.0,-32.1,1.8,0.3,0.64,77.54,34.9,74.59,-32.72,-0.06,3.26,0.8,0,none,10.0
1789892820.7873673,Switch,34.86,0.0,75.49,0.0,-32.2,4.6,0.3,0.39,77.96,34.88,75.04,-32.5,-0.08,2.22,1.1,0,none,10.0
1789892820.789787,Switch,34.53,0.0,74.9,0.0,-32.1,5.4,0.32,0.49,79.22,34.78,75.14,-32.32,-0.51,0.49,0.9,0,none,10.0
1789892820.7924306,Switch,35.19,0.0,74.89,0.0,-32.4,7.9,0.31,0.51,73.31,34.93,75.15,-32.24,0.72,0.09,0.4,0,none,10.0
1789892820.7950478,Switch,35.23,0.0,76.01,0.0,-32.4,8.2,0.3,0.62,76.11,35.03,75.39,-32.24,0.54,1.18,0.0,0,none,10.0
1789892820.7978365,Switch,35.77,0.0,77.34,0.0,-32.1,10.1,0.41,0.44,77.99,35.12,75.73,-32.24,0.41,1.68,0.0,0,none,10.0
1789892820.8004642,Switch,35.04,0.0,77.6,0.0,-31.8,6.3,0.4,0.38,75.69,35.15,76.15,-32.16,0.18,2.11,0.4,0,none,10.0
1789892820.8030305,Switch,35.46,0.0,76.4,0.0,-31.5,1.0,0.25,12.81,72.74,35.34,76.45,-32.04,0.93,1.5,0.6,1,nic_error_spike,0.0
1789892820.8056698,Switch,34.82,0.0,76.82,0.0,-31.8,1.0,0.33,17.72,74.71,35.26,76.83,-31.92,-0.37,1.93,0.6,1,nic_error_spike,0.0
1789892820.8083124,Switch,34.55,0.0,75.54,0.0,-31.8,1.0,0.44,25.76,71.97,35.13,76.74,-31.8,-0.68,-0.47,0.6,1,nic_error_spike,0.0
1789892820.8109236,Switch,34.72,0.0,74.57,0.0,-31.9,1.0,0.31,33.68,74.22,34.92,76.19,-31.76,-1.05,-2.77,0.2,1,nic_error_spike,0.0
1789892820.8138773,Switch,35.51,0.0,75.48,0.0,-32.0,1.0,0.4,42.22,70.88,35.01,75.76,-31.8,0.47,-2.12,-0.2,1,nic_error_spike,0.0
1789892820.8166976,Switch,35.76,0.0,74.01,0.0,-32.3,1.0,0.47,42.57,73.96,35.07,75.28,-31.96,0.3,-2.39,-0.8,1,nic_error_spike,0.0
1789892820.8192937,Switch,36.35,0.0,74.87,0.0,-32.5,1.0,0.67,41.95,72.8,35.38,74.89,-32.1,1.53,-1.95,-0.7,1,nic_error_spike,0.0
1789892820.8223076,Switch,36.73,0.0,76.12,0.0,-32.6,1.0,0.69,39.43,77.33,35.81,75.01,-32.26,2.18,0.58,-0.8,1,nic_error_spike,0.0
1789892820.8252997,Switch,36.31,0.0,74.84,0.0,-32.7,1.0,0.44,45.48,77.84,36.13,75.06,-32.42,1.59,0.27,-0.8,1,nic_error_spike,0.0
1789892820.8282905,Switch,35.57,0.0,73.57,0.0,-32.9,1.0,0.42,42.6,83.18,36.14,74.68,-32.6,0.06,-1.91,-0.9,1,nic_error_spike,0.0
1789892820.8312807,Switch,35.0,0.0,74.91,0.0,-32.9,1.0,0.62,42.41,82.31,35.99,74.86,-32.72,-0.76,0.9,-0.6,1,nic_error_spike,0.0
1789892820.8338792,Switch,35.71,0.0,74.86,0.0,-33.2,1.0,0.6,37.93,86.65,35.86,74.86,-32.86,-0.64,-0.01,-0.7,1,nic_error_spike,0.0
1789892820.8364868,Switch,35.67,0.0,74.46,0.0,-33.5,1.0,0.42,34.73,91.61,35.65,74.53,-33.04,-1.06,-1.66,-0.9,1,nic_error_spike,0.0
1789892820.839046,Switch,36.04,0.0,74.06,0.0,-33.3,1.0,0.34,34.41,95.82,35.6,74.37,-33.16,-0.27,-0.78,-0.6,1,nic_error_spike,0.0
1789892820.84166,Switch,36.49,0.0,74.36,0.0,-33.6,1.0,0.49,37.7,100.18,35.78,74.53,-33.3,0.92,0.79,-0.7,1,nic_error_spike,0.0
1789892820.8443875,Switch,9999.0,12.5,73.06,0.0,-33.7,1.0,0.49,32.38,103.57,2028.58,74.16,-33.46,9964.0,-1.85,-0.8,1,nic_error_spike,0.0
1789892820.8471036,Switch,35.87,12.5,73.98,0.0,-33.9,1.0,0.3,41.22,101.35,2028.61,73.98,-33.6,0.16,-0.88,-0.7,1,,0.0
1789892820.8506076,Switch,35.44,12.5,75.39,0.0,-33.5,1.0,0.35,25.06,100.66,2028.57,74.17,-33.6,-0.23,0.93,0.0,1,none,0.5
1789892820.8532667,Switch,35.9,12.5,74.39,0.0,-33.6,3.5,0.34,15.17,103.37,2028.54,74.24,-33.66,-0.14,0.33,-0.3,1,none,0.33
1789892820.8558726,Switch,35.36,12.5,73.64,0.0,-33.5,4.8,0.4,9.39,101.89,2028.31,74.09,-33.64,-1.13,-0.72,0.1,1,none,0.2
1789892820.8584845,Switch,35.71,12.5,74.97,0.0,-33.1,2.0,0.22,5.81,97.99,35.66,74.47,-33.52,-9963.29,1.91,0.6,1,none,0.2
1789892820.8610883,Switch,35.45,12.5,74.99,0.0,-33.2,4.2,0.2,3.77,101.65,35.57,74.68,-33.38,-0.42,1.01,0.7,0,none,10.0
1789892820.8638413,Switch,35.25,12.5,76.26,0.0,-32.8,1.0,0.24,2.28,104.09,35.53,74.85,-33.24,-0.19,0.87,0.7,0,none,10.0
1789892820.8663545,Switch,35.38,0.0,76.46,0.0,-33.1,3.1,0.15,1.52,98.32,35.43,75.26,-33.14,-0.52,2.07,0.5,0,none,10.0
1789892820.8688653,Switch,34.85,0.0,76.96,0.0,-33.2,3.3,0.28,1.14,97.95,35.33,75.93,-33.08,-0.51,3.32,0.3,0,none,10.0
1789892820.871317,Switch,35.07,0.0,78.46,0.0,-33.1,2.3,0.22,0.78,94.32,35.2,76.63,-33.08,-0.64,3.49,0.0,0,none,10.0
1789892820.8741148,Switch,35.66,0.0,77.79,0.0,-32.7,1.0,0.28,0.82,99.39,35.24,77.19,-32.98,0.21,2.8,0.5,0,none,10.0
1789892820.877223,Switch,36.35,0.0,78.0,0.0,-33.0,1.0,0.52,19.71,95.18,35.46,77.53,-33.02,1.1,1.74,-0.2,1,nic_error_spike,0.0
1789892820.8797832,Switch,36.35,0.0,77.53,0.0,-33.2,1.0,0.63,28.98,101.01,35.66,77.75,-33.04,0.97,1.07,-0.1,1,nic_error_spike,0.0
1789892820.882075,Switch,36.71,0.0,78.78,0.0,-32.9,1.0,0.59,27.82,99.89,36.03,78.11,-32.98,1.86,1.82,0.3,1,nic_error_spike,0.0
1789892820.8846445,Switch,37.03,0.0,79.13,0.0,-32.9,1.0,0.46,35.44,104.13,36.42,78.25,-32.94,1.96,0.67,0.2,1,nic_error_spike,0.0
1789892820.8873718,Switch,36.73,0.0,78.27,0.0,-33.1,1.0,0.26,41.67,105.67,36.63,78.34,-33.02,1.07,0.48,-0.4,1,nic_error_spike,0.0
1789892820.8899698,Switch,9999.0,12.5,79.61,0.0,-33.5,1.0,0.26,46.42,108.76,2029.16,78.66,-33.12,9962.65,1.61,-0.5,1,nic_error_spike,0.0
1789892820.8925734,Switch,36.65,12.5,79.54,0.0,-33.5,1.0,0.22,41.32,113.76,2029.22,79.07,-33.18,0.3,2.01,-0.3,1,nic_error_spike,0.0
1789892820.8952022,Switch,37.06,12.5,80.54,0.0,-33.9,1.0,0.17,44.62,117.82,2029.29,79.42,-33.38,0.35,1.76,-1.0,1,nic_error_spike,0.0
1789892820.897896,Switch,9999.0,25.0,81.12,0.0,-33.6,1.0,0.17,38.71,114.66,4021.69,79.82,-33.52,9961.97,1.99,-0.7,1,nic_error_spike,0.0
1789892820.9005353,Switch,38.39,25.0,80.96,0.0,-33.2,1.0,0.63,33.82,108.91,4022.02,80.35,-33.54,1.66,2.69,-0.1,1,nic_error_spike,0.0
1789892820.903267,Switch,38.16,25.0,81.13,0.0,-33.1,1.0,0.73,42.18,113.61,2029.85,80.66,-33.46,-9960.84,1.52,0.4,1,nic_error_spike,0.0
1789892820.9059825,Switch,37.54,25.0,80.7,0.0,-33.3,1.0,0.65,38.76,116.82,2030.03,80.89,-33.42,0.89,1.16,0.2,1,nic_error_spike,0.0
1789892820.908617,Switch,37.05,25.0,81.02,0.0,-33.0,1.0,0.55,32.39,118.17,2030.03,80.99,-33.24,-0.01,0.48,0.9,1,nic_error_spike,0.0
1789892820.9116302,Switch,36.33,12.5,81.44,0.0,-33.3,1.0,0.75,41.19,122.75,37.49,81.05,-33.18,-9962.67,0.32,0.3,1,,0.0
1789892820.9145393,Switch,35.62,12.5,80.82,0.0,-33.1,1.0,0.89,24.86,120.5,36.94,81.02,-33.16,-2.77,-0.14,0.1,0,none,10.0
1789892820.9171276,Switch,35.54,12.5,81.84,0.0,-33.3,1.0,0.78,29.05,116.47,36.42,81.16,-33.2,-2.62,0.71,-0.2,1,nic_error_spike,0.0
1789892820.919783,Switch,9999.0,12.5,80.93,0.0,-33.4,1.0,0.78,29.35,113.41,2028.71,81.21,-33.22,9961.46,0.23,-0.1,1,nic_error_spike,0.0
1789892820.9228065,Switch,9999.0,25.0,80.65,0.0,-33.4,1.0,0.78,39.43,114.92,4021.1,81.14,-33.3,9961.95,-0.37,-0.4,1,nic_error_spike,0.0
1789892820.9257998,Switch,35.28,25.0,79.61,0.0,-33.2,1.0,0.64,33.43,111.57,4020.89,80.77,-33.28,-1.05,-1.83,0.1,1,nic_error_spike,0.0
1789892820.9283862,Switch,35.59,25.0,80.13,0.0,-32.8,1.0,0.35,30.42,106.0,4020.88,80.63,-33.22,-0.03,-0.69,0.3,1,nic_error_spike,0.0
1789892820.931019,Switch,34.82,25.0,79.79,0.0,-33.2,1.0,0.3,28.25,109.26,4020.74,80.22,-33.2,-0.72,-2.05,0.1,1,nic_error_spike,0.0
1789892820.9337323,Switch,35.31,25.0,78.52,0.0,-33.1,1.0,0.27,30.31,103.57,2028.0,79.74,-33.14,-9963.69,-2.41,0.3,1,nic_error_spike,0.0
1789892820.936358,Switch,35.12,25.0,78.39,0.0,-33.3,1.0,0.25,29.74,100.59,35.22,79.29,-33.12,-9963.88,-2.26,0.1,1,nic_error_spike,0.0
1789892820.9389756,Switch,35.33,25.0,78.41,0.0,-33.5,1.0,0.25,31.5,96.84,35.23,79.05,-33.18,0.05,-1.2,-0.3,1,nic_error_spike,0.0
1789892820.94204,Switch,9999.0,25.0,79.4,0.0,-33.4,1.0,0.25,36.54,95.51,2027.92,78.9,-33.3,9963.41,-0.73,-0.6,1,,0.0
1789892820.9446986,Switch,34.04,12.5,78.06,0.0,-33.6,1.0,0.48,22.01,97.29,2027.76,78.56,-33.38,-0.78,-1.73,-0.4,1,none,0.5
1789892820.9473264,Switch,34.63,12.5,79.04,0.0,-33.3,1.3,0.49,13.5,95.74,2027.62,78.66,-33.42,-0.68,0.52,-0.2,1,none,0.33
1789892820.9499373,Switch,34.19,12.5,77.95,0.0,-32.9,4.6,0.5,8.12,90.28,2027.44,78.57,-33.34,-0.93,-0.44,0.4,1,none,0.2
1789892820.952571,Switch,34.89,12.5,76.69,0.0,-32.8,1.0,0.47,5.26,88.06,2027.35,78.23,-33.2,-0.44,-1.72,0.7,1,none,0.2
1789892820.955182,Switch,35.36,12.5,75.65,0.0,-33.1,1.0,0.48,3.26,82.25,34.62,77.48,-33.14,-9963.64,-3.75,0.3,0,none,10.0
1789892820.9581587,Switch,35.63,12.5,76.53,0.0,-33.4,1.0,0.51,2.04,77.8,34.94,77.17,-33.1,1.59,-1.53,0.2,0,none,10.0
1789892820.960797,Switch,35.31,12.5,75.78,0.0,-33.4,1.0,0.5,1.46,77.26,35.08,76.52,-33.12,0.68,-3.26,-0.1,0,none,10.0
1789892820.9635775,Switch,34.87,0.0,74.75,0.0,-33.5,1.0,0.29,0.89,82.98,35.21,75.88,-33.24,0.68,-3.2,-0.6,0,none,10.0
1789892820.9663246,Switch,35.13,0.0,73.95,0.0,-33.7,1.0,0.25,0.84,82.97,35.26,75.33,-33.42,0.24,-2.74,-0.9,0,none,10.0
1789892820.9690585,Switch,34.82,0.0,72.49,0.0,-33.6,4.9,0.3,0.68,86.4,35.15,74.7,-33.52,-0.54,-3.16,-0.5,0,none,10.0
1789892820.971877,Switch,34.22,0.0,72.92,0.0,-33.9,4.6,0.37,0.41,86.36,34.87,73.98,-33.62,-1.41,-3.61,-0.5,0,none,10.0
1789892820.9745,Switch,34.66,0.0,73.17,0.0,-34.3,8.2,0.3,0.27,81.49,34.74,73.46,-33.8,-0.65,-2.61,-0.9,0,none,10.0
1789892820.977541,Switch,34.24,0.0,72.41,0.0,-33.9,7.1,0.35,0.54,81.96,34.61,72.99,-33.88,-0.63,-2.34,-0.4,0,none,10.0
1789892820.9805293,Switch,33.53,0.0,71.79,0.0,-33.9,9.5,0.45,0.69,76.34,34.29,72.56,-33.92,-1.6,-2.16,-0.2,0,none,10.0
1789892820.983527,Switch,32.91,0.0,72.62,0.0,-33.9,8.3,0.62,0.56,73.22,33.91,72.58,-33.98,-1.91,0.13,-0.3,0,none,10.0
1789892820.9864573,Switch,32.21,0.0,71.36,0.0,-33.6,11.6,0.88,0.47,72.98,33.51,72.27,-33.92,-2.01,-1.56,0.3,0,none,10.0
1789892820.989028,Switch,32.97,0.0,71.17,0.0,-33.7,9.1,0.68,0.66,68.86,33.17,71.87,-33.8,-1.69,-2.0,0.6,0,none,10.0
1789892820.9915452,Switch,33.42,0.0,70.16,0.0,-33.6,8.8,0.47,0.75,67.33,33.01,71.42,-33.74,-0.82,-2.25,0.3,0,none,10.0
1789892820.9940553,Switch,33.53,0.0,69.54,0.0,-33.8,8.0,0.47,0.73,72.85,33.01,70.97,-33.72,0.0,-2.25,0.1,0,none,10.0
1789892820.9965644,Switch,33.1,0.0,68.36,0.0,-34.0,6.0,0.47,0.67,75.84,33.05,70.12,-33.74,0.19,-4.26,-0.1,0,none,10.0
1789892820.9990737,Switch,32.33,0.0,67.4,0.0,-34.1,1.0,0.42,2.54,70.72,33.07,69.33,-33.84,0.12,-3.96,-0.5,1,tx_rate_drop,0.0
1789892821.0015843,Switch,32.27,0.0,68.26,0.0,-33.8,1.0,0.53,9.07,72.87,32.93,68.74,-33.86,-0.7,-2.91,-0.1,1,tx_rate_drop,0.0
1789892821.0041013,Switch,32.75,0.0,68.46,0.0,-34.1,1.0,0.48,11.38,76.98,32.8,68.4,-33.96,-0.67,-1.7,-0.5,1,tx_rate_drop,0.0
1789892821.0066159,Switch,32.78,0.0,68.02,0.0,-34.3,1.0,0.31,9.38,78.57,32.65,68.1,-34.06,-0.75,-1.52,-0.5,1,tx_rate_drop,0.0
1789892821.008838,Switch,32.65,0.0,67.33,0.0,-34.0,1.0,0.21,10.6,79.28,32.56,67.89,-34.06,-0.45,-1.03,0.0,1,tx_rate_drop,0.0
1789892821.0113811,Switch,31.86,0.0,67.33,0.0,-33.9,1.0,0.35,14.22,81.92,32.46,67.88,-34.02,-0.47,-0.07,0.2,1,tx_rate_drop,0.0
1789892821.0137863,Switch,31.1,0.0,67.01,0.0,-33.7,1.0,0.66,13.41,83.39,32.23,67.63,-34.0,-1.17,-1.25,0.1,1,tx_rate_drop,0.0
1789892821.0163991,Switch,31.3,0.0,66.06,0.0,-34.0,1.0,0.68,14.65,85.7,31.94,67.15,-33.98,-1.45,-2.4,0.1,1,tx_rate_drop,0.0
1789892821.0189621,Switch,31.56,0.0,67.29,0.0,-33.7,1.0,0.54,15.94,90.21,31.69,67.0,-33.86,-1.22,-0.73,0.6,1,tx_rate_drop,0.0
1789892821.0214732,Switch,31.3,0.0,68.09,0.0,-34.1,1.0,0.26,12.3,95.44,31.42,67.16,-33.88,-1.35,0.76,-0.1,1,tx_rate_drop,0.0
1789892821.0239847,Switch,31.21,0.0,68.47,0.0,-33.9,1.0,0.15,9.86,92.24,31.29,67.38,-33.88,-0.65,1.14,0.0,1,tx_rate_drop,0.0
1789892821.026494,Switch,31.29,0.0,68.75,0.0,-34.0,1.0,0.12,13.38,89.07,31.33,67.73,-33.94,0.19,1.74,-0.3,1,tx_rate_drop,0.0
1789892821.0290027,Switch,31.29,0.0,69.71,0.0,-33.8,1.0,0.12,11.44,89.1,31.33,68.46,-33.9,-0.01,3.65,0.2,1,tx_rate_drop,0.0
1789892821.0315402,Switch,31.22,0.0,68.84,0.0,-33.7,1.0,0.04,11.32,94.92,31.26,68.77,-33.9,-0.34,1.55,0.0,1,tx_rate_drop,0.0
1789892821.034015,Switch,31.12,0.0,68.02,0.0,-33.7,1.0,0.06,11.59,93.39,31.23,68.76,-33.82,-0.18,-0.07,0.4,1,tx_rate_drop,0.0
1789892821.0365067,Switch,31.73,0.0,66.59,0.0,-33.4,1.0,0.21,11.6,88.0,31.33,68.38,-33.72,0.52,-1.88,0.5,1,,0.0
1789892821.0391026,Switch,31.86,0.0,67.43,0.0,-33.7,1.0,0.29,7.23,90.56,31.44,68.12,-33.66,0.57,-1.32,0.3,0,none,10.0
1789892821.0417464,Switch,31.22,0.0,68.91,0.0,-34.0,3.3,0.3,4.36,92.17,31.43,67.96,-33.7,-0.07,-0.8,-0.2,0,none,10.0
1789892821.0443463,Switch,30.5,0.0,70.26,0.0,-34.0,5.9,0.49,2.62,89.11,31.29,68.24,-33.76,-0.72,1.42,-0.3,0,none,10.0
1789892821.0470226,Switch,30.99,0.0,68.95,0.0,-34.3,6.4,0.5,1.59,88.68,31.26,68.43,-33.88,-0.13,0.93,-0.6,0,none,10.0
1789892821.0498493,Switch,30.67,0.0,67.57,0.0,-34.3,7.9,0.48,1.03,94.54,31.05,68.62,-34.06,-1.06,0.98,-0.9,0,none,10.0
1789892821.0522962,Switch,30.52,0.0,68.95,0.0,-34.1,10.8,0.28,0.79,90.67,30.78,68.93,-34.14,-1.34,1.52,-0.4,0,none,10.0
1789892821.0550568,Switch,31.26,0.0,67.96,0.0,-33.9,12.8,0.29,0.86,91.39,30.79,68.74,-34.12,0.04,-0.95,0.1,0,none,10.0
1789892821.0576859,Switch,31.09,0.0,68.85,0.0,-33.7,13.8,0.27,0.73,86.59,30.91,68.46,-34.06,0.59,-1.41,0.3,0,none,10.0
1789892821.0602894,Switch,31.51,0.0,69.39,0.0,-33.8,11.9,0.37,0.7,84.74,31.01,68.54,-33.96,0.52,0.44,0.5,0,none,10.0
1789892821.062901,Switch,31.89,0.0,70.86,0.0,-34.1,14.2,0.45,0.53,88.42,31.25,69.2,-33.92,1.22,3.29,0.2,0,none,10.0
1789892821.0657167,Switch,31.15,0.0,69.37,0.0,-34.2,13.0,0.29,0.49,85.06,31.38,69.29,-33.94,0.63,0.42,-0.1,0,none,10.0
1789892821.0681584,Switch,31.35,0.0,68.18,0.0,-34.1,9.2,0.29,0.67,87.92,31.4,69.33,-33.98,0.09,0.22,-0.2,0,none,10.0
1789892821.0707655,Switch,32.0,0.0,68.61,0.0,-34.3,9.1,0.32,0.75,88.33,31.58,69.28,-34.1,0.91,-0.24,-0.6,0,none,10.0
1789892821.073389,Switch,31.82,0.0,67.2,0.0,-34.1,6.8,0.33,0.74,92.2,31.64,68.84,-34.16,0.31,-2.19,-0.3,0,none,10.0
1789892821.076093,Switch,31.72,0.0,66.17,0.0,-34.2,7.7,0.31,0.76,96.33,31.61,67.91,-34.18,-0.17,-4.69,-0.1,0,none,10.0
1789892821.0786974,Switch,32.47,0.0,64.75,0.0,-34.6,6.4,0.37,0.57,95.57,31.87,66.98,-34.26,1.32,-4.62,-0.4,0,none,10.0
1789892821.081508,Switch,32.31,0.0,65.26,0.0,-34.4,5.0,0.29,0.45,100.76,32.06,66.4,-34.32,0.96,-2.92,-0.3,0,none,10.0
1789892821.0841763,Switch,32.69,0.0,64.15,0.0,-34.7,3.5,0.37,0.66,99.83,32.2,65.51,-34.4,0.69,-4.46,-0.4,0,none,10.0
1789892821.0868268,Switch,32.44,0.0,64.44,0.0,-34.9,2.4,0.33,0.47,101.91,32.33,64.95,-34.56,0.62,-2.76,-0.8,0,none,10.0
1789892821.0894322,Switch,32.2,0.0,64.04,0.0,-34.5,1.0,0.16,0.45,101.46,32.42,64.53,-34.62,0.48,-2.13,-0.3,0,none,10.0
1789892821.0921364,Switch,32.94,0.0,63.9,0.0,-34.3,1.0,0.27,0.67,99.46,32.52,64.36,-34.56,0.47,-0.85,0.3,0,none,10.0
1789892821.0947413,Switch,33.49,0.0,65.07,0.0,-34.4,1.0,0.44,0.62,96.44,32.75,64.32,-34.56,1.18,-0.19,0.0,0,none,10.0
1789892821.097313,Switch,34.25,0.0,64.99,0.0,-34.4,1.0,0.74,0.65,93.83,33.06,64.49,-34.5,1.56,0.84,0.3,0,none,10.0
1789892821.0999565,Switch,35.02,0.0,65.2,0.0,-34.7,1.0,0.98,0.72,97.85,33.58,64.64,-34.46,2.58,0.76,0.2,0,none,10.0
1789892821.102528,Switch,34.54,0.0,66.6,0.0,-34.7,1.3,0.74,0.58,95.22,34.05,65.15,-34.5,2.34,2.56,-0.2,0,none,10.0
1789892821.1050107,Switch,34.65,0.0,67.1,0.0,-34.4,1.0,0.51,0.42,99.41,34.39,65.79,-34.52,1.71,3.2,-0.1,0,none,10.0
1789892821.1075523,Switch,35.36,0.0,66.33,0.0,-34.0,4.8,0.39,0.59,105.3,34.76,66.04,-34.44,1.87,1.26,0.4,0,none,10.0
1789892821.110178,Switch,35.76,0.0,66.34,0.0,-34.0,5.2,0.45,0.39,103.87,35.07,66.31,-34.36,1.51,1.35,0.4,0,none,10.0
1789892821.1127162,Switch,36.36,0.0,66.73,0.0,-33.9,4.5,0.68,0.47,104.29,35.33,66.62,-34.2,1.34,1.53,0.8,0,none,10.0
1789892821.1157136,Switch,35.8,0.0,65.33,0.0,-33.5,6.2,0.57,0.28,103.93,35.59,66.37,-33.96,1.26,-1.27,1.2,0,none,10.0
1789892821.118437,Switch,36.27,0.0,66.79,0.0,-33.5,8.0,0.36,0.44,101.26,35.91,66.3,-33.78,1.62,-0.31,0.9,0,none,10.0
1789892821.121094,Switch,35.75,0.0,66.27,0.0,-33.5,8.4,0.27,0.64,95.61,35.99,66.29,-33.68,0.39,-0.06,0.5,0,none,10.0
1789892821.123703,Switch,35.51,0.0,65.12,0.0,-33.2,12.0,0.32,0.42,94.46,35.94,66.05,-33.52,-0.25,-1.22,0.8,0,none,10.0
1789892821.126311,Switch,9999.0,12.5,65.99,0.0,-33.6,1.0,0.32,22.59,90.63,2028.47,65.9,-33.46,9962.64,-0.74,0.3,1,nic_error_spike,0.0
1789892821.1293485,Switch,35.6,12.5,66.35,0.0,-34.0,1.0,0.26,31.07,87.79,2028.43,66.1,-33.56,-0.2,1.02,-0.5,1,nic_error_spike,0.0
1789892821.1321027,Switch,36.34,12.5,66.07,0.0,-34.3,1.0,0.34,36.11,89.52,2028.44,65.96,-33.72,0.07,-0.72,-0.8,1,nic_error_spike,0.0
1789892821.1347446,Switch,36.97,12.5,66.21,0.0,-34.6,1.0,0.55,40.36,94.48,2028.68,65.95,-33.94,1.22,-0.06,-1.1,1,nic_error_spike,0.0
1789892821.137361,Switch,9999.0,25.0,66.59,0.0,-34.8,1.0,0.55,35.39,99.19,4021.38,66.24,-34.26,9963.49,1.47,-1.6,1,nic_error_spike,0.0
1789892821.1401198,Switch,38.14,25.0,65.68,0.0,-34.5,1.0,0.97,41.18,98.88,2029.21,66.18,-34.44,-9960.86,-0.31,-0.9,1,nic_error_spike,0.0
1789892821.1427305,Switch,38.09,25.0,64.2,0.0,-34.9,1.0,0.99,36.94,95.91,2029.71,65.75,-34.62,2.49,-2.15,-0.9,1,nic_error_spike,0.0
1789892821.1452441,Switch,37.58,25.0,65.54,0.0,-34.8,1.0,0.69,36.03,98.32,2029.96,65.64,-34.72,1.24,-0.53,-0.5,1,nic_error_spike,0.0
1789892821.1478028,Switch,37.55,12.5,66.85,0.0,-34.4,1.0,0.43,41.1,97.94,2030.07,65.77,-34.68,0.58,0.64,0.2,1,nic_error_spike,0.0
1789892821.1503425,Switch,37.72,12.5,67.83,0.0,-34.2,1.0,0.25,46.35,99.45,37.82,66.02,-34.56,-9961.28,1.24,0.6,1,nic_error_spike,0.0
1789892821.1529102,Switch,9999.0,25.0,68.85,0.0,-34.6,1.0,0.25,49.44,97.01,2029.99,66.65,-34.58,9960.86,3.17,-0.1,1,nic_error_spike,0.0
1789892821.155467,Switch,9999.0,37.5,69.3,0.0,-34.3,1.0,0.25,51.14,97.96,4022.17,67.67,-34.46,9960.91,5.1,0.6,1,nic_error_spike,0.0
1789892821.1580226,Switch,9999.0,37.5,70.36,0.0,-34.4,1.0,0.25,52.53,96.0,6014.45,68.64,-34.38,9961.42,4.82,0.4,1,nic_error_spike,0.0
1789892821.160584,Switch,38.11,37.5,71.55,0.0,-34.6,1.0,0.24,47.78,99.68,6014.57,69.58,-34.42,0.56,4.7,-0.2,1,,0.0
1789892821.1631837,Switch,37.78,37.5,70.07,0.0,-34.4,1.0,0.2,28.93,102.99,6014.58,70.03,-34.46,0.06,2.24,-0.2,1,none,0.83
1789892821.1658142,Switch,37.02,37.5,71.36,0.0,-34.3,3.6,0.36,17.43,105.63,4022.18,70.53,-34.4,-9961.98,2.51,0.3,1,none,0.67
1789892821.1684391,Switch,37.65,37.5,71.97,0.0,-34.4,2.0,0.35,10.62,109.57,2029.91,71.06,-34.42,-9961.35,2.67,-0.1,1,none,0.5
1789892821.1711912,Switch,38.41,37.5,72.55,0.0,-34.2,1.0,0.47,6.58,106.98,37.79,71.5,-34.38,-9960.59,2.19,0.2,1,none,0.33
1789892821.1737444,Switch,38.99,25.0,71.62,0.0,-34.3,2.9,0.67,4.17,107.45,37.97,71.51,-34.32,0.88,0.07,0.3,1,none,0.2
1789892821.176779,Switch,38.28,12.5,70.2,0.0,-34.7,1.0,0.68,2.71,112.78,38.07,71.54,-34.38,0.5,0.13,-0.3,1,none,0.2
1789892821.1790547,Switch,38.41,0.0,71.24,0.0,-35.0,4.4,0.43,1.72,113.35,38.35,71.52,-34.52,1.39,-0.12,-0.7,0,none,10.0
1789892821.181488,Switch,38.1,0.0,70.1,0.0,-35.0,5.6,0.3,1.08,114.31,38.44,71.14,-34.64,0.45,-1.87,-0.6,0,none,10.0
1789892821.184423,Switch,38.65,0.0,68.99,0.0,-35.0,3.3,0.31,1.0,118.08,38.49,70.43,-34.8,0.24,-3.56,-0.8,0,none,10.0
1789892821.1870196,Switch,37.97,0.0,67.64,0.0,-35.3,2.4,0.24,0.66,120.21,38.28,69.63,-35.0,-1.02,-3.98,-1.0,0,none,10.0
1789892821.1895685,Switch,38.4,0.0,68.94,0.0,-35.4,2.9,0.24,0.53,115.02,38.31,69.38,-35.14,0.12,-1.26,-0.7,0,none,10.0
1789892821.1924179,Switch,37.73,0.0,70.3,0.0,-35.8,4.7,0.32,0.53,113.92,38.17,69.19,-35.3,-0.68,-0.94,-0.8,0,none,10.0
1789892821.1950314,Switch,37.25,0.0,71.67,0.0,-36.1,7.3,0.49,0.34,116.07,38.0,69.51,-35.52,-0.85,1.57,-1.1,0,none,10.0
1789892821.1976297,Switch,37.89,0.0,71.28,0.0,-35.8,3.5,0.37,0.58,110.13,37.85,69.97,-35.68,-0.76,2.29,-0.8,0,none,10.0
1789892821.200238,Switch,38.55,0.0,71.8,0.0,-35.9,3.5,0.47,0.68,111.42,37.96,70.8,-35.8,0.58,4.16,-0.6,0,none,10.0
1789892821.2029927,Switch,38.24,0.0,71.27,0.0,-36.1,1.0,0.44,0.63,109.73,37.93,71.26,-35.94,-0.16,2.33,-0.7,0,none,10.0
1789892821.2057645,Switch,38.0,0.0,72.71,0.0,-36.2,1.0,0.43,0.47,109.2,37.99,71.75,-36.02,0.27,2.41,-0.4,0,none,10.0
1789892821.20816,Switch,37.35,0.0,71.45,0.0,-35.8,2.6,0.4,0.52,105.58,38.01,71.7,-35.96,0.1,-0.22,0.3,0,none,10.0
1789892821.2105129,Switch,36.75,0.0,72.82,0.0,-35.7,3.4,0.65,0.65,100.02,37.78,72.01,-35.94,-1.14,1.54,0.1,0,none,10.0
1789892821.2129135,Switch,36.59,0.0,73.29,0.0,-36.0,1.0,0.66,0.4,99.28,37.39,72.31,-35.96,-1.96,1.49,-0.1,0,none,10.0
1789892821.2152996,Switch,37.1,0.0,74.67,0.0,-36.3,1.0,0.5,0.42,104.16,37.16,72.99,-36.0,-1.14,3.4,-0.2,0,none,10.0
1789892821.2177176,Switch,37.78,0.0,75.89,0.0,-36.2,2.6,0.43,0.25,108.43,37.11,73.62,-36.0,-0.22,3.18,0.0,0,none,10.0
1789892821.220161,Switch,37.39,0.0,75.52,0.0,-36.3,3.8,0.43,0.28,102.7,37.12,74.44,-36.1,0.04,4.07,-0.5,0,none,10.0
1789892821.2229245,Switch,36.87,0.0,75.36,0.0,-36.0,2.4,0.41,0.19,102.49,37.15,74.95,-36.16,0.12,2.54,-0.3,0,none,10.0
1789892821.225632,Switch,36.11,0.0,76.79,0.0,-35.6,5.5,0.56,0.42,104.99,37.05,75.65,-36.08,-0.48,3.5,0.4,0,none,10.0
1789892821.2283835,Switch,36.85,0.0,76.98,0.0,-35.3,1.0,0.57,14.14,110.49,37.0,76.11,-35.88,-0.25,2.31,1.0,1,nic_error_spike,0.0
1789892821.231023,Switch,37.39,0.0,77.57,0.0,-34.9,1.0,0.47,20.63,109.56,36.92,76.44,-35.62,-0.39,1.68,1.3,1,nic_error_spike,0.0
1789892821.2336397,Switch,9999.0,12.5,76.57,0.0,-35.1,1.0,0.47,31.96,111.65,2029.24,76.65,-35.38,9961.61,1.05,1.2,1,nic_error_spike,0.0
1789892821.2364407,Switch,35.86,12.5,75.2,0.0,-35.2,1.0,0.56,37.2,108.73,2029.04,76.62,-35.22,-1.01,-0.16,0.8,1,nic_error_spike,0.0
1789892821.2390144,Switch,9999.0,25.0,74.74,0.0,-35.2,1.0,0.56,43.35,103.1,4021.62,76.21,-35.14,9962.89,-2.05,0.4,1,nic_error_spike,0.0
1789892821.2422516,Switch,36.99,25.0,75.52,0.0,-35.6,1.0,0.57,45.37,107.33,4021.65,75.92,-35.2,0.14,-1.46,-0.3,1,nic_error_spike,0.0
1789892821.2448568,Switch,9999.0,37.5,76.42,0.0,-35.3,1.0,0.57,46.28,112.43,6013.97,75.69,-35.28,9961.61,-1.15,-0.4,1,nic_error_spike,0.0
1789892821.2475393,Switch,38.54,37.5,76.39,0.0,-35.5,1.0,0.87,43.35,106.92,4021.88,75.65,-35.36,-9960.46,-0.18,-0.4,1,nic_error_spike,0.0
1789892821.250138,Switch,38.74,37.5,75.09,0.0,-35.8,1.0,1.06,43.52,104.77,4022.45,75.63,-35.48,2.88,-0.11,-0.6,1,nic_error_spike,0.0
1789892821.2532158,Switch,9999.0,50.0,74.52,0.0,-36.0,1.0,1.06,37.37,101.88,4022.45,75.59,-35.64,0.0,-0.22,-0.8,1,nic_error_spike,0.0
1789892821.255825,Switch,39.06,37.5,74.22,0.0,-36.4,1.0,1.22,38.68,99.47,4022.87,75.33,-35.8,2.07,-1.3,-0.8,1,nic_error_spike,0.0
1789892821.2584343,Switch,38.67,37.5,73.11,0.0,-36.4,1.0,0.72,43.44,96.79,2030.8,74.67,-36.02,-9960.33,-3.31,-1.1,1,nic_error_spike,0.0
1789892821.261142,Switch,39.34,25.0,74.07,0.0,-36.5,1.0,0.29,41.65,99.88,2030.96,74.2,-36.22,0.8,-2.32,-1.0,1,nic_error_spike,0.0
1789892821.2642348,Switch,38.6,25.0,75.57,0.0,-36.5,1.0,0.28,41.61,97.39,2030.93,74.3,-36.36,-0.14,0.48,-0.7,1,nic_error_spike,0.0
1789892821.2670364,Switch,9999.0,25.0,76.91,0.0,-36.4,1.0,0.28,36.66,96.92,2030.93,74.78,-36.44,0.0,2.39,-0.4,1,nic_error_spike,0.0
1789892821.2700348,Switch,9999.0,37.5,78.1,0.0,-36.1,1.0,0.28,41.83,98.1,4022.92,75.55,-36.38,9959.94,3.88,0.3,1,nic_error_spike,0.0
1789892821.2731326,Switch,38.88,37.5,77.26,0.0,-35.8,1.0,0.27,39.12,93.92,4022.96,76.38,-36.26,0.21,4.15,0.6,1,,0.0
1789892821.2759936,Switch,39.19,25.0,78.26,0.0,-36.0,1.0,0.29,23.48,89.14,4022.93,77.22,-36.16,-0.15,4.19,0.5,0,none,10.0
1789892821.27858,Switch,39.41,25.0,78.91,0.0,-36.2,2.3,0.3,14.29,89.18,4023.1,77.89,-36.1,0.81,3.34,0.3,0,none,10.0
1789892821.281163,Switch,39.86,25.0,80.34,0.0,-36.0,2.8,0.43,8.62,85.49,2031.27,78.57,-36.02,-9959.14,3.43,0.4,0,none,10.0
1789892821.2842624,Switch,39.64,25.0,80.84,0.0,-36.2,3.3,0.34,5.32,91.23,39.4,79.12,-36.04,-9959.36,2.74,-0.1,0,none,10.0
1789892821.2868392,Switch,39.44,25.0,79.72,0.0,-36.1,1.0,0.22,3.34,86.64,39.51,79.61,-36.1,0.56,2.46,-0.3,0,none,10.0
1789892821.2895873,Switch,39.61,12.5,79.15,0.0,-36.4,4.0,0.16,2.19,84.04,39.59,79.79,-36.18,0.42,0.89,-0.4,0,none,10.0
1789892821.2921991,Switch,39.66,0.0,78.64,0.0,-36.7,7.0,0.13,1.33,81.38,39.64,79.74,-36.28,0.25,-0.27,-0.5,0,none,10.0
1789892821.2948833,Switch,38.92,0.0,79.74,0.0,-36.6,7.9,0.28,0.9,83.54,39.45,79.62,-36.4,-0.94,-0.6,-0.6,0,none,10.0
1789892821.2977698,Switch,39.36,0.0,79.42,0.0,-36.3,6.2,0.26,0.91,81.65,39.4,79.33,-36.42,-0.28,-1.42,-0.1,0,none,10.0
1789892821.3002527,Switch,39.18,0.0,78.59,0.0,-36.0,2.3,0.27,0.77,85.24,39.35,79.11,-36.4,-0.26,-1.13,0.1,0,none,10.0
1789892821.303008,Switch,38.38,0.0,79.1,0.0,-35.9,4.3,0.43,0.65,85.34,39.1,79.1,-36.3,-1.23,-0.05,0.5,0,none,10.0
1789892821.3056142,Switch,38.96,0.0,78.99,0.0,-35.8,5.6,0.33,0.7,91.27,38.96,79.17,-36.12,-0.7,0.35,0.9,0,none,10.0
1789892821.3082244,Switch,39.74,0.0,77.81,0.0,-35.4,1.8,0.45,0.73,86.7,39.12,78.78,-35.88,0.82,-1.93,1.2,0,none,10.0
1789892821.310846,Switch,39.02,0.0,76.51,0.0,-35.5,1.0,0.44,0.55,87.65,39.06,78.2,-35.72,-0.34,-2.91,0.8,0,none,10.0
1789892821.3136764,Switch,38.74,0.0,77.97,0.0,-35.8,1.0,0.45,3.92,85.89,38.97,78.08,-35.68,-0.44,-0.62,0.2,1,tx_rate_drop,0.0
1789892821.3161907,Switch,39.27,0.0,78.95,0.0,-35.5,1.0,0.34,6.28,91.25,39.15,78.05,-35.6,0.89,-0.15,0.4,1,tx_rate_drop,0.0
1789892821.3187568,Switch,40.01,0.0,79.0,0.0,-35.4,1.0,0.46,6.98,94.89,39.36,78.05,-35.52,1.05,0.01,0.4,1,tx_rate_drop,0.0
1789892821.321377,Switch,39.83,0.0,79.2,0.0,-35.2,1.0,0.48,7.57,92.37,39.37,78.33,-35.48,0.09,1.39,0.2,1,tx_rate_drop,0.0
1789892821.324103,Switch,39.7,0.0,79.37,0.0,-35.3,1.0,0.46,10.22,86.75,39.51,78.9,-35.44,0.68,2.86,0.2,1,tx_rate_drop,0.0
1789892821.3267274,Switch,39.88,0.0,79.5,0.0,-34.9,1.0,0.25,14.01,83.02,39.74,79.2,-35.26,1.14,1.53,0.9,1,tx_rate_drop,0.0
1789892821.3295426,Switch,40.14,0.0,80.51,0.0,-35.0,1.0,0.15,15.29,79.48,39.91,79.52,-35.16,0.87,1.56,0.5,1,tx_rate_drop,0.0
1789892821.332018,Switch,40.68,0.0,80.7,0.0,-35.1,1.0,0.35,11.34,82.49,40.05,79.86,-35.1,0.67,1.7,0.3,1,tx_rate_drop,0.0
1789892821.334684,Switch,41.01,0.0,80.23,0.0,-34.9,1.0,0.49,14.22,82.44,40.28,80.06,-35.04,1.18,1.03,0.3,1,tx_rate_drop,0.0
1789892821.3372917,Switch,40.22,0.0,81.67,0.0,-34.5,1.0,0.4,12.1,86.88,40.39,80.52,-34.88,0.52,2.3,0.8,1,tx_rate_drop,0.0
1789892821.3399107,Switch,40.41,0.0,82.74,0.0,-34.6,1.0,0.32,15.24,85.46,40.49,81.17,-34.82,0.53,3.24,0.3,1,tx_rate_drop,0.0
1789892821.3427017,Switch,41.07,0.0,82.17,0.0,-34.8,1.0,0.33,12.75,86.2,40.68,81.5,-34.78,0.93,1.66,0.2,1,tx_rate_drop,0.0
1789892821.3455088,Switch,41.64,0.0,81.77,0.0,-35.1,1.0,0.51,13.65,84.64,40.87,81.72,-34.78,0.96,1.07,0.0,1,,0.0
1789892821.3478556,Switch,40.9,0.0,81.6,0.0,-34.8,1.9,0.5,8.49,84.16,40.85,81.99,-34.76,-0.11,1.37,0.1,1,none,1.33
1789892821.3503644,Switch,41.25,0.0,82.6,0.0,-34.6,2.7,0.41,5.1,88.68,41.05,82.18,-34.78,1.03,0.93,-0.1,1,none,1.17
1789892821.3529167,Switch,41.24,0.0,81.87,0.0,-34.3,4.9,0.25,3.35,90.24,41.22,82.0,-34.72,0.83,-0.87,0.3,1,none,1.0
1789892821.355445,Switch,41.12,0.0,82.79,0.0,-34.6,1.6,0.24,2.11,93.72,41.23,82.13,-34.68,0.05,0.62,0.2,1,none,0.83
1789892821.3579636,Switch,41.76,0.0,82.11,0.0,-34.9,1.0,0.28,1.46,97.18,41.25,82.19,-34.64,0.12,0.34,0.2,1,none,0.67
1789892821.3604617,Switch,42.55,0.0,81.42,0.0,-34.9,1.0,0.53,1.18,96.42,41.58,82.16,-34.66,1.65,-0.18,-0.1,1,none,0.5
1789892821.3628852,Switch,42.6,0.0,82.43,0.0,-34.7,1.0,0.63,0.9,98.29,41.85,82.12,-34.68,1.35,-0.17,-0.1,1,none,0.33
1789892821.3653622,Switch,42.68,0.0,83.46,0.0,-34.8,1.0,0.61,0.61,101.59,42.14,82.44,-34.78,1.44,1.59,-0.5,1,none,0.2
1789892821.3680723,Switch,42.55,0.0,84.27,0.0,-34.8,3.9,0.34,0.42,107.11,42.43,82.74,-34.82,1.43,1.48,-0.2,1,none,0.2
1789892821.3706613,Switch,42.57,0.0,84.98,0.0,-34.8,5.9,0.05,0.6,111.11,42.59,83.31,-34.8,0.81,2.87,0.1,0,none,10.0
1789892821.3732765,Switch,42.86,0.0,83.61,0.0,-35.0,6.3,0.11,0.51,116.24,42.65,83.75,-34.82,0.31,2.19,-0.1,0,none,10.0
1789892821.3759127,Switch,42.72,0.0,84.81,0.0,-35.1,5.0,0.11,0.43,113.77,42.68,84.23,-34.9,0.12,2.38,-0.4,0,none,10.0
1789892821.3793836,Switch,42.52,0.0,85.05,0.0,-35.1,6.9,0.13,0.41,113.79,42.64,84.54,-34.96,-0.16,1.59,-0.3,0,none,10.0
1789892821.3819435,Switch,41.74,0.0,84.73,0.0,-35.5,9.8,0.39,0.52,115.03,42.48,84.64,-35.1,-0.81,0.46,-0.7,0,none,10.0
1789892821.3846438,Switch,41.55,0.0,83.8,0.0,-35.5,8.1,0.53,0.66,115.66,42.28,84.4,-35.24,-1.02,-1.18,-0.7,0,none,10.0
1789892821.3872683,Switch,41.14,0.0,83.41,0.0,-35.4,7.1,0.6,0.49,121.47,41.93,84.36,-35.32,-1.72,-0.2,-0.4,0,none,10.0
1789892821.3898807,Switch,40.95,0.0,82.08,0.0,-35.0,10.7,0.55,0.55,124.59,41.58,83.81,-35.3,-1.77,-2.73,0.1,0,none,10.0
1789892821.3927152,Switch,40.65,0.0,81.09,0.0,-34.9,7.0,0.39,0.61,128.79,41.21,83.02,-35.26,-1.87,-3.96,0.2,0,none,10.0
1789892821.3952131,Switch,41.34,0.0,80.12,0.0,-35.2,10.1,0.31,0.53,133.61,41.13,82.1,-35.2,-0.4,-4.61,0.3,0,none,10.0
1789892821.3978934,Switch,40.95,0.0,80.35,0.0,-34.9,13.2,0.23,0.35,133.49,41.01,81.41,-35.08,-0.6,-3.45,0.6,0,none,10.0
1789892821.4006608,Switch,41.37,0.0,80.3,0.0,-35.1,11.0,0.27,0.61,128.77,41.05,80.79,-35.02,0.23,-3.11,0.3,0,none,10.0
1789892821.4033089,Switch,41.8,0.0,79.53,0.0,-34.9,14.5,0.39,0.56,123.07,41.22,80.28,-35.0,0.85,-2.55,0.1,0,none,10.0
1789892821.4060426,Switch,42.52,0.0,79.1,0.0,-35.1,11.8,0.53,0.71,123.96,41.6,79.88,-35.04,1.87,-1.99,-0.2,0,none,10.0
1789892821.4084258,Switch,43.19,0.0,79.45,0.0,-35.1,15.3,0.8,0.68,129.33,41.97,79.75,-35.02,1.85,-0.67,0.1,0,none,10.0
1789892821.4111202,Switch,43.65,0.0,78.08,0.0,-35.1,11.3,0.84,0.65,132.09,42.51,79.29,-35.06,2.7,-2.27,-0.2,0,none,10.0
1789892821.4136114,Switch,43.43,0.0,78.61,0.0,-34.9,8.6,0.67,0.6,137.49,42.92,78.95,-35.02,2.06,-1.69,0.2,0,none,10.0
1789892821.4160237,Switch,44.2,0.0,79.2,0.0,-35.2,11.7,0.55,0.6,131.54,43.4,78.89,-35.08,2.4,-0.33,-0.3,0,none,10.0
1789892821.4184604,Switch,44.99,0.0,78.81,0.0,-34.8,12.0,0.64,0.59,133.21,43.89,78.83,-35.02,2.47,-0.29,0.3,0,none,10.0
1789892821.4208956,Switch,45.53,0.0,78.1,0.0,-34.6,15.6,0.8,0.75,134.05,44.36,78.56,-34.92,2.34,-1.35,0.5,0,none,10.0
1789892821.4235477,Switch,46.15,0.0,79.32,0.0,-34.8,12.8,0.96,0.52,139.19,44.86,78.81,-34.86,2.5,1.24,0.3,0,none,10.0
1789892821.4259605,Switch,46.0,0.0,78.46,0.0,-34.8,11.5,0.71,0.66,141.1,45.37,78.78,-34.84,2.57,-0.15,0.1,0,none,10.0
1789892821.4284115,Switch,46.77,0.0,78.55,0.0,-34.5,11.1,0.6,0.56,145.96,45.89,78.65,-34.7,2.57,-0.65,0.7,0,none,10.0
1789892821.4308417,Switch,46.97,0.0,77.35,0.0,-34.6,7.8,0.52,0.35,148.63,46.28,78.36,-34.66,1.98,-1.46,0.2,0,none,10.0
1789892821.433295,Switch,46.96,0.0,76.74,0.0,-34.2,10.3,0.41,0.36,150.72,46.57,78.08,-34.58,1.43,-1.36,0.4,0,none,10.0
1789892821.435724,Switch,47.64,0.0,75.53,0.0,-34.1,9.2,0.53,0.28,156.4,46.87,77.33,-34.44,1.49,-3.79,0.7,0,none,10.0
1789892821.4381242,Switch,47.44,0.0,75.66,0.0,-34.0,5.2,0.33,0.46,152.65,47.16,76.77,-34.28,1.44,-2.8,0.8,0,none,10.0
1789892821.4409175,Switch,46.82,0.0,75.01,0.0,-34.0,5.0,0.32,0.3,150.62,47.17,76.06,-34.18,0.05,-3.54,0.5,0,none,10.0
1789892821.4433227,Switch,46.65,0.0,73.58,0.0,-34.3,4.0,0.38,0.41,155.97,47.1,75.3,-34.12,-0.32,-3.77,0.3,0,none,10.0
1789892821.4457488,Switch,46.09,0.0,73.94,0.0,-34.6,4.6,0.56,0.45,153.11,46.93,74.74,-34.2,-0.87,-2.8,-0.4,0,none,10.0
1789892821.4481697,Switch,45.76,0.0,72.74,0.0,-34.3,4.0,0.58,0.59,152.27,46.55,74.19,-34.24,-1.88,-2.79,-0.2,0,none,10.0
1789892821.450599,Switch,45.22,0.0,73.63,0.0,-34.5,2.0,0.59,0.48,153.94,46.11,73.78,-34.34,-2.22,-2.03,-0.5,0,none,10.0
1789892821.4532468,Switch,45.09,0.0,73.42,0.0,-34.5,3.6,0.58,0.57,151.14,45.76,73.46,-34.44,-1.73,-1.59,-0.5,0,none,10.0
1789892821.4562743,Switch,44.91,0.0,74.03,0.0,-34.3,2.6,0.44,0.39,151.48,45.41,73.55,-34.44,-1.74,0.45,0.0,0,none,10.0
1789892821.4588852,Switch,44.16,0.0,74.6,0.0,-34.4,1.0,0.52,0.29,150.25,45.03,73.68,-34.4,-1.93,0.66,0.2,0,none,10.0
1789892821.4615881,Switch,44.37,0.0,75.32,0.0,-34.8,1.4,0.41,0.51,147.0,44.75,74.2,-34.5,-1.39,2.58,-0.5,0,none,10.0
1789892821.464289,Switch,43.92,0.0,74.19,0.0,-34.6,1.0,0.44,0.35,148.41,44.49,74.31,-34.52,-1.3,0.56,-0.1,0,none,10.0
1789892821.4669776,Switch,43.54,0.0,75.32,0.0,-34.8,2.6,0.46,0.4,143.78,44.18,74.69,-34.58,-1.55,1.9,-0.3,0,none,10.0
1789892821.4694247,Switch,43.45,0.0,75.98,0.0,-35.2,1.0,0.35,0.5,139.75,43.89,75.08,-34.76,-1.46,1.95,-0.9,0,none,10.0
1789892821.4718728,Switch,42.68,0.0,76.96,0.0,-35.6,1.6,0.56,0.59,136.52,43.59,75.55,-35.0,-1.48,2.36,-1.2,0,none,10.0
1789892821.47446,Switch,43.06,0.0,76.7,0.0,-35.7,1.0,0.42,0.69,132.25,43.33,75.83,-35.18,-1.31,1.38,-0.9,0,none,10.0
1789892821.4768972,Switch,42.49,0.0,78.04,0.0,-35.4,1.7,0.41,0.65,134.02,43.04,76.6,-35.34,-1.43,3.85,-0.8,0,none,10.0
1789892821.4793763,Switch,42.46,0.0,76.68,0.0,-35.1,4.9,0.38,0.52,130.45,42.83,76.87,-35.4,-1.08,1.36,-0.3,0,none,10.0
1789892821.4820628,Switch,42.53,0.0,75.93,0.0,-35.5,7.1,0.22,0.62,131.32,42.64,76.86,-35.46,-0.92,-0.05,-0.3,0,none,10.0
1789892821.4848728,Switch,43.21,0.0,77.4,0.0,-35.8,5.8,0.32,0.41,135.43,42.75,76.95,-35.5,0.53,0.44,-0.2,0,none,10.0
1789892821.4872332,Switch,43.61,0.0,76.59,0.0,-35.5,3.0,0.47,0.51,140.39,42.86,76.93,-35.46,0.55,-0.11,0.2,0,none,10.0
1789892821.4896452,Switch,43.25,0.0,77.38,0.0,-35.7,4.0,0.44,0.56,139.68,43.01,76.8,-35.52,0.76,-0.66,-0.3,0,none,10.0
1789892821.4920871,Switch,43.66,0.0,78.16,0.0,-35.3,2.4,0.4,0.72,143.79,43.25,77.09,-35.56,1.2,1.48,-0.2,0,none,10.0
1789892821.4945383,Switch,44.39,0.0,77.82,0.0,-35.4,2.5,0.43,0.46,143.26,43.62,77.47,-35.54,1.86,1.89,0.1,0,none,10.0
1789892821.497205,Switch,43.65,0.0,77.07,0.0,-35.3,1.0,0.37,0.54,137.71,43.71,77.4,-35.44,0.44,-0.33,0.5,0,none,10.0
1789892821.4996572,Switch,44.29,0.0,77.32,0.0,-35.1,4.7,0.43,0.35,139.5,43.85,77.55,-35.36,0.68,0.73,0.4,0,none,10.0
1789892821.5024672,Switch,44.64,0.0,78.58,0.0,-35.5,2.1,0.4,0.39,135.11,44.13,77.79,-35.32,1.39,1.2,0.2,0,none,10.0
1789892821.5049114,Switch,44.44,0.0,78.22,0.0,-35.8,1.2,0.33,0.35,134.19,44.28,77.8,-35.42,0.78,0.06,-0.5,0,none,10.0
1789892821.5073671,Switch,43.89,0.0,77.92,0.0,-35.8,1.0,0.36,0.58,128.64,44.18,77.82,-35.5,-0.5,0.1,-0.4,0,none,10.0
1789892821.5098042,Switch,44.29,0.0,77.61,0.0,-35.7,1.0,0.25,5.48,130.21,44.31,77.93,-35.58,0.64,0.54,-0.4,1,tx_rate_drop,0.0
1789892821.5122442,Switch,44.84,0.0,76.75,0.0,-35.8,1.0,0.32,10.25,133.82,44.42,77.82,-35.72,0.55,-0.57,-0.7,1,tx_rate_drop,0.0
1789892821.5146809,Switch,44.27,0.0,75.78,0.0,-36.1,1.0,0.31,8.88,129.57,44.35,77.26,-35.84,-0.37,-2.8,-0.6,1,tx_rate_drop,0.0
1789892821.5170903,Switch,44.9,0.0,74.6,0.0,-36.0,1.0,0.38,10.52,132.96,44.44,76.53,-35.88,0.46,-3.62,-0.2,1,tx_rate_drop,0.0
1789892821.5198617,Switch,45.15,0.0,75.91,0.0,-36.0,1.0,0.35,9.69,134.97,44.69,76.13,-35.92,1.26,-2.01,-0.2,1,tx_rate_drop,0.0
1789892821.5225673,Switch,45.25,0.0,77.18,0.0,-35.9,1.0,0.34,10.31,138.62,44.88,76.04,-35.96,0.96,-0.43,-0.2,1,tx_rate_drop,0.0
1789892821.5252416,Switch,45.95,0.0,76.67,0.0,-35.9,1.0,0.54,13.81,142.96,45.1,76.03,-35.98,1.11,-0.08,-0.1,1,tx_rate_drop,0.0
1789892821.5279136,Switch,45.36,0.0,76.16,0.0,-35.9,1.0,0.35,11.71,144.61,45.32,76.1,-35.94,1.09,0.38,0.2,1,tx_rate_drop,0.0
1789892821.5306177,Switch,45.16,0.0,77.65,0.0,-36.0,1.0,0.3,11.27,150.0,45.37,76.71,-35.94,0.26,3.05,0.0,1,tx_rate_drop,0.0
1789892821.5333297,Switch,45.74,0.0,77.22,0.0,-36.0,1.0,0.3,13.0,146.14,45.49,76.98,-35.94,0.59,1.31,0.0,1,tx_rate_drop,0.0
1789892821.536023,Switch,45.0,0.0,76.78,0.0,-36.3,1.0,0.35,15.4,142.11,45.44,76.9,-36.02,-0.25,-0.4,-0.4,1,tx_rate_drop,0.0
1789892821.5386817,Switch,45.24,0.0,75.63,0.0,-35.9,1.0,0.25,13.74,141.93,45.3,76.69,-36.02,-0.71,-1.04,0.0,1,tx_rate_drop,0.0
1789892821.5414195,Switch,45.75,0.0,75.58,0.0,-35.8,1.0,0.31,13.45,140.04,45.38,76.57,-36.0,0.39,-0.58,0.1,1,tx_rate_drop,0.0
1789892821.5441675,Switch,46.17,0.0,75.46,0.0,-35.6,1.0,0.41,12.89,137.36,45.58,76.13,-35.92,1.01,-2.19,0.4,1,tx_rate_drop,0.0
1789892821.546917,Switch,46.16,0.0,75.12,0.0,-35.9,1.0,0.48,11.73,141.49,45.66,75.71,-35.9,0.42,-2.1,0.1,1,tx_rate_drop,0.0
1789892821.549677,Switch,46.92,0.0,74.86,0.0,-36.2,1.0,0.55,9.87,138.46,46.05,75.33,-35.88,1.92,-1.92,0.1,1,tx_rate_drop,0.0
1789892821.552361,Switch,47.05,0.0,76.11,0.0,-36.1,1.0,0.5,13.94,139.87,46.41,75.43,-35.92,1.81,0.48,-0.2,1,,0.0
1789892821.5549781,Switch,46.43,0.0,75.44,0.0,-36.5,1.0,0.37,8.58,138.14,46.55,75.4,-36.06,0.68,-0.14,-0.7,1,none,0.2
1789892821.557627,Switch,46.91,0.0,74.28,0.0,-36.4,1.0,0.34,5.33,133.95,46.69,75.16,-36.22,0.74,-1.18,-0.8,1,none,0.2
1789892821.5606608,Switch,47.37,0.0,74.82,0.0,-36.2,4.2,0.3,3.49,131.52,46.94,75.1,-36.28,1.21,-0.3,-0.3,0,none,10.0
1789892821.5632248,Switch,47.69,0.0,76.29,0.0,-36.0,2.0,0.43,2.31,133.07,47.09,75.39,-36.24,0.77,1.43,0.2,0,none,10.0
1789892821.565869,Switch,47.83,0.0,76.83,0.0,-35.8,4.9,0.52,1.5,127.7,47.25,75.53,-36.18,0.78,0.72,0.3,0,none,10.0
1789892821.5684211,Switch,47.58,0.0,77.37,0.0,-35.8,7.9,0.32,1.0,131.0,47.48,75.92,-36.04,1.15,1.93,0.7,0,none,10.0
1789892821.5711036,Switch,47.22,0.0,77.0,0.0,-35.7,11.5,0.22,0.9,134.47,47.54,76.46,-35.9,0.31,2.72,0.7,0,none,10.0
1789892821.573792,Switch,46.75,0.0,77.94,0.0,-35.7,8.4,0.39,0.73,138.24,47.41,77.09,-35.8,-0.62,3.12,0.5,0,none,10.0
1789892821.576149,Switch,47.55,0.0,79.13,0.0,-35.9,6.9,0.37,0.59,143.67,47.39,77.65,-35.78,-0.14,2.84,0.1,0,none,10.0
1789892821.578582,Switch,47.52,0.0,79.83,0.0,-36.3,3.0,0.31,0.71,141.63,47.32,78.25,-35.88,-0.31,3.0,-0.5,0,none,10.0
1789892821.5812068,Switch,48.04,0.0,80.83,0.0,-36.5,2.4,0.42,0.61,142.46,47.42,78.95,-36.02,0.46,3.46,-0.7,0,none,10.0
1789892821.583554,Switch,48.05,0.0,81.37,0.0,-36.6,3.8,0.47,0.61,146.83,47.58,79.82,-36.2,0.83,4.37,-0.9,0,none,10.0
1789892821.585835,Switch,48.24,0.0,80.6,0.0,-36.7,7.4,0.29,0.71,147.28,47.88,80.35,-36.4,1.49,2.66,-1.0,0,none,10.0
1789892821.5882041,Switch,47.69,0.0,80.45,0.0,-36.8,7.2,0.26,0.56,149.28,47.91,80.62,-36.58,0.14,1.32,-0.9,0,none,10.0
1789892821.5908675,Switch,48.0,0.0,81.79,0.0,-36.5,6.1,0.18,0.7,152.13,48.0,81.01,-36.62,0.48,1.96,-0.2,0,none,10.0
1789892821.5932531,Switch,48.73,0.0,82.49,0.0,-36.3,3.7,0.34,0.45,148.16,48.14,81.34,-36.58,0.69,1.66,0.2,0,none,10.0
1789892821.5960088,Switch,48.81,0.0,82.99,0.0,-36.4,1.7,0.43,0.36,151.61,48.29,81.66,-36.54,0.76,1.62,0.2,0,none,10.0
1789892821.5987513,Switch,49.4,0.0,81.57,0.0,-36.2,2.6,0.61,0.41,146.17,48.53,81.86,-36.44,1.16,0.97,0.5,0,none,10.0
1789892821.6015024,Switch,49.06,0.0,80.85,0.0,-36.1,1.0,0.46,0.33,142.29,48.8,81.94,-36.3,1.37,0.4,0.7,0,none,10.0
1789892821.6037602,Switch,49.12,0.0,79.56,0.0,-35.9,1.0,0.24,0.49,140.24,49.02,81.49,-36.18,1.12,-2.23,0.6,0,none,10.0
1789892821.6062868,Switch,48.88,0.0,79.25,0.0,-36.2,3.9,0.2,0.58,145.33,49.05,80.84,-36.16,0.15,-3.24,0.1,0,none,10.0
1789892821.60897,Switch,49.23,0.0,80.05,0.0,-36.3,4.8,0.17,0.57,149.44,49.14,80.26,-36.14,0.42,-2.94,0.1,0,none,10.0
1789892821.6115801,Switch,49.74,0.0,78.87,0.0,-36.4,3.1,0.29,0.54,153.43,49.21,79.72,-36.18,0.34,-2.7,-0.2,0,none,10.0
1789892821.614192,Switch,50.16,0.0,78.09,0.0,-36.6,3.3,0.46,0.38,148.03,49.43,79.16,-36.28,1.1,-2.76,-0.5,0,none,10.0
1789892821.6168253,Switch,50.26,0.0,77.47,0.0,-36.3,4.9,0.53,0.61,146.74,49.65,78.75,-36.36,1.14,-2.09,-0.4,0,none,10.0
1789892821.6194491,Switch,49.47,0.0,76.27,0.0,-36.6,3.3,0.39,0.58,152.32,49.77,78.15,-36.44,0.59,-2.98,-0.4,0,none,10.0
1789892821.6227508,Switch,48.73,0.0,75.49,0.0,-36.3,5.2,0.55,0.43,147.06,49.67,77.24,-36.44,-0.5,-4.56,0.0,0,none,10.0
1789892821.6249235,Switch,48.76,0.0,76.76,0.0,-36.1,5.3,0.65,0.44,151.68,49.48,76.82,-36.38,-0.98,-2.11,0.3,0,none,10.0
1789892821.627108,Switch,48.09,0.0,76.33,0.0,-36.4,8.3,0.74,0.51,155.95,49.06,76.46,-36.34,-2.07,-1.76,0.2,0,none,10.0
1789892821.6292982,Switch,48.27,0.0,76.47,0.0,-36.4,9.8,0.48,0.49,159.19,48.66,76.26,-36.36,-1.99,-1.0,-0.1,0,none,10.0
1789892821.6317947,Switch,48.38,0.0,76.63,0.0,-36.2,12.0,0.26,0.43,158.98,48.45,76.34,-36.28,-1.09,0.36,0.4,0,none,10.0
1789892821.6344619,Switch,47.94,0.0,77.69,0.0,-36.1,11.1,0.28,0.52,158.59,48.29,76.78,-36.24,-0.79,2.2,0.2,0,none,10.0
1789892821.6370223,Switch,48.29,0.0,77.17,0.0,-35.9,9.7,0.16,0.53,155.34,48.19,76.86,-36.2,-0.47,0.41,0.2,0,none,10.0
1789892821.6398368,Switch,48.92,0.0,76.41,0.0,-35.9,8.1,0.32,0.69,158.85,48.36,76.87,-36.1,0.83,0.08,0.5,0,none,10.0
1789892821.6424358,Switch,48.88,0.0,77.57,0.0,-35.6,10.6,0.37,0.76,156.47,48.48,77.09,-35.94,0.61,1.1,0.8,0,none,10.0
1789892821.6451936,Switch,49.04,0.0,76.7,0.0,-35.8,12.5,0.43,0.51,153.58,48.61,77.11,-35.86,0.66,0.07,0.4,0,none,10.0
1789892821.647844,Switch,49.64,0.0,76.7,0.0,-36.1,9.9,0.43,0.51,156.05,48.95,76.91,-35.86,1.7,-0.99,0.0,0,none,10.0
1789892821.6504602,Switch,49.56,0.0,75.6,0.0,-36.5,7.5,0.33,0.51,159.28,49.21,76.6,-35.98,1.27,-1.57,-0.6,0,none,10.0
1789892821.653287,Switch,50.0,0.0,77.03,0.0,-36.6,11.4,0.41,0.34,158.46,49.42,76.72,-36.12,1.08,0.62,-0.7,0,none,10.0
1789892821.6562498,Switch,49.51,0.0,78.23,0.0,-36.4,10.0,0.31,0.27,153.75,49.55,76.85,-36.28,0.63,0.66,-0.8,0,none,10.0
1789892821.6588633,Switch,49.63,0.0,77.54,0.0,-36.2,6.3,0.17,0.27,151.76,49.67,77.02,-36.36,0.59,0.84,-0.4,0,none,10.0
1789892821.6614919,Switch,49.44,0.0,76.66,0.0,-36.2,1.0,0.2,4.78,151.76,49.63,77.01,-36.38,-0.2,-0.04,-0.1,1,tx_rate_drop,0.0
1789892821.6642826,Switch,50.22,0.0,78.0,0.0,-36.0,1.0,0.3,10.43,150.18,49.76,77.49,-36.28,0.66,2.4,0.5,1,tx_rate_drop,0.0
1789892821.666895,Switch,50.11,0.0,78.12,0.0,-36.3,1.0,0.32,10.23,154.16,49.78,77.71,-36.22,0.11,1.09,0.3,1,tx_rate_drop,0.0
1789892821.6693947,Switch,49.83,0.0,77.23,0.0,-36.5,1.0,0.29,13.86,148.73,49.85,77.51,-36.24,0.32,-1.0,-0.1,1,tx_rate_drop,0.0
1789892821.6718447,Switch,50.61,0.0,77.38,0.0,-36.1,1.0,0.39,12.25,145.97,50.04,77.48,-36.22,0.98,-0.16,0.1,1,tx_rate_drop,0.0
1789892821.6748836,Switch,49.88,0.0,77.26,0.0,-36.2,1.0,0.28,14.79,149.98,50.13,77.6,-36.22,0.44,0.6,0.0,1,tx_rate_drop,0.0
1789892821.677241,Switch,49.84,0.0,76.72,0.0,-36.3,1.0,0.3,15.92,155.58,50.05,77.34,-36.28,-0.38,-1.28,-0.3,1,tx_rate_drop,0.0
1789892821.679609,Switch,49.86,0.0,75.41,0.0,-36.5,1.0,0.3,16.52,156.55,50.0,76.8,-36.32,-0.25,-2.71,-0.2,1,tx_rate_drop,0.0
1789892821.68217,Switch,50.09,0.0,75.61,0.0,-36.5,1.0,0.29,14.22,156.84,50.06,76.48,-36.32,0.26,-1.62,0.0,1,tx_rate_drop,0.0
1789892821.6847634,Switch,50.08,0.0,75.71,0.0,-36.2,1.0,0.11,15.37,154.64,49.95,76.14,-36.34,-0.53,-1.67,-0.1,1,tx_rate_drop,0.0
1789892821.6874275,Switch,49.74,0.0,75.84,0.0,-36.0,1.0,0.14,15.92,152.02,49.92,75.86,-36.3,-0.14,-1.42,0.2,1,tx_rate_drop,0.0
1789892821.6901052,Switch,49.3,0.0,76.7,0.0,-36.2,1.0,0.29,12.01,153.02,49.81,75.85,-36.28,-0.54,-0.02,0.1,1,,0.0
1789892821.6927228,Switch,49.33,0.0,76.4,0.0,-36.5,1.0,0.35,7.47,151.74,49.71,76.05,-36.28,-0.53,0.99,0.0,1,none,1.0
1789892821.6957777,Switch,48.8,0.0,76.96,0.0,-36.4,2.0,0.44,4.69,153.08,49.45,76.32,-36.26,-1.29,1.35,0.1,1,none,0.83
1789892821.69839,Switch,49.14,0.0,76.83,0.0,-36.7,1.0,0.3,2.93,153.22,49.26,76.55,-36.36,-0.94,1.12,-0.5,1,none,0.67
1789892821.7010074,Switch,48.59,0.0,77.6,0.0,-36.7,3.2,0.29,2.08,147.23,49.03,76.9,-36.5,-1.15,1.76,-0.7,1,none,0.5
1789892821.7036161,Switch,48.87,0.0,76.39,0.0,-36.9,6.5,0.26,1.34,149.41,48.95,76.84,-36.64,-0.43,-0.31,-0.7,1,none,0.33
1789892821.706259,Switch,48.47,0.0,77.0,0.0,-37.0,8.5,0.23,0.89,151.42,48.77,76.96,-36.74,-0.86,0.6,-0.5,1,none,0.2
1789892821.7088952,Switch,48.62,0.0,75.93,0.0,-36.6,11.7,0.24,0.53,148.54,48.74,76.75,-36.78,-0.18,-1.03,-0.2,1,none,0.2
1789892821.7118495,Switch,48.57,0.0,75.82,0.0,-36.8,9.9,0.13,0.56,144.08,48.62,76.55,-36.8,-0.57,-1.01,-0.1,0,none,10.0
1789892821.714371,Switch,49.16,0.0,74.93,0.0,-36.6,12.9,0.25,0.63,138.51,48.74,76.01,-36.78,0.57,-2.67,0.1,0,none,10.0
1789892821.71707,Switch,48.78,0.0,74.24,0.0,-36.9,12.5,0.24,0.63,137.99,48.72,75.58,-36.78,-0.09,-2.15,0.0,0,none,10.0
1789892821.7197325,Switch,48.3,0.0,72.93,0.0,-36.7,13.8,0.28,0.66,134.73,48.69,74.77,-36.72,-0.17,-4.07,0.3,0,none,10.0
1789892821.7223737,Switch,47.69,0.0,73.11,0.0,-36.8,15.7,0.49,0.68,137.54,48.5,74.21,-36.76,-0.93,-2.82,-0.2,0,none,10.0
1789892821.725201,Switch,47.19,0.0,73.8,0.0,-36.6,15.1,0.71,0.42,132.97,48.22,73.8,-36.72,-1.38,-2.02,0.2,0,none,10.0
1789892821.7281306,Switch,46.63,0.0,74.73,0.0,-36.7,11.8,0.77,0.29,129.52,47.72,73.76,-36.74,-2.53,-0.2,-0.1,0,none,10.0
1789892821.7307894,Switch,46.84,0.0,74.73,0.0,-36.3,9.4,0.61,0.23,133.52,47.33,73.86,-36.62,-1.94,0.49,0.6,0,none,10.0
1789892821.7334383,Switch,46.84,0.0,73.63,0.0,-36.1,8.4,0.37,0.3,129.44,47.04,74.0,-36.5,-1.46,0.7,0.6,0,none,10.0
1789892821.7360313,Switch,47.33,0.0,73.81,0.0,-36.1,5.9,0.26,0.33,132.66,46.97,74.14,-36.36,-0.36,0.7,0.7,0,none,10.0
1789892821.73869,Switch,47.97,0.0,72.43,0.0,-36.1,6.8,0.48,0.2,127.26,47.12,73.87,-36.26,0.78,-1.37,0.5,0,none,10.0
1789892821.741342,Switch,48.25,0.0,71.31,0.0,-36.0,10.0,0.58,0.3,121.53,47.45,73.18,-36.12,1.62,-3.42,0.7,0,none,10.0
1789892821.7446547,Switch,48.81,0.0,70.52,0.0,-36.0,12.9,0.69,0.31,122.76,47.84,72.34,-36.06,1.97,-4.21,0.3,0,none,10.0
1789892821.747276,Switch,48.04,0.0,69.2,0.0,-35.6,11.4,0.48,0.59,124.36,48.08,71.45,-35.96,1.2,-4.43,0.5,0,none,10.0
1789892821.749915,Switch,48.15,0.0,69.68,0.0,-35.9,9.0,0.3,0.45,118.39,48.24,70.63,-35.92,0.82,-4.13,0.2,0,none,10.0
1789892821.7526772,Switch,48.81,0.0,68.36,0.0,-35.6,8.3,0.33,0.36,121.72,48.41,69.81,-35.82,0.84,-4.07,0.5,0,none,10.0
1789892821.755332,Switch,49.0,0.0,68.47,0.0,-35.5,8.2,0.39,0.3,122.66,48.56,69.25,-35.72,0.75,-2.84,0.5,0,none,10.0
1789892821.7578614,Switch,48.33,0.0,67.91,0.0,-35.8,12.0,0.37,0.29,124.74,48.47,68.72,-35.68,-0.48,-2.61,0.2,0,none,10.0
1789892821.760647,Switch,48.24,0.0,68.64,0.0,-35.5,14.3,0.34,0.26,127.51,48.51,68.61,-35.66,0.2,-0.56,0.1,0,none,10.0
1789892821.7629902,Switch,48.15,0.0,68.74,0.0,-35.6,15.3,0.34,0.29,131.68,48.51,68.42,-35.6,0.0,-0.94,0.3,0,none,10.0
1789892821.765696,Switch,48.4,0.0,70.05,0.0,-35.2,13.1,0.3,0.4,131.72,48.42,68.76,-35.52,-0.41,1.69,0.4,0,none,10.0
1789892821.76834,Switch,48.01,0.0,69.91,0.0,-35.1,9.3,0.14,0.51,133.5,48.23,69.05,-35.44,-0.99,1.44,0.4,0,none,10.0
1789892821.7709596,Switch,47.5,0.0,70.01,0.0,-35.2,5.3,0.31,0.46,127.94,48.06,69.47,-35.32,-0.83,2.1,0.6,0,none,10.0
1789892821.773511,Switch,47.21,0.0,70.82,0.0,-35.6,6.4,0.44,0.47,122.74,47.85,69.91,-35.34,-1.03,2.18,-0.1,0,none,10.0
1789892821.776375,Switch,47.62,0.0,70.66,0.0,-35.9,4.1,0.41,0.44,121.72,47.75,70.29,-35.4,-0.53,1.92,-0.3,0,none,10.0
1789892821.7788043,Switch,47.78,0.0,69.26,0.0,-35.6,1.6,0.27,0.61,116.17,47.62,70.13,-35.48,-0.62,-0.79,-0.4,0,none,10.0
1789892821.781402,Switch,47.75,0.0,69.87,0.0,-36.0,1.0,0.21,0.45,118.98,47.57,70.12,-35.66,-0.26,-0.04,-0.9,0,none,10.0
1789892821.784183,Switch,47.0,0.0,70.44,0.0,-35.7,4.3,0.31,0.61,114.66,47.47,70.21,-35.76,-0.5,0.43,-0.5,0,none,10.0
1789892821.786822,Switch,46.29,0.0,70.6,0.0,-35.7,1.0,0.58,11.53,110.86,47.29,70.17,-35.78,-0.92,-0.22,-0.1,1,nic_error_spike,0.0
1789892821.7894657,Switch,46.17,0.0,71.35,0.0,-35.6,1.0,0.69,25.95,113.06,47.0,70.3,-35.72,-1.45,0.69,0.3,1,nic_error_spike,0.0
1789892821.7928593,Switch,46.05,0.0,72.02,0.0,-35.7,1.0,0.64,35.52,112.32,46.65,70.86,-35.74,-1.73,2.76,-0.1,1,nic_error_spike,0.0
1789892821.7953453,Switch,9999.0,12.5,70.91,0.0,-35.6,1.0,0.64,37.21,111.02,2036.9,71.06,-35.66,9951.25,1.04,0.4,1,nic_error_spike,0.0
1789892821.7980294,Switch,45.86,12.5,72.34,0.0,-35.6,1.0,0.39,36.54,110.8,2036.67,71.44,-35.64,-1.14,1.9,0.1,1,nic_error_spike,0.0
1789892821.8008533,Switch,45.78,12.5,73.83,0.0,-35.2,1.0,0.19,42.16,111.61,2036.57,72.09,-35.54,-0.51,3.23,0.5,1,nic_error_spike,0.0
1789892821.8036356,Switch,45.95,12.5,74.8,0.0,-35.4,1.0,0.14,46.34,115.03,2036.53,72.78,-35.5,-0.22,3.45,0.2,1,nic_error_spike,0.0
1789892821.8062694,Switch,46.53,12.5,75.67,0.0,-35.3,1.0,0.27,40.86,115.15,2036.62,73.51,-35.42,0.48,3.65,0.4,1,nic_error_spike,0.0
1789892821.8089027,Switch,46.33,12.5,77.11,0.0,-35.3,1.0,0.29,38.29,118.4,46.09,74.75,-35.36,-9952.67,6.2,0.3,1,nic_error_spike,0.0
1789892821.8115497,Switch,46.54,12.5,78.24,0.0,-35.0,1.0,0.31,39.01,124.21,46.23,75.93,-35.24,0.68,5.9,0.6,1,nic_error_spike,0.0
1789892821.8142426,Switch,47.33,12.5,77.44,0.0,-35.3,1.0,0.45,40.95,120.94,46.54,76.65,-35.26,1.55,3.61,-0.1,1,nic_error_spike,0.0
1789892821.8170965,Switch,9999.0,12.5,76.68,0.0,-35.6,1.0,0.45,34.9,125.16,2037.15,77.03,-35.3,9953.05,1.88,-0.2,1,nic_error_spike,0.0
1789892821.8197377,Switch,9999.0,25.0,76.83,0.0,-35.4,1.0,0.45,31.97,126.83,4027.64,77.26,-35.32,9952.47,1.16,-0.1,1,nic_error_spike,0.0
1789892821.8223925,Switch,47.67,25.0,76.33,0.0,-35.5,1.0,0.52,29.23,122.39,4027.91,77.1,-35.36,1.34,-0.78,-0.2,1,,0.0
1789892821.8250232,Switch,48.45,25.0,76.7,0.0,-35.8,4.2,0.77,17.58,119.34,4028.29,76.8,-35.52,1.91,-1.54,-0.8,1,none,0.83
1789892821.8276503,Switch,48.4,25.0,75.77,0.0,-35.7,5.9,0.71,10.85,125.28,4028.5,76.46,-35.6,1.07,-1.67,-0.4,1,none,0.67
1789892821.8300881,Switch,47.64,25.0,75.35,0.0,-36.0,4.2,0.44,6.67,129.4,2038.23,76.2,-35.68,-9951.36,-1.33,-0.4,1,none,0.5
1789892821.8326466,Switch,47.65,25.0,76.62,0.0,-35.9,1.2,0.38,4.25,131.81,47.96,76.15,-35.78,-9951.35,-0.21,-0.5,1,none,0.33
1789892821.835278,Switch,48.44,25.0,76.53,0.0,-35.7,4.5,0.39,2.9,125.91,48.12,76.19,-35.82,0.77,0.2,-0.2,1,none,0.2
1789892821.8379078,Switch,48.36,12.5,76.18,0.0,-35.7,1.0,0.37,1.98,121.76,48.1,76.09,-35.8,-0.09,-0.52,0.1,1,none,0.2
1789892821.8405542,Switch,48.83,0.0,76.12,0.0,-35.7,1.0,0.47,1.35,119.24,48.18,76.16,-35.8,0.43,0.35,0.0,0,none,10.0
1789892821.843298,Switch,49.05,0.0,75.01,0.0,-36.0,1.0,0.48,0.95,113.92,48.47,76.09,-35.8,1.41,-0.34,0.0,0,none,10.0
1789892821.8456805,Switch,49.23,0.0,76.13,0.0,-36.2,3.3,0.34,0.78,117.61,48.78,75.99,-35.86,1.58,-0.49,-0.3,0,none,10.0
1789892821.848784,Switch,50.03,0.0,75.98,0.0,-36.2,5.3,0.55,0.55,112.05,49.1,75.88,-35.96,1.59,-0.55,-0.5,0,none,10.0
1789892821.8515124,Switch,49.84,0.0,76.63,0.0,-35.8,7.3,0.46,0.66,112.85,49.4,75.97,-35.98,1.48,0.45,-0.1,0,none,10.0
1789892821.85449,Switch,50.43,0.0,75.99,0.0,-35.5,7.3,0.51,0.69,116.2,49.72,75.95,-35.94,1.6,-0.13,0.2,0,none,10.0
1789892821.8571892,Switch,49.97,0.0,76.99,0.0,-35.8,10.8,0.39,0.64,112.37,49.9,76.34,-35.9,0.92,1.98,0.2,0,none,10.0
1789892821.8599195,Switch,49.3,0.0,76.62,0.0,-35.9,11.4,0.36,0.47,109.77,49.91,76.44,-35.84,0.07,0.49,0.3,0,none,10.0
1789892821.862533,Switch,48.6,0.0,75.86,0.0,-36.1,13.1,0.63,0.42,110.94,49.63,76.42,-35.82,-1.43,-0.12,0.1,0,none,10.0
1789892821.8653338,Switch,48.32,0.0,77.2,0.0,-35.9,11.5,0.8,0.4,110.68,49.32,76.53,-35.84,-1.52,0.57,-0.1,0,none,10.0
1789892821.8679612,Switch,47.89,0.0,76.79,0.0,-35.5,15.2,0.74,0.42,108.25,48.82,76.69,-35.84,-2.54,0.8,0.0,0,none,10.0
1789892821.8705738,Switch,47.61,0.0,75.82,0.0,-35.4,17.8,0.59,0.27,110.55,48.34,76.46,-35.76,-2.36,-1.17,0.4,0,none,10.0
1789892821.8731914,Switch,47.12,0.0,77.09,0.0,-35.4,18.8,0.52,0.19,112.24,47.91,76.55,-35.66,-2.18,0.47,0.5,0,none,10.0
1789892821.8758261,Switch,47.36,0.0,77.51,0.0,-35.5,19.4,0.42,0.43,117.7,47.66,76.88,-35.54,-1.24,1.65,0.6,0,none,10.0
1789892821.87822,Switch,47.2,0.0,76.6,0.0,-35.3,21.9,0.28,0.32,115.76,47.44,76.76,-35.42,-1.12,-0.6,0.6,0,none,10.0
1789892821.8813398,Switch,47.93,0.0,77.89,0.0,-35.4,22.0,0.3,0.35,111.26,47.44,76.98,-35.4,0.04,1.1,0.1,0,none,10.0
1789892821.8843772,Switch,48.38,0.0,76.86,0.0,-35.4,19.1,0.48,0.48,115.23,47.6,77.19,-35.4,0.77,1.04,0.0,0,none,10.0
1789892821.8869889,Switch,48.01,0.0,75.73,0.0,-35.3,18.2,0.44,0.69,121.14,47.78,76.92,-35.38,0.89,-1.36,0.1,0,none,10.0
1789892821.8896236,Switch,48.01,0.0,74.33,0.0,-35.3,18.3,0.39,0.48,124.09,47.91,76.28,-35.34,0.65,-3.18,0.2,0,none,10.0
1789892821.892245,Switch,47.93,0.0,73.55,0.0,-35.3,20.9,0.17,0.52,123.38,48.05,75.67,-35.34,0.73,-3.05,0.0,0,none,10.0
1789892821.8950207,Switch,48.56,0.0,72.52,0.0,-35.2,21.0,0.25,0.32,118.53,48.18,74.6,-35.3,0.63,-5.37,0.2,0,none,10.0
1789892821.8977287,Switch,48.58,0.0,71.06,0.0,-35.4,21.4,0.29,0.55,120.31,48.22,73.44,-35.3,0.2,-5.8,0.0,0,none,10.0
1789892821.9004188,Switch,47.93,0.0,69.63,0.0,-35.0,20.1,0.3,0.7,119.86,48.2,72.22,-35.24,-0.08,-6.1,0.3,0,none,10.0
1789892821.90306,Switch,47.2,0.0,71.06,0.0,-35.2,17.8,0.51,0.72,122.19,48.04,71.56,-35.22,-0.81,-3.27,0.1,0,none,10.0
1789892821.9056666,Switch,47.77,0.0,69.64,0.0,-35.1,16.9,0.52,0.64,127.56,48.01,70.78,-35.18,-0.16,-3.91,0.2,0,none,10.0
1789892821.9082778,Switch,47.28,0.0,70.43,0.0,-35.3,16.8,0.5,0.53,130.56,47.75,70.36,-35.2,-1.28,-2.09,-0.1,0,none,10.0
1789892821.9109147,Switch,47.28,0.0,69.5,0.0,-35.6,1.0,0.3,14.52,135.14,47.49,70.05,-35.24,-1.3,-1.56,-0.2,1,nic_error_spike,0.0
1789892821.9140806,Switch,47.16,0.0,69.1,0.0,-35.7,1.0,0.22,27.45,135.24,47.34,69.95,-35.38,-0.77,-0.53,-0.7,1,nic_error_spike,0.0
1789892821.9167125,Switch,47.75,0.0,67.6,0.0,-36.0,1.0,0.26,34.96,137.3,47.45,69.25,-35.54,0.55,-3.46,-0.8,1,nic_error_spike,0.0
1789892821.919452,Switch,46.96,0.0,67.07,0.0,-35.7,1.0,0.26,39.46,141.72,47.29,68.74,-35.66,-0.81,-2.57,-0.6,1,nic_error_spike,0.0
1789892821.922082,Switch,46.57,0.0,68.55,0.0,-35.5,1.0,0.38,41.14,138.61,47.14,68.36,-35.7,-0.71,-1.88,-0.2,1,nic_error_spike,0.0
1789892821.9248745,Switch,46.57,0.0,68.55,0.0,-35.7,1.0,0.43,39.11,142.03,47.0,68.17,-35.72,-0.71,-0.95,-0.1,1,nic_error_spike,0.0
1789892821.9273946,Switch,46.27,0.0,69.66,0.0,-35.3,1.0,0.51,37.88,145.9,46.82,68.29,-35.64,-0.89,0.56,0.4,1,nic_error_spike,0.0
1789892821.9304733,Switch,46.71,0.0,70.97,0.0,-34.9,1.0,0.22,37.29,146.15,46.62,68.96,-35.42,-1.04,3.37,1.1,1,nic_error_spike,0.0
1789892821.9331725,Switch,45.94,0.0,70.81,0.0,-35.1,1.0,0.27,36.81,147.22,46.41,69.71,-35.3,-1.02,3.74,0.6,1,nic_error_spike,0.0
1789892821.935896,Switch,45.42,0.0,70.53,0.0,-35.4,1.0,0.46,30.84,151.49,46.18,70.1,-35.28,-1.15,1.98,0.1,1,nic_error_spike,0.0
1789892821.9386652,Switch,45.43,0.0,71.39,0.0,-35.6,1.0,0.5,28.87,154.19,45.95,70.67,-35.26,-1.14,2.84,0.1,1,nic_error_spike,0.0
1789892821.9416578,Switch,9999.0,12.5,70.81,0.0,-35.2,1.0,0.5,34.02,151.09,2036.5,70.9,-35.24,9952.73,1.15,0.1,1,nic_error_spike,0.0
1789892821.9443834,Switch,46.5,12.5,70.5,0.0,-35.2,1.0,0.53,37.02,151.65,2036.46,70.81,-35.3,-0.21,-0.47,-0.3,1,nic_error_spike,0.0
1789892821.9469128,Switch,46.62,12.5,69.57,0.0,-35.1,1.0,0.51,32.45,146.94,2036.59,70.56,-35.3,0.68,-1.24,0.0,1,nic_error_spike,0.0
1789892821.9497037,Switch,46.26,12.5,70.88,0.0,-34.7,1.0,0.52,35.43,147.68,2036.76,70.63,-35.16,0.84,0.35,0.7,1,,0.0
1789892821.9524827,Switch,46.93,12.5,71.85,0.0,-34.8,1.0,0.51,21.5,153.41,2037.06,70.72,-35.0,1.5,0.46,0.8,0,none,10.0
1789892821.9553168,Switch,47.03,12.5,72.73,0.0,-35.0,3.2,0.28,12.95,148.57,46.67,71.11,-34.96,-9951.97,1.92,0.2,0,none,10.0
1789892821.9580178,Switch,47.11,12.5,72.44,0.0,-34.7,5.4,0.31,8.02,143.79,46.79,71.49,-34.86,0.61,1.94,0.5,0,none,10.0
1789892821.9612007,Switch,47.03,12.5,73.27,0.0,-34.3,4.0,0.31,5.02,141.14,46.87,72.23,-34.7,0.41,3.7,0.8,0,none,10.0
1789892821.9638512,Switch,46.52,0.0,72.93,0.0,-34.1,5.0,0.21,3.37,144.96,46.92,72.64,-34.58,0.26,2.05,0.6,0,none,10.0
1789892821.96652,Switch,46.16,0.0,73.72,0.0,-34.5,1.0,0.37,24.91,149.96,46.77,73.02,-34.52,-0.77,1.87,0.3,1,nic_error_spike,0.0
1789892821.9692547,Switch,45.46,0.0,72.94,0.0,-34.7,1.0,0.61,38.38,146.82,46.46,73.06,-34.46,-1.57,0.21,0.3,1,nic_error_spike,0.0
1789892821.9719992,Switch,45.25,0.0,71.77,0.0,-34.7,1.0,0.66,43.11,141.2,46.08,72.93,-34.46,-1.86,-0.67,0.0,1,nic_error_spike,0.0
1789892821.9747448,Switch,45.75,0.0,72.07,0.0,-35.1,1.0,0.46,41.6,141.81,45.83,72.69,-34.62,-1.28,-1.2,-0.8,1,nic_error_spike,0.0
1789892821.9775398,Switch,45.04,0.0,70.87,0.0,-35.4,1.0,0.39,43.48,139.2,45.53,72.27,-34.88,-1.48,-2.06,-1.3,1,nic_error_spike,0.0
1789892821.980136,Switch,44.54,0.0,71.84,0.0,-35.8,1.0,0.41,39.07,145.17,45.21,71.9,-35.14,-1.62,-1.88,-1.3,1,nic_error_spike,0.0
1789892821.9829345,Switch,44.52,0.0,71.97,0.0,-35.6,1.0,0.46,37.94,150.7,45.02,71.7,-35.32,-0.94,-0.97,-0.9,1,nic_error_spike,0.0
1789892821.985721,Switch,9999.0,12.5,71.02,0.0,-35.2,1.0,0.46,45.12,145.04,2035.77,71.55,-35.42,9953.75,-0.75,-0.5,1,nic_error_spike,0.0
1789892821.9883444,Switch,43.25,12.5,71.54,0.0,-35.5,1.0,0.82,39.76,148.33,2035.27,71.45,-35.5,-2.5,-0.53,-0.4,1,nic_error_spike,0.0
1789892821.9909775,Switch,42.72,12.5,71.96,0.0,-35.2,1.0,0.88,41.93,144.25,2034.81,71.67,-35.46,-2.32,1.09,0.2,1,nic_error_spike,0.0
1789892821.9935052,Switch,9999.0,25.0,72.29,0.0,-35.0,1.0,0.88,44.72,140.78,4025.7,71.76,-35.3,9954.46,0.45,0.8,1,nic_error_spike,0.0
1789892821.9958935,Switch,43.55,25.0,71.87,0.0,-35.1,1.0,0.71,48.02,142.45,4025.5,71.74,-35.2,-0.97,-0.1,0.5,1,nic_error_spike,0.0
1789892821.998614,Switch,44.13,25.0,70.91,0.0,-35.4,1.0,0.63,47.87,143.56,2034.53,71.71,-35.24,-9954.87,-0.11,-0.2,1,nic_error_spike,0.0
1789892822.0012927,Switch,44.81,25.0,69.82,0.0,-35.4,1.0,0.72,48.91,145.96,2034.84,71.37,-35.22,1.56,-1.72,0.1,1,,0.0
1789892822.0039346,Switch,44.63,25.0,70.33,0.0,-35.2,4.3,0.76,29.48,151.48,2035.22,71.04,-35.22,1.91,-1.63,0.0,1,none,0.33
1789892822.0065818,Switch,44.12,12.5,71.07,0.0,-35.1,1.0,0.44,17.99,145.81,44.25,70.8,-35.24,-9954.88,-1.22,-0.1,1,none,0.2
1789892822.0094926,Switch,43.45,12.5,69.62,0.0,-34.8,1.0,0.47,11.17,144.54,44.23,70.35,-35.18,-0.1,-2.25,0.3,1,none,0.2
1789892822.0120165,Switch,43.15,12.5,71.04,0.0,-35.1,1.9,0.64,6.83,146.16,44.03,70.38,-35.12,-0.98,0.13,0.3,0,none,10.0
1789892822.014771,Switch,43.59,0.0,69.66,0.0,-34.7,2.8,0.52,4.41,152.08,43.79,70.34,-34.98,-1.22,-0.16,0.7,0,none,10.0
1789892822.0174139,Switch,43.3,0.0,68.53,0.0,-34.7,1.0,0.33,8.22,155.17,43.52,69.98,-34.88,-1.33,-1.8,0.5,1,tx_rate_drop,0.0
1789892822.0200772,Switch,43.07,0.0,69.91,0.0,-34.8,1.0,0.19,12.5,151.73,43.31,69.75,-34.82,-1.05,-1.16,0.3,1,tx_rate_drop,0.0
1789892822.0227764,Switch,43.75,0.0,68.51,0.0,-34.6,1.0,0.26,13.24,155.77,43.37,69.53,-34.78,0.3,-1.11,0.2,1,tx_rate_drop,0.0
1789892822.0259688,Switch,43.57,0.0,67.05,0.0,-35.0,1.0,0.24,11.47,159.0,43.46,68.73,-34.76,0.42,-3.99,0.1,1,tx_rate_drop,0.0
1789892822.0285828,Switch,43.03,0.0,67.33,0.0,-35.2,1.0,0.28,13.38,160.74,43.34,68.27,-34.86,-0.56,-2.33,-0.5,1,tx_rate_drop,0.0
1789892822.0312674,Switch,43.25,0.0,66.4,0.0,-34.9,1.0,0.28,14.24,164.53,43.33,67.84,-34.9,-0.05,-2.13,-0.2,1,tx_rate_drop,0.0
1789892822.0338933,Switch,43.5,0.0,65.54,0.0,-34.6,1.0,0.25,16.36,164.49,43.42,66.97,-34.86,0.43,-4.37,0.2,1,tx_rate_drop,0.0
1789892822.0365338,Switch,44.02,0.0,65.26,0.0,-34.7,1.0,0.33,15.42,169.72,43.47,66.32,-34.88,0.27,-3.25,-0.1,1,tx_rate_drop,0.0
1789892822.0394514,Switch,44.54,0.0,65.72,0.0,-34.7,1.0,0.55,16.9,174.58,43.67,66.05,-34.82,0.97,-1.33,0.3,1,tx_rate_drop,0.0
1789892822.0421329,Switch,44.47,0.0,64.71,0.0,-34.8,1.0,0.51,13.75,176.81,43.96,65.53,-34.74,1.44,-2.62,0.4,1,tx_rate_drop,0.0
1789892822.0449028,Switch,43.85,0.0,65.44,0.0,-34.5,1.0,0.39,13.85,172.84,44.08,65.33,-34.66,0.6,-0.96,0.4,1,,0.0
1789892822.047563,Switch,43.53,0.0,66.33,0.0,-34.8,1.3,0.38,8.64,172.01,44.08,65.49,-34.7,0.03,0.79,-0.2,1,none,0.2
1789892822.0501883,Switch,42.76,0.0,67.33,0.0,-34.4,1.0,0.66,5.26,174.88,43.83,65.91,-34.64,-1.26,2.07,0.3,1,none,0.2
1789892822.052835,Switch,43.44,0.0,67.86,0.0,-34.2,1.0,0.56,3.18,173.88,43.61,66.33,-34.54,-1.1,2.14,0.5,0,none,10.0
1789892822.0553665,Switch,44.17,0.0,67.94,0.0,-34.2,4.9,0.47,2.04,168.36,43.55,66.98,-34.42,-0.3,3.23,0.6,0,none,10.0
1789892822.0584824,Switch,44.91,0.0,68.06,0.0,-34.3,7.6,0.73,1.41,166.27,43.76,67.5,-34.38,1.06,2.62,0.2,0,none,10.0
1789892822.0612104,Switch,45.31,0.0,67.02,0.0,-34.0,10.5,0.93,0.92,164.88,44.12,67.64,-34.22,1.78,0.69,0.8,0,none,10.0
1789892822.0644732,Switch,45.93,0.0,66.67,0.0,-34.3,12.7,0.87,0.8,166.57,44.75,67.51,-34.2,3.17,-0.66,0.1,0,none,10.0
1789892822.0669622,Switch,45.84,0.0,67.99,0.0,-34.0,9.0,0.65,0.77,170.67,45.23,67.54,-34.16,2.4,0.13,0.2,0,none,10.0
1789892822.069923,Switch,46.27,0.0,69.27,0.0,-34.1,5.7,0.48,0.61,172.09,45.65,67.8,-34.14,2.1,1.33,0.1,0,none,10.0
1789892822.072361,Switch,46.59,0.0,70.58,0.0,-34.3,6.3,0.43,0.6,167.77,45.99,68.31,-34.14,1.68,2.52,0.0,0,none,10.0
1789892822.075208,Switch,45.86,0.0,69.09,0.0,-34.2,7.4,0.29,0.66,168.05,46.1,68.72,-34.18,0.55,2.07,-0.2,0,none,10.0
1789892822.0781162,Switch,46.22,0.0,68.99,0.0,-34.1,4.4,0.28,0.78,170.81,46.16,69.18,-34.14,0.29,2.32,0.2,0,none,10.0
1789892822.080526,Switch,45.85,0.0,67.94,0.0,-33.8,3.8,0.28,0.69,173.31,46.16,69.17,-34.1,0.01,-0.05,0.2,0,none,10.0
1789892822.0833225,Switch,45.76,0.0,68.62,0.0,-34.1,1.0,0.31,0.58,178.66,46.06,69.04,-34.1,-0.51,-0.65,0.0,0,none,10.0
1789892822.085984,Switch,45.07,0.0,69.16,0.0,-33.9,1.0,0.37,0.59,176.57,45.75,68.76,-34.02,-1.52,-1.42,0.4,0,none,10.0
1789892822.0886521,Switch,45.59,0.0,69.95,0.0,-33.6,1.0,0.37,0.63,178.96,45.7,68.93,-33.9,-0.27,0.86,0.6,0,none,10.0
1789892822.0914967,Switch,45.26,0.0,69.33,0.0,-33.7,4.0,0.29,0.41,174.56,45.51,69.0,-33.82,-0.96,0.34,0.4,0,none,10.0
1789892822.0941248,Switch,44.55,0.0,69.2,0.0,-33.4,5.4,0.42,0.45,173.12,45.25,69.25,-33.74,-1.3,1.26,0.4,0,none,10.0
1789892822.0967593,Switch,44.23,0.0,69.23,0.0,-33.7,6.6,0.49,0.64,175.92,44.94,69.37,-33.66,-1.53,0.61,0.4,0,none,10.0
1789892822.0993729,Switch,44.29,0.0,69.67,0.0,-33.8,3.7,0.55,0.68,171.18,44.78,69.48,-33.64,-0.78,0.51,0.1,0,none,10.0
1789892822.1019995,Switch,43.52,0.0,69.28,0.0,-33.4,2.6,0.56,0.61,168.6,44.37,69.34,-33.6,-2.07,-0.67,0.2,0,none,10.0
1789892822.10469,Switch,43.84,0.0,70.54,0.0,-33.0,1.1,0.36,0.68,173.75,44.09,69.58,-33.46,-1.42,1.21,0.7,0,none,10.0
1789892822.1072779,Switch,44.45,0.0,70.31,0.0,-33.3,1.0,0.34,0.65,179.12,44.07,69.81,-33.44,-0.1,1.11,0.1,0,none,10.0
1789892822.1099775,Switch,44.87,0.0,71.23,0.0,-33.2,2.7,0.47,0.57,179.02,44.19,70.21,-33.34,0.64,2.0,0.5,0,none,10.0
1789892822.1125913,Switch,44.67,0.0,71.39,0.0,-33.1,5.6,0.51,0.53,173.46,44.27,70.55,-33.2,0.38,1.72,0.7,0,none,10.0
1789892822.115387,Switch,45.03,0.0,70.94,0.0,-33.5,9.2,0.42,0.49,167.49,44.57,70.88,-33.22,1.51,1.66,-0.1,0,none,10.0
1789892822.1181674,Switch,45.68,0.0,71.25,0.0,-33.6,12.8,0.42,0.59,169.0,44.94,71.02,-33.34,1.84,0.71,-0.6,0,none,10.0
1789892822.1211689,Switch,46.35,0.0,70.51,0.0,-33.5,14.6,0.62,0.64,165.33,45.32,71.06,-33.38,1.9,0.2,-0.2,0,none,10.0
1789892822.1238313,Switch,45.93,0.0,70.56,0.0,-33.2,12.2,0.61,0.6,159.76,45.53,70.93,-33.38,1.06,-0.67,0.0,0,none,10.0
1789892822.1264348,Switch,46.72,0.0,72.04,0.0,-33.3,12.4,0.58,0.72,160.21,45.94,71.06,-33.42,2.05,0.65,-0.2,0,none,10.0
1789892822.1294332,Switch,47.48,0.0,71.61,0.0,-33.7,10.6,0.63,0.54,156.51,46.43,71.19,-33.46,2.45,0.67,-0.2,0,none,10.0
1789892822.1320448,Switch,46.71,0.0,71.65,0.0,-33.4,7.9,0.51,0.58,150.52,46.64,71.27,-33.42,1.03,0.4,0.2,0,none,10.0
1789892822.1347933,Switch,46.7,0.0,71.25,0.0,-33.2,5.8,0.49,0.59,147.93,46.71,71.42,-33.36,0.35,0.74,0.3,0,none,10.0
1789892822.137662,Switch,46.85,0.0,72.38,0.0,-33.0,3.8,0.3,0.63,141.94,46.89,71.79,-33.32,0.92,1.82,0.2,0,none,10.0
1789892822.1402905,Switch,46.87,0.0,71.52,0.0,-33.2,6.8,0.29,0.74,137.8,46.92,71.68,-33.3,0.15,-0.52,0.1,0,none,10.0
1789892822.1430137,Switch,47.08,0.0,70.34,0.0,-33.4,7.3,0.14,0.63,141.83,46.84,71.43,-33.24,-0.4,-1.27,0.3,0,none,10.0
1789892822.1454418,Switch,47.71,0.0,68.88,0.0,-33.7,8.1,0.36,0.44,137.04,47.04,70.87,-33.3,1.0,-2.77,-0.3,0,none,10.0
1789892822.1480863,Switch,48.08,0.0,69.28,0.0,-33.7,4.3,0.49,0.3,136.4,47.32,70.48,-33.4,1.38,-1.97,-0.5,0,none,10.0
1789892822.1507525,Switch,47.54,0.0,68.32,0.0,-33.4,3.1,0.43,0.18,139.23,47.46,69.67,-33.48,0.69,-4.06,-0.4,0,none,10.0
1789892822.153643,Switch,47.24,0.0,69.75,0.0,-33.7,4.2,0.35,0.36,139.67,47.53,69.31,-33.58,0.37,-1.77,-0.5,0,none,10.0
1789892822.1562715,Switch,46.98,0.0,69.95,0.0,-34.0,1.3,0.38,0.49,140.46,47.51,69.24,-33.7,-0.1,-0.39,-0.6,0,none,10.0
1789892822.1594114,Switch,47.18,0.0,70.96,0.0,-33.8,1.0,0.38,0.56,139.82,47.4,69.65,-33.72,-0.53,2.08,-0.1,0,none,10.0
1789892822.1621468,Switch,47.96,0.0,69.88,0.0,-34.1,1.0,0.34,10.54,144.1,47.38,69.77,-33.8,-0.12,0.6,-0.4,1,nic_error_spike,0.0
1789892822.1649907,Switch,48.51,0.0,68.59,0.0,-34.2,1.0,0.57,18.89,140.54,47.57,69.83,-33.96,0.97,0.27,-0.8,1,nic_error_spike,0.0
1789892822.167639,Switch,48.01,0.0,69.42,0.0,-34.5,1.0,0.57,32.96,141.76,47.73,69.76,-34.12,0.77,-0.33,-0.8,1,nic_error_spike,0.0
1789892822.170256,Switch,9999.0,12.5,69.71,0.0,-34.6,1.0,0.57,39.89,146.36,2038.13,69.71,-34.24,9952.02,-0.24,-0.6,1,nic_error_spike,0.0
1789892822.1728907,Switch,48.04,12.5,68.27,0.0,-34.7,1.0,0.43,43.91,147.11,2038.3,69.17,-34.42,0.86,-2.69,-0.9,1,nic_error_spike,0.0
1789892822.1753376,Switch,48.17,12.5,68.09,0.0,-34.8,1.0,0.2,48.81,142.87,2038.35,68.82,-34.56,0.21,-1.79,-0.7,1,nic_error_spike,0.0
1789892822.1786468,Switch,47.61,12.5,66.8,0.0,-34.8,1.0,0.29,50.58,145.29,2038.17,68.46,-34.68,-0.9,-1.79,-0.6,1,nic_error_spike,0.0
1789892822.1815953,Switch,47.09,12.5,66.88,0.0,-34.9,1.0,0.39,44.18,139.92,2037.98,67.95,-34.76,-0.92,-2.54,-0.4,1,nic_error_spike,0.0
1789892822.1842294,Switch,47.73,12.5,67.67,0.0,-34.8,1.0,0.38,41.24,143.59,47.73,67.54,-34.8,-9951.27,-2.04,-0.2,1,nic_error_spike,0.0
1789892822.1868374,Switch,47.71,12.5,67.26,0.0,-35.1,1.0,0.35,36.33,149.38,47.66,67.34,-34.88,-0.33,-1.01,-0.4,1,nic_error_spike,0.0
1789892822.1894526,Switch,47.01,12.5,68.62,0.0,-34.7,1.0,0.32,31.37,148.16,47.43,67.45,-34.86,-1.16,0.53,0.1,1,nic_error_spike,0.0
1789892822.1921036,Switch,46.29,0.0,69.23,0.0,-34.4,1.0,0.53,39.93,142.44,47.17,67.93,-34.78,-1.32,2.43,0.4,1,nic_error_spike,0.0
1789892822.1948018,Switch,45.73,0.0,70.01,0.0,-34.8,1.0,0.79,42.01,137.19,46.89,68.56,-34.76,-1.36,3.13,0.1,1,nic_error_spike,0.0
1789892822.1974843,Switch,46.11,0.0,71.16,0.0,-34.8,1.0,0.71,35.86,140.43,46.57,69.26,-34.76,-1.62,3.49,0.0,1,nic_error_spike,0.0
1789892822.2003222,Switch,46.68,0.0,71.73,0.0,-34.7,1.0,0.44,35.84,143.4,46.36,70.15,-34.68,-1.03,4.47,0.4,1,nic_error_spike,0.0
1789892822.2032647,Switch,46.2,0.0,72.22,0.0,-34.8,1.0,0.3,36.8,147.03,46.2,70.87,-34.7,-0.81,3.6,-0.1,1,nic_error_spike,0.0
1789892822.206305,Switch,46.26,0.0,71.5,0.0,-34.9,1.0,0.3,33.84,141.94,46.2,71.32,-34.8,-0.03,2.27,-0.5,1,nic_error_spike,0.0
1789892822.208954,Switch,46.48,0.0,71.13,0.0,-34.8,1.0,0.21,40.4,142.71,46.35,71.55,-34.8,0.75,1.12,0.0,1,,0.0
1789892822.2118225,Switch,45.69,0.0,70.0,0.0,-35.1,1.0,0.33,24.49,139.69,46.26,71.32,-34.86,-0.42,-1.16,-0.3,1,none,0.2
1789892822.2145474,Switch,45.79,0.0,69.88,0.0,-35.4,1.0,0.3,14.9,136.61,46.08,70.95,-35.0,-0.89,-1.85,-0.7,1,none,0.2
1789892822.2173977,Switch,45.71,0.0,70.19,0.0,-35.8,4.3,0.32,9.05,138.5,45.99,70.54,-35.2,-0.49,-2.03,-1.0,0,none,10.0
1789892822.2203672,Switch,45.6,0.0,70.55,0.0,-35.4,7.5,0.32,5.49,143.2,45.85,70.35,-35.3,-0.66,-0.95,-0.5,0,none,10.0
1789892822.2235718,Switch,46.15,0.0,71.25,0.0,-35.6,10.3,0.19,3.31,145.8,45.79,70.37,-35.46,-0.33,0.12,-0.8,0,none,10.0
1789892822.22661,Switch,46.38,0.0,71.66,0.0,-35.3,8.8,0.29,2.32,140.34,45.93,70.71,-35.5,0.69,1.66,-0.2,0,none,10.0
1789892822.2292664,Switch,45.82,0.0,70.22,0.0,-35.4,5.2,0.29,1.58,145.6,45.93,70.77,-35.5,0.03,0.34,0.0,0,none,10.0
1789892822.2319183,Switch,46.06,0.0,70.19,0.0,-35.5,8.2,0.27,1.26,146.22,46.0,70.77,-35.44,0.35,0.0,0.3,0,none,10.0
1789892822.234498,Switch,46.01,0.0,70.12,0.0,-35.9,4.5,0.19,1.01,151.91,46.08,70.69,-35.54,0.41,-0.43,-0.5,0,none,10.0
1789892822.2372093,Switch,46.55,0.0,70.85,0.0,-36.3,3.7,0.27,0.93,147.02,46.16,70.61,-35.68,0.4,-0.4,-0.7,0,none,10.0
1789892822.23985,Switch,46.56,0.0,72.26,0.0,-36.6,1.2,0.3,0.81,149.78,46.2,70.73,-35.94,0.18,0.6,-1.3,0,none,10.0
1789892822.2425919,Switch,47.29,0.0,73.0,0.0,-36.4,5.1,0.46,0.68,144.42,46.49,71.28,-36.14,1.47,2.78,-1.0,0,none,10.0
1789892822.2452137,Switch,46.93,0.0,71.84,0.0,-36.6,1.5,0.43,0.45,147.77,46.67,71.61,-36.36,0.87,1.65,-1.1,0,none,10.0
1789892822.2478204,Switch,47.68,0.0,70.73,0.0,-36.6,1.7,0.43,0.36,147.98,47.0,71.74,-36.5,1.67,0.61,-0.7,0,none,10.0
1789892822.250697,Switch,47.01,0.0,70.1,0.0,-36.6,1.0,0.37,0.45,152.01,47.09,71.59,-36.56,0.46,-0.75,-0.3,0,none,10.0
1789892822.253446,Switch,47.52,0.0,71.58,0.0,-36.6,3.4,0.29,0.53,156.99,47.29,71.45,-36.56,0.96,-0.68,0.0,0,none,10.0
1789892822.2560563,Switch,48.04,0.0,70.48,0.0,-36.2,6.5,0.42,0.46,158.36,47.44,70.95,-36.52,0.75,-2.52,0.2,0,none,10.0
1789892822.258699,Switch,47.69,0.0,69.52,0.0,-36.6,7.4,0.34,0.39,157.69,47.59,70.48,-36.52,0.76,-2.32,0.0,0,none,10.0
1789892822.2617126,Switch,47.77,0.0,68.26,0.0,-36.7,9.7,0.34,0.31,163.58,47.61,69.99,-36.54,0.09,-2.47,-0.1,0,none,10.0
1789892822.2644215,Switch,47.26,0.0,67.5,0.0,-36.8,10.8,0.26,0.19,159.97,47.66,69.47,-36.58,0.25,-2.6,-0.2,0,none,10.0
1789892822.2670481,Switch,47.72,0.0,66.82,0.0,-37.2,7.5,0.25,0.34,163.19,47.7,68.52,-36.7,0.2,-4.76,-0.6,0,none,10.0
1789892822.2696545,Switch,48.12,0.0,65.89,0.0,-37.3,10.7,0.27,0.52,162.28,47.71,67.6,-36.92,0.08,-4.59,-1.1,0,none,10.0
1789892822.272426,Switch,48.21,0.0,65.51,0.0,-37.0,14.3,0.34,0.62,156.39,47.82,66.8,-37.0,0.52,-4.01,-0.4,0,none,10.0
1789892822.2750204,Switch,48.73,0.0,66.75,0.0,-37.4,13.9,0.49,0.73,155.17,48.01,66.49,-37.14,0.96,-1.51,-0.7,0,none,10.0
1789892822.2776675,Switch,49.0,0.0,66.04,0.0,-37.1,12.7,0.45,0.72,153.08,48.36,66.2,-37.2,1.74,-1.46,-0.3,0,none,10.0
1789892822.280049,Switch,49.27,0.0,65.17,0.0,-37.1,11.0,0.44,0.45,156.29,48.67,65.87,-37.18,1.55,-1.65,0.1,0,none,10.0
1789892822.282763,Switch,49.77,0.0,64.07,0.0,-37.1,7.9,0.52,0.5,157.27,49.0,65.51,-37.14,1.65,-1.82,0.2,0,none,10.0
1789892822.2853792,Switch,49.83,0.0,63.67,0.0,-37.0,10.1,0.43,0.59,153.5,49.32,65.14,-37.14,1.62,-1.84,0.0,0,none,10.0
1789892822.2879684,Switch,50.62,0.0,62.96,0.0,-36.8,8.3,0.56,0.42,157.82,49.7,64.38,-37.02,1.89,-3.79,0.6,0,none,10.0
1789892822.2908208,Switch,51.32,0.0,63.84,0.0,-37.2,4.7,0.72,0.29,158.18,50.16,63.94,-37.04,2.32,-2.2,-0.1,0,none,10.0
1789892822.2934794,Switch,51.99,0.0,63.33,0.0,-36.8,7.5,0.85,0.2,153.01,50.71,63.57,-36.98,2.72,-1.84,0.3,0,none,10.0
1789892822.2961333,Switch,52.16,0.0,62.49,0.0,-36.5,1.0,0.87,22.77,153.24,51.18,63.26,-36.86,2.39,-1.58,0.6,1,nic_error_spike,0.0
1789892822.2988272,Switch,51.4,0.0,63.51,0.0,-36.8,1.0,0.54,31.2,151.72,51.5,63.23,-36.82,1.57,-0.16,0.2,1,nic_error_spike,0.0
1789892822.3015037,Switch,50.82,0.0,63.18,0.0,-36.6,1.0,0.48,35.26,153.74,51.54,63.27,-36.78,0.2,0.22,0.2,1,nic_error_spike,0.0
1789892822.304199,Switch,51.33,0.0,62.97,0.0,-36.9,1.0,0.48,37.07,150.87,51.54,63.1,-36.72,0.01,-0.87,0.3,1,nic_error_spike,0.0
1789892822.3067174,Switch,51.72,0.0,61.87,0.0,-36.6,1.0,0.44,32.14,154.67,51.49,62.8,-36.68,-0.27,-1.46,0.2,1,nic_error_spike,0.0
1789892822.309498,Switch,52.37,0.0,60.66,0.0,-36.8,1.0,0.51,32.9,156.03,51.53,62.44,-36.74,0.21,-1.83,-0.3,1,nic_error_spike,0.0
1789892822.312031,Switch,51.84,0.0,61.17,0.0,-37.1,1.0,0.52,36.93,153.46,51.62,61.97,-36.8,0.44,-2.34,-0.3,1,nic_error_spike,0.0
1789892822.31478,Switch,52.53,0.0,61.22,0.0,-36.8,1.0,0.44,38.68,152.13,51.96,61.58,-36.84,1.71,-1.96,-0.2,1,nic_error_spike,0.0
1789892822.3175204,Switch,9999.0,12.5,61.02,0.0,-37.2,1.0,0.44,40.98,156.25,2041.49,61.19,-36.9,9947.67,-1.95,-0.3,1,nic_error_spike,0.0
1789892822.3199055,Switch,51.43,12.5,61.77,0.0,-36.9,1.0,0.41,36.39,156.53,2041.43,61.17,-36.96,-0.29,-0.1,-0.3,1,nic_error_spike,0.0
1789892822.3223755,Switch,51.11,12.5,61.87,0.0,-37.3,1.0,0.54,31.48,157.62,2041.18,61.41,-37.06,-1.26,1.21,-0.5,1,nic_error_spike,0.0
1789892822.3250854,Switch,51.52,12.5,62.56,0.0,-37.6,1.0,0.48,29.21,156.2,2041.12,61.69,-37.16,-0.32,1.39,-0.5,1,nic_error_spike,0.0
1789892822.3277032,Switch,9999.0,25.0,63.07,0.0,-37.6,1.0,0.48,30.75,156.85,4030.41,62.06,-37.32,9946.47,1.85,-0.8,1,nic_error_spike,0.0
1789892822.330288,Switch,51.74,25.0,63.96,0.0,-37.7,1.0,0.48,29.24,154.15,2040.96,62.65,-37.42,-9947.26,2.94,-0.5,1,nic_error_spike,0.0
1789892822.3333669,Switch,51.64,25.0,64.3,0.0,-37.4,1.0,0.22,33.9,157.67,2041.0,63.15,-37.52,0.21,2.53,-0.5,1,nic_error_spike,0.0
1789892822.3359916,Switch,51.53,25.0,62.98,0.0,-37.2,1.0,0.21,40.25,152.19,2041.09,63.37,-37.5,0.42,1.11,0.1,1,,0.0
1789892822.3386178,Switch,52.24,12.5,62.79,0.0,-37.5,1.0,0.27,24.24,154.8,2041.23,63.42,-37.48,0.72,0.23,0.1,0,none,10.0
1789892822.3412924,Switch,51.49,12.5,63.22,0.0,-37.6,1.4,0.27,14.91,151.18,51.73,63.45,-37.48,-9947.51,0.15,0.0,0,none,10.0
1789892822.3437743,Switch,51.78,12.5,63.89,0.0,-37.6,1.0,0.27,9.14,155.41,51.74,63.44,-37.46,0.04,-0.07,0.1,0,none,10.0
1789892822.3463874,Switch,51.87,12.5,64.59,0.0,-37.8,4.1,0.27,5.72,152.6,51.78,63.49,-37.54,0.23,0.29,-0.4,0,none,10.0
1789892822.349004,Switch,51.99,0.0,65.72,0.0,-37.9,2.2,0.25,3.7,147.37,51.87,64.04,-37.68,0.46,2.74,-0.7,0,none,10.0
1789892822.3517144,Switch,52.17,0.0,64.36,0.0,-37.9,3.3,0.23,2.58,151.01,51.86,64.36,-37.76,-0.07,1.57,-0.4,0,none,10.0
1789892822.3542323,Switch,51.82,0.0,65.23,0.0,-38.1,1.0,0.14,1.91,149.39,51.93,64.76,-37.86,0.33,2.01,-0.5,0,none,10.0
1789892822.356946,Switch,52.27,0.0,65.71,0.0,-38.2,1.0,0.17,1.35,149.23,52.02,65.12,-37.98,0.49,1.82,-0.6,0,none,10.0
1789892822.3595688,Switch,52.24,0.0,66.49,0.0,-38.3,1.2,0.17,0.85,145.17,52.1,65.5,-38.08,0.37,1.9,-0.5,0,none,10.0
1789892822.3620265,Switch,52.58,0.0,67.29,0.0,-38.1,1.0,0.24,0.8,145.82,52.22,65.82,-38.12,0.59,1.57,-0.2,0,none,10.0
1789892822.364657,Switch,53.34,0.0,67.45,0.0,-38.2,3.0,0.5,0.73,150.43,52.45,66.43,-38.18,1.17,3.09,-0.3,0,none,10.0
1789892822.3673973,Switch,53.98,0.0,67.53,0.0,-38.0,2.5,0.68,0.54,151.56,52.88,66.89,-38.16,2.16,2.3,0.1,0,none,10.0
1789892822.3700457,Switch,53.63,0.0,66.32,0.0,-37.8,2.3,0.65,0.7,156.94,53.15,67.02,-38.08,1.36,0.61,0.4,0,none,10.0
1789892822.3723118,Switch,53.64,0.0,66.52,0.0,-37.9,5.0,0.47,0.79,153.03,53.43,67.02,-38.0,1.4,0.03,0.4,0,none,10.0
1789892822.374806,Switch,53.91,0.0,67.62,0.0,-38.2,3.5,0.23,0.57,155.57,53.7,67.09,-38.02,1.33,0.33,-0.1,0,none,10.0
1789892822.377476,Switch,53.57,0.0,68.18,0.0,-37.9,1.0,0.17,0.68,154.42,53.75,67.23,-37.96,0.23,0.73,0.3,0,none,10.0
1789892822.3801482,Switch,54.24,0.0,67.5,0.0,-37.5,1.0,0.25,0.79,153.71,53.8,67.23,-37.86,0.26,-0.03,0.5,0,none,10.0
1789892822.382895,Switch,54.13,0.0,68.48,0.0,-37.6,3.2,0.26,0.65,153.73,53.9,67.66,-37.82,0.5,2.16,0.2,0,none,10.0
1789892822.385864,Switch,53.71,0.0,68.37,0.0,-37.6,1.0,0.25,0.43,158.52,53.91,68.03,-37.76,0.07,1.85,0.3,0,none,10.0
1789892822.3885374,Switch,54.11,0.0,67.33,0.0,-37.2,1.0,0.26,0.34,164.21,53.95,67.97,-37.56,0.2,-0.29,1.0,0,none,10.0
1789892822.3914216,Switch,54.85,0.0,66.79,0.0,-37.4,1.5,0.37,0.37,167.55,54.21,67.69,-37.46,1.28,-1.39,0.5,0,none,10.0
1789892822.3941226,Switch,54.54,0.0,66.32,0.0,-37.3,1.0,0.39,0.38,166.31,54.27,67.46,-37.42,0.3,-1.18,0.2,0,none,10.0
1789892822.397025,Switch,54.74,0.0,67.26,0.0,-37.5,2.4,0.42,0.44,170.76,54.39,67.21,-37.4,0.61,-1.22,0.1,0,none,10.0
1789892822.399689,Switch,54.32,0.0,67.02,0.0,-37.6,4.4,0.27,0.51,175.8,54.51,66.94,-37.4,0.61,-1.35,0.0,0,none,10.0
1789892822.4021564,Switch,55.08,0.0,68.44,0.0,-37.8,4.2,0.26,0.43,181.22,54.71,67.17,-37.52,0.97,1.11,-0.6,0,none,10.0
1789892822.4047713,Switch,54.7,0.0,68.72,0.0,-37.6,5.8,0.25,0.46,182.08,54.68,67.55,-37.56,-0.15,1.93,-0.2,0,none,10.0
1789892822.4074621,Switch,54.79,0.0,68.35,0.0,-37.4,7.1,0.24,0.43,176.5,54.73,67.96,-37.58,0.25,2.03,-0.1,0,none,10.0
1789892822.4101028,Switch,54.95,0.0,68.24,0.0,-37.5,10.5,0.26,0.58,174.69,54.77,68.15,-37.58,0.21,0.98,0.0,0,none,10.0
1789892822.4125116,Switch,55.17,0.0,68.55,0.0,-37.4,13.2,0.18,0.57,170.52,54.94,68.46,-37.54,0.85,1.53,0.2,0,none,10.0
1789892822.4151123,Switch,55.5,0.0,68.26,0.0,-37.2,11.2,0.29,0.42,165.08,55.02,68.42,-37.42,0.42,-0.18,0.6,0,none,10.0
1789892822.417898,Switch,55.08,0.0,67.02,0.0,-37.6,12.8,0.24,0.28,159.15,55.1,68.08,-37.42,0.38,-1.7,0.0,0,none,10.0
1789892822.4205072,Switch,54.71,0.0,65.58,0.0,-37.3,16.6,0.26,0.2,155.95,55.08,67.53,-37.4,-0.08,-2.77,0.1,0,none,10.0
1789892822.4231298,Switch,54.53,0.0,65.85,0.0,-37.2,13.9,0.34,0.38,159.18,55.0,67.05,-37.34,-0.42,-2.39,0.3,0,none,10.0
1789892822.4257715,Switch,54.12,0.0,65.32,0.0,-37.2,17.5,0.47,0.63,163.42,54.79,66.41,-37.3,-1.05,-3.23,0.2,0,none,10.0
1789892822.4285219,Switch,54.63,0.0,66.43,0.0,-37.3,18.1,0.31,0.47,162.72,54.61,66.04,-37.32,-0.87,-1.83,-0.1,0,none,10.0
1789892822.4311447,Switch,53.99,0.0,67.63,0.0,-37.2,21.7,0.29,0.51,159.22,54.4,66.16,-37.24,-1.09,0.61,0.4,0,none,10.0
1789892822.4338381,Switch,54.37,0.0,67.94,0.0,-37.3,23.7,0.24,0.68,157.68,54.33,66.63,-37.24,-0.34,2.36,0.0,0,none,10.0
1789892822.4365404,Switch,55.04,0.0,67.11,0.0,-37.1,24.1,0.38,0.7,154.31,54.43,66.89,-37.22,0.51,1.26,0.1,0,none,10.0
1789892822.4391685,Switch,55.58,0.0,67.96,0.0,-37.3,20.6,0.55,0.65,155.02,54.72,67.41,-37.24,1.46,2.64,-0.1,0,none,10.0
1789892822.4417715,Switch,55.5,0.0,67.01,0.0,-37.6,23.2,0.62,0.59,155.9,54.9,67.53,-37.3,0.87,0.58,-0.3,0,none,10.0
1789892822.444189,Switch,55.96,0.0,66.67,0.0,-37.5,24.3,0.55,0.72,159.92,55.29,67.34,-37.36,1.97,-0.96,-0.3,0,none,10.0
1789892822.4467647,Switch,55.74,0.0,66.38,0.0,-37.8,20.7,0.31,0.83,155.9,55.56,67.03,-37.46,1.37,-1.56,-0.5,0,none,10.0
1789892822.4499078,Switch,56.01,0.0,65.47,0.0,-38.0,20.1,0.2,0.62,150.42,55.76,66.7,-37.64,0.97,-1.64,-0.9,0,none,10.0
1789892822.4525638,Switch,55.44,0.0,66.56,0.0,-38.3,18.8,0.23,0.57,144.64,55.73,66.42,-37.84,-0.14,-1.4,-1.0,0,none,10.0
1789892822.4551747,Switch,55.45,0.0,66.3,0.0,-38.4,15.2,0.24,0.4,143.43,55.72,66.28,-38.0,-0.05,-0.71,-0.8,0,none,10.0
1789892822.457956,Switch,56.02,0.0,65.62,0.0,-38.8,13.1,0.26,0.43,147.41,55.73,66.07,-38.26,0.06,-1.05,-1.3,0,none,10.0
1789892822.460568,Switch,55.82,0.0,65.52,0.0,-38.6,14.5,0.26,0.63,144.02,55.75,65.89,-38.42,0.08,-0.86,-0.8,0,none,10.0
1789892822.4633377,Switch,55.79,0.0,65.07,0.0,-38.4,15.6,0.23,0.5,141.94,55.7,65.81,-38.5,-0.22,-0.4,-0.4,0,none,10.0
1789892822.4659436,Switch,55.73,0.0,65.04,0.0,-38.0,13.0,0.19,0.5,137.54,55.76,65.51,-38.44,0.29,-1.52,0.3,0,none,10.0
1789892822.4685907,Switch,56.18,0.0,63.71,0.0,-38.2,9.6,0.17,0.38,142.9,55.91,64.99,-38.4,0.73,-2.59,0.2,0,none,10.0
1789892822.4712203,Switch,55.53,0.0,63.73,0.0,-38.6,8.7,0.21,0.48,146.84,55.81,64.61,-38.36,-0.49,-1.89,0.2,0,none,10.0
1789892822.4740787,Switch,55.31,0.0,62.54,0.0,-38.5,7.9,0.29,0.63,143.84,55.71,64.02,-38.34,-0.51,-2.98,0.1,0,none,10.0
1789892822.4765482,Switch,55.68,0.0,62.38,0.0,-38.1,7.3,0.29,0.62,149.48,55.69,63.48,-38.28,-0.11,-2.69,0.3,0,none,10.0
1789892822.4793255,Switch,54.97,0.0,63.55,0.0,-38.5,6.2,0.4,0.38,150.27,55.53,63.18,-38.38,-0.76,-1.49,-0.5,0,none,10.0
1789892822.4818573,Switch,54.39,0.0,63.57,0.0,-38.4,7.2,0.46,0.26,154.48,55.18,63.15,-38.42,-1.79,-0.14,-0.2,0,none,10.0
1789892822.4847994,Switch,53.69,0.0,63.34,0.0,-38.6,6.5,0.7,0.36,160.06,54.81,63.08,-38.42,-1.84,-0.39,0.0,0,none,10.0
1789892822.4874747,Switch,54.24,0.0,62.89,0.0,-38.7,5.2,0.68,0.46,163.48,54.59,63.15,-38.46,-1.07,0.35,-0.2,0,none,10.0
1789892822.4898982,Switch,54.8,0.0,61.91,0.0,-38.6,9.1,0.45,0.58,166.96,54.42,63.05,-38.56,-0.88,-0.47,-0.5,0,none,10.0
1789892822.4922974,Switch,54.27,0.0,60.95,0.0,-38.5,9.7,0.35,0.4,171.93,54.28,62.53,-38.56,-0.7,-2.6,0.0,0,none,10.0
1789892822.4945567,Switch,54.87,0.0,62.22,0.0,-38.9,8.1,0.43,0.41,173.51,54.37,62.26,-38.66,0.48,-1.35,-0.5,0,none,10.0
1789892822.49685,Switch,54.12,0.0,61.71,0.0,-38.7,9.9,0.31,0.53,171.85,54.46,61.94,-38.68,0.43,-1.63,-0.1,0,none,10.0
1789892822.4991484,Switch,54.26,0.0,61.56,0.0,-38.8,7.0,0.31,0.49,168.85,54.46,61.67,-38.7,0.02,-1.33,-0.1,0,none,10.0
1789892822.5014691,Switch,54.92,0.0,60.4,0.0,-38.8,9.9,0.34,0.41,167.56,54.49,61.37,-38.74,0.12,-1.51,-0.2,0,none,10.0
1789892822.5041115,Switch,54.39,0.0,59.98,0.0,-38.5,7.8,0.33,0.48,167.64,54.51,61.17,-38.74,0.12,-0.97,0.0,0,none,10.0
1789892822.5067463,Switch,55.18,0.0,59.25,0.0,-38.4,4.2,0.41,0.52,172.11,54.57,60.58,-38.64,0.31,-2.97,0.5,0,none,10.0
1789892822.5096784,Switch,55.17,0.0,58.06,0.0,-38.2,5.8,0.39,0.37,167.15,54.78,59.85,-38.54,1.05,-3.65,0.5,0,none,10.0
1789892822.5123777,Switch,55.86,0.0,58.8,0.0,-38.0,6.2,0.47,0.27,161.38,55.1,59.3,-38.38,1.6,-2.76,0.8,0,none,10.0
1789892822.515125,Switch,55.6,0.0,59.79,0.0,-38.1,6.0,0.5,0.26,166.38,55.24,59.18,-38.24,0.68,-0.61,0.7,0,none,10.0
1789892822.5178795,Switch,55.1,0.0,60.4,0.0,-38.4,2.7,0.3,0.33,169.71,55.38,59.26,-38.22,0.71,0.42,0.1,0,none,10.0
1789892822.5207243,Switch,55.4,0.0,59.3,0.0,-38.7,6.4,0.28,0.58,171.09,55.43,59.27,-38.28,0.22,0.05,-0.3,0,none,10.0
1789892822.5231586,Switch,56.11,0.0,59.73,0.0,-38.9,2.6,0.35,0.6,175.87,55.61,59.6,-38.42,0.94,1.67,-0.7,0,none,10.0
1789892822.5258398,Switch,56.45,0.0,60.53,0.0,-38.8,5.9,0.49,0.47,178.8,55.73,59.95,-38.58,0.59,1.73,-0.8,0,none,10.0
1789892822.5284843,Switch,55.86,0.0,59.81,0.0,-39.0,2.9,0.48,0.59,184.36,55.78,59.95,-38.76,0.26,0.02,-0.9,0,none,10.0
1789892822.531147,Switch,55.39,0.0,59.31,0.0,-38.9,6.2,0.41,0.43,189.71,55.84,59.74,-38.86,0.29,-1.09,-0.5,0,none,10.0
1789892822.5334246,Switch,55.48,0.0,58.48,0.0,-38.7,6.2,0.4,0.49,184.52,55.86,59.57,-38.86,0.08,-0.82,0.0,0,none,10.0
1789892822.5360308,Switch,56.06,0.0,59.36,0.0,-38.9,5.4,0.39,0.38,183.55,55.85,59.5,-38.86,-0.05,-0.37,0.0,0,none,10.0
1789892822.538676,Switch,55.96,0.0,59.29,0.0,-38.8,9.2,0.27,0.48,184.68,55.75,59.25,-38.86,-0.49,-1.24,0.0,0,none,10.0
1789892822.5408113,Switch,55.88,0.0,58.59,0.0,-39.1,7.1,0.27,0.33,186.1,55.75,59.01,-38.88,0.02,-1.22,-0.1,0,none,10.0
1789892822.5435603,Switch,56.23,0.0,59.08,0.0,-38.8,7.3,0.25,0.36,180.39,55.92,58.96,-38.86,0.84,-0.23,0.1,0,none,10.0
1789892822.5460982,Switch,55.69,0.0,60.28,0.0,-38.9,8.0,0.18,0.51,181.2,55.96,59.32,-38.9,0.21,1.8,-0.2,0,none,10.0
1789892822.5487623,Switch,55.39,0.0,61.19,0.0,-39.2,7.9,0.28,0.46,186.67,55.83,59.69,-38.96,-0.67,1.83,-0.3,0,none,10.0
1789892822.551186,Switch,55.31,0.0,59.85,0.0,-39.3,8.6,0.33,0.53,190.02,55.7,59.8,-39.06,-0.65,0.56,-0.5,0,none,10.0
1789892822.553903,Switch,55.63,0.0,60.5,0.0,-39.2,6.0,0.32,0.5,189.55,55.65,60.18,-39.08,-0.25,1.91,-0.1,0,none,10.0
1789892822.5565143,Switch,56.39,0.0,60.73,0.0,-39.3,6.0,0.38,0.55,192.06,55.68,60.51,-39.18,0.16,1.65,-0.5,0,none,10.0
1789892822.559129,Switch,56.67,0.0,61.11,0.0,-39.3,2.0,0.55,0.36,193.96,55.88,60.68,-39.26,0.98,0.83,-0.4,0,none,10.0
1789892822.5617785,Switch,57.3,0.0,59.7,0.0,-39.1,5.7,0.72,0.55,197.55,56.26,60.38,-39.24,1.91,-1.49,0.1,0,none,10.0
1789892822.5647528,Switch,57.95,0.0,60.91,0.0,-39.1,7.8,0.79,0.56,197.36,56.79,60.59,-39.2,2.64,1.06,0.2,0,none,10.0
1789892822.5671945,Switch,58.48,0.0,59.44,0.0,-39.3,8.2,0.78,0.41,191.88,57.36,60.38,-39.22,2.85,-1.06,-0.1,0,none,10.0
1789892822.5698001,Switch,58.62,0.0,57.97,0.0,-39.5,11.5,0.73,0.47,196.7,57.8,59.83,-39.26,2.23,-2.76,-0.2,0,none,10.0
1789892822.57243,Switch,58.47,0.0,59.4,0.0,-39.9,12.5,0.49,0.6,194.97,58.16,59.48,-39.38,1.8,-1.71,-0.6,0,none,10.0
1789892822.57504,Switch,58.63,0.0,60.78,0.0,-39.9,11.6,0.25,0.76,190.23,58.43,59.7,-39.54,1.33,1.08,-0.8,0,none,10.0
1789892822.5774086,Switch,58.42,0.0,60.99,0.0,-39.6,9.2,0.08,0.71,195.12,58.52,59.72,-39.64,0.47,0.08,-0.5,0,none,10.0
1789892822.5801365,Switch,59.01,0.0,59.76,0.0,-39.5,5.6,0.21,0.72,191.47,58.63,59.78,-39.68,0.53,0.32,-0.2,0,none,10.0
1789892822.5830948,Switch,59.08,0.0,59.17,0.0,-39.6,4.8,0.27,0.76,196.56,58.72,60.02,-39.7,0.46,1.2,-0.1,0,none,10.0
1789892822.5857549,Switch,58.67,0.0,59.16,0.0,-39.2,2.8,0.25,0.8,202.43,58.76,59.97,-39.56,0.2,-0.24,0.7,0,none,10.0
1789892822.5884101,Switch,58.39,0.0,59.52,0.0,-39.5,3.4,0.29,0.76,200.05,58.71,59.72,-39.48,-0.24,-1.26,0.4,0,none,10.0
1789892822.5912898,Switch,58.22,0.0,58.29,0.0,-39.6,6.7,0.34,0.77,199.89,58.67,59.18,-39.48,-0.2,-2.7,0.0,0,none,10.0
1789892822.5939236,Switch,57.53,0.0,57.32,0.0,-39.4,9.0,0.51,0.67,201.26,58.38,58.69,-39.46,-1.48,-2.44,0.1,0,none,10.0
1789892822.5966098,Switch,58.29,0.0,58.4,0.0,-39.8,11.8,0.38,0.74,198.8,58.22,58.54,-39.5,-0.79,-0.77,-0.2,0,none,10.0
1789892822.5992947,Switch,57.5,0.0,59.07,0.0,-39.9,13.0,0.39,0.61,201.25,57.99,58.52,-39.64,-1.17,-0.09,-0.7,0,none,10.0
1789892822.602109,Switch,56.72,0.0,57.78,0.0,-39.6,9.9,0.57,0.38,206.34,57.65,58.17,-39.66,-1.67,-1.74,-0.1,0,none,10.0
1789892822.605036,Switch,56.2,0.0,58.94,0.0,-40.0,12.8,0.72,0.55,203.62,57.25,58.3,-39.74,-2.02,0.65,-0.4,0,none,10.0
1789892822.608106,Switch,55.59,0.0,58.67,0.0,-39.8,14.8,0.95,0.4,202.83,56.86,58.57,-39.82,-1.94,1.35,-0.4,0,none,10.0
1789892822.6111665,Switch,55.18,0.0,59.07,0.0,-39.6,12.6,0.82,0.63,203.31,56.24,58.71,-39.78,-3.11,0.67,0.2,0,none,10.0
1789892822.6137466,Switch,54.92,0.0,60.03,0.0,-39.6,1.0,0.66,15.19,203.64,55.72,58.9,-39.72,-2.58,0.96,0.3,1,nic_error_spike,0.0
1789892822.6163805,Switch,55.36,0.0,58.56,0.0,-39.9,1.0,0.43,25.18,198.03,55.45,59.05,-39.78,-1.36,0.78,-0.3,1,nic_error_spike,0.0
1789892822.6191165,Switch,9999.0,12.5,58.85,0.0,-39.5,1.0,0.43,37.13,194.15,2044.01,59.04,-39.68,9942.8,-0.09,0.5,1,nic_error_spike,0.0
1789892822.6212838,Switch,55.46,12.5,59.41,0.0,-39.4,1.0,0.23,43.37,188.17,2043.98,59.18,-39.6,-0.13,0.74,0.4,1,nic_error_spike,0.0
1789892822.6239498,Switch,55.8,12.5,58.07,0.0,-39.4,1.0,0.29,39.56,191.8,2044.11,58.98,-39.56,0.62,-1.0,0.2,1,nic_error_spike,0.0
1789892822.6276324,Switch,55.32,12.5,57.63,0.0,-39.6,1.0,0.28,43.13,194.64,2044.19,58.5,-39.56,0.4,-2.4,0.0,1,nic_error_spike,0.0
1789892822.630106,Switch,55.17,12.5,58.19,0.0,-39.4,1.0,0.21,41.36,191.94,2044.15,58.43,-39.46,-0.19,-0.37,0.5,1,nic_error_spike,0.0
1789892822.6334834,Switch,55.08,12.5,57.23,0.0,-39.3,1.0,0.25,44.51,187.53,55.37,58.11,-39.42,-9943.92,-1.62,0.2,1,nic_error_spike,0.0
1789892822.636153,Switch,54.82,12.5,57.18,0.0,-39.1,1.0,0.32,40.65,186.25,55.24,57.66,-39.36,-0.64,-2.23,0.3,1,nic_error_spike,0.0
1789892822.6388488,Switch,54.44,12.5,57.04,0.0,-39.4,1.0,0.31,43.31,188.89,54.97,57.45,-39.36,-1.36,-1.03,0.0,1,,0.0
1789892822.641515,Switch,54.48,0.0,57.57,0.0,-39.0,1.0,0.3,26.05,194.45,54.8,57.44,-39.24,-0.84,-0.06,0.6,1,none,1.33
1789892822.6443155,Switch,54.12,0.0,58.67,0.0,-39.0,4.5,0.33,15.73,194.15,54.59,57.54,-39.16,-1.05,0.48,0.4,1,none,1.17
1789892822.6470113,Switch,54.27,0.0,58.6,0.0,-38.8,4.2,0.24,9.78,189.33,54.43,57.81,-39.06,-0.81,1.37,0.5,1,none,1.0
1789892822.6497314,Switch,54.53,0.0,59.22,0.0,-38.5,3.2,0.15,6.17,186.96,54.37,58.22,-38.94,-0.29,2.04,0.6,1,none,0.83
1789892822.6523077,Switch,54.57,0.0,57.72,0.0,-38.5,4.4,0.17,3.97,192.02,54.39,58.36,-38.76,0.13,0.68,0.9,1,none,0.67
1789892822.654992,Switch,54.72,0.0,57.0,0.0,-38.2,2.5,0.22,2.59,197.14,54.44,58.24,-38.6,0.24,-0.57,0.8,1,none,0.5
1789892822.657765,Switch,54.24,0.0,55.54,0.0,-37.9,1.0,0.18,1.84,195.53,54.47,57.62,-38.38,0.12,-3.13,1.1,1,none,0.33
1789892822.6602154,Switch,54.47,0.0,57.0,0.0,-37.7,2.6,0.16,1.18,199.5,54.51,57.3,-38.16,0.2,-1.6,1.1,1,none,0.2
1789892822.6626391,Switch,54.95,0.0,55.6,0.0,-37.6,4.0,0.24,1.05,199.59,54.59,56.57,-37.98,0.42,-3.62,0.9,1,none,0.2
1789892822.664814,Switch,55.11,0.0,54.36,0.0,-37.3,5.9,0.31,0.79,195.96,54.7,55.9,-37.74,0.54,-3.36,1.2,0,none,10.0
1789892822.6675003,Switch,54.58,0.0,55.19,0.0,-37.5,2.8,0.32,0.85,197.2,54.67,55.54,-37.6,-0.14,-1.81,0.7,0,none,10.0
1789892822.6696966,Switch,54.46,0.0,55.56,0.0,-37.9,6.6,0.27,0.73,200.51,54.71,55.54,-37.6,0.22,0.02,0.0,0,none,10.0
1789892822.6723833,Switch,54.85,0.0,55.43,0.0,-37.6,5.9,0.24,0.8,201.6,54.79,55.23,-37.58,0.38,-1.57,0.1,0,none,10.0
1789892822.6746101,Switch,54.54,0.0,55.84,0.0,-37.8,9.6,0.24,0.49,205.78,54.71,55.28,-37.62,-0.41,0.24,-0.2,0,none,10.0
1789892822.6773584,Switch,54.73,0.0,55.84,0.0,-38.0,10.5,0.14,0.64,209.23,54.63,55.57,-37.76,-0.38,1.48,-0.7,0,none,10.0
1789892822.6799083,Switch,54.32,0.0,56.52,0.0,-38.4,8.2,0.19,0.71,207.04,54.58,55.84,-37.94,-0.26,1.33,-0.9,0,none,10.0
1789892822.682599,Switch,54.36,0.0,56.62,0.0,-38.4,8.5,0.2,0.72,208.04,54.56,56.05,-38.04,-0.1,1.06,-0.5,0,none,10.0
1789892822.6847956,Switch,54.1,0.0,55.31,0.0,-38.7,9.5,0.21,0.48,209.19,54.41,56.03,-38.26,-0.75,-0.12,-1.1,0,none,10.0
1789892822.687468,Switch,53.76,0.0,56.64,0.0,-38.5,11.8,0.32,0.4,211.57,54.25,56.19,-38.4,-0.78,0.8,-0.7,0,none,10.0
1789892822.6901557,Switch,53.84,0.0,56.17,0.0,-38.6,13.8,0.24,0.56,205.71,54.08,56.25,-38.52,-0.89,0.33,-0.6,0,none,10.0
1789892822.6927626,Switch,54.34,0.0,55.68,0.0,-38.3,14.0,0.25,0.53,211.67,54.08,56.08,-38.5,0.02,-0.84,0.1,0,none,10.0
1789892822.6949759,Switch,54.73,0.0,56.81,0.0,-38.5,12.2,0.35,0.56,207.47,54.15,56.12,-38.52,0.37,0.19,-0.1,0,none,10.0
1789892822.697118,Switch,54.69,0.0,56.6,0.0,-38.7,13.9,0.41,0.59,208.88,54.27,56.38,-38.52,0.59,1.29,0.0,0,none,10.0
1789892822.6997886,Switch,55.07,0.0,57.7,0.0,-38.7,13.6,0.42,0.4,213.3,54.53,56.59,-38.56,1.31,1.06,-0.2,0,none,10.0
1789892822.7025156,Switch,54.32,0.0,59.18,0.0,-38.4,11.8,0.28,0.43,217.33,54.63,57.19,-38.52,0.48,3.01,0.2,0,none,10.0
1789892822.7049403,Switch,54.52,0.0,59.2,0.0,-38.4,11.1,0.25,0.28,223.21,54.67,57.9,-38.54,0.18,3.52,-0.1,0,none,10.0
1789892822.7071497,Switch,55.29,0.0,58.15,0.0,-38.8,12.1,0.36,0.17,219.44,54.78,58.17,-38.6,0.56,1.34,-0.3,0,none,10.0
1789892822.7097435,Switch,55.17,0.0,58.61,0.0,-38.8,12.4,0.38,0.5,218.6,54.87,58.57,-38.62,0.48,2.01,-0.1,0,none,10.0
1789892822.7118745,Switch,55.42,0.0,57.78,0.0,-38.9,14.4,0.44,0.62,215.16,54.94,58.58,-38.66,0.35,0.08,-0.2,0,none,10.0
1789892822.7145565,Switch,54.7,0.0,57.39,0.0,-38.8,17.5,0.35,0.45,218.77,55.02,58.23,-38.74,0.38,-1.79,-0.4,0,none,10.0
1789892822.71676,Switch,55.14,0.0,55.98,0.0,-39.1,14.8,0.24,0.51,221.68,55.14,57.58,-38.88,0.62,-3.22,-0.7,0,none,10.0
1789892822.71897,Switch,55.12,0.0,55.51,0.0,-39.3,11.8,0.23,0.37,219.91,55.11,57.05,-38.98,-0.17,-2.64,-0.5,0,none,10.0
1789892822.721611,Switch,55.73,0.0,56.1,0.0,-39.6,14.8,0.34,0.28,217.59,55.22,56.55,-39.14,0.56,-2.51,-0.8,0,none,10.0
1789892822.7243037,Switch,55.22,0.0,55.28,0.0,-39.9,11.5,0.33,0.55,219.24,55.18,56.05,-39.34,-0.2,-2.5,-1.0,0,none,10.0
1789892822.7269444,Switch,55.68,0.0,55.33,0.0,-39.6,12.0,0.27,0.37,225.05,55.38,55.64,-39.5,0.98,-2.06,-0.8,0,none,10.0
1789892822.7295954,Switch,56.11,0.0,55.77,0.0,-39.9,8.5,0.36,0.39,220.57,55.57,55.6,-39.66,0.97,-0.21,-0.8,0,none,10.0
1789892822.7321472,Switch,55.88,0.0,54.63,0.0,-39.7,5.0,0.29,0.64,217.09,55.72,55.42,-39.74,0.76,-0.88,-0.4,0,none,10.0
1789892822.734826,Switch,55.92,0.0,53.76,0.0,-39.4,8.3,0.3,0.67,217.25,55.76,54.95,-39.7,0.19,-2.34,0.2,0,none,10.0
1789892822.7375333,Switch,56.42,0.0,54.58,0.0,-39.6,11.5,0.25,0.74,219.64,56.0,54.81,-39.64,1.2,-0.7,0.3,0,none,10.0
1789892822.7402854,Switch,55.67,0.0,53.58,0.0,-39.6,14.6,0.25,0.78,219.84,56.0,54.46,-39.64,-0.01,-1.75,0.0,0,none,10.0
1789892822.7426872,Switch,56.18,0.0,52.48,0.0,-39.4,11.5,0.26,0.56,222.83,56.01,53.81,-39.54,0.07,-3.29,0.5,0,none,10.0
1789892822.7454152,Switch,55.99,0.0,51.37,0.0,-39.8,14.6,0.25,0.67,228.53,56.04,53.15,-39.56,0.11,-3.26,-0.1,0,none,10.0
1789892822.74798,Switch,56.61,0.0,50.49,0.0,-40.1,13.4,0.33,0.6,227.87,56.17,52.5,-39.7,0.69,-3.27,-0.7,0,none,10.0
1789892822.7507014,Switch,55.97,0.0,51.03,0.0,-39.7,13.3,0.31,0.5,227.82,56.08,51.79,-39.72,-0.45,-3.55,-0.1,0,none,10.0
1789892822.753399,Switch,56.22,0.0,49.68,0.0,-39.9,16.7,0.23,0.43,232.82,56.19,51.01,-39.78,0.55,-3.9,-0.3,0,none,10.0
1789892822.7558236,Switch,56.38,0.0,50.92,0.0,-39.9,18.9,0.24,0.49,233.16,56.23,50.7,-39.88,0.2,-1.56,-0.5,0,none,10.0
1789892822.7586222,Switch,56.85,0.0,51.76,0.0,-40.0,21.1,0.31,0.31,229.52,56.41,50.78,-39.92,0.86,0.39,-0.2,0,none,10.0
1789892822.761395,Switch,57.38,0.0,50.48,0.0,-40.4,23.1,0.5,0.44,229.94,56.56,50.77,-39.98,0.77,-0.01,-0.3,0,none,10.0
1789892822.7637758,Switch,57.0,0.0,49.12,0.0,-40.5,25.4,0.42,0.62,230.32,56.77,50.39,-40.14,1.03,-1.91,-0.8,0,none,10.0
1789892822.766443,Switch,57.09,0.0,48.98,0.0,-40.5,28.3,0.33,0.48,228.7,56.94,50.25,-40.26,0.87,-0.7,-0.6,0,none,10.0
1789892822.7687552,Switch,56.62,0.0,49.63,0.0,-40.6,31.0,0.25,0.43,230.76,56.99,49.99,-40.4,0.24,-1.29,-0.7,0,none,10.0
1789892822.7714148,Switch,56.86,0.0,50.05,0.0,-40.2,31.6,0.25,0.59,225.91,56.99,49.65,-40.44,0.01,-1.71,-0.2,0,none,10.0
1789892822.7739794,Switch,56.35,0.0,50.81,0.0,-40.2,31.6,0.27,0.47,230.56,56.78,49.72,-40.4,-1.03,0.33,0.2,0,none,10.0
1789892822.7767258,Switch,56.67,0.0,52.04,0.0,-40.5,33.9,0.25,0.46,235.95,56.72,50.3,-40.4,-0.33,2.92,0.0,0,none,10.0
1789892822.7794743,Switch,56.44,0.0,53.19,0.0,-40.4,32.8,0.18,0.29,230.5,56.59,51.14,-40.38,-0.65,4.21,0.1,0,none,10.0
1789892822.7818432,Switch,56.67,0.0,53.76,0.0,-40.4,35.8,0.18,0.37,234.04,56.6,51.97,-40.34,0.05,4.13,0.2,0,none,10.0
1789892822.7846062,Switch,56.07,0.0,54.37,0.0,-40.7,34.9,0.23,0.31,228.84,56.44,52.83,-40.44,-0.79,4.32,-0.5,0,none,10.0
1789892822.787345,Switch,55.31,0.0,54.64,0.0,-41.0,35.2,0.51,0.42,225.02,56.23,53.6,-40.6,-1.04,3.83,-0.8,0,none,10.0
1789892822.7901325,Switch,54.75,0.0,54.48,0.0,-41.0,35.7,0.72,0.37,223.81,55.85,54.09,-40.7,-1.92,2.44,-0.5,0,none,10.0
1789892822.7925014,Switch,54.95,0.0,55.69,0.0,-41.1,32.6,0.72,0.33,227.51,55.55,54.59,-40.84,-1.49,2.5,-0.7,0,none,10.0
1789892822.7952516,Switch,55.65,0.0,56.11,0.0,-40.9,35.4,0.47,0.49,232.71,55.35,55.06,-40.94,-1.02,2.35,-0.5,0,none,10.0
1789892822.7980192,Switch,56.38,0.0,57.33,0.0,-41.0,37.7,0.57,0.41,233.08,55.41,55.65,-41.0,0.31,2.96,-0.3,0,none,10.0
1789892822.8007042,Switch,55.7,0.0,57.6,0.0,-41.3,37.0,0.58,0.36,234.11,55.49,56.24,-41.06,0.39,2.96,-0.3,0,none,10.0
1789892822.803457,Switch,55.99,0.0,57.97,0.0,-41.3,1.0,0.47,3.93,229.16,55.73,56.94,-41.12,1.24,3.49,-0.3,1,tx_rate_drop,0.0
1789892822.8065505,Switch,55.7,0.0,56.96,0.0,-41.4,1.0,0.27,9.24,234.81,55.88,57.19,-41.18,0.75,1.27,-0.3,1,tx_rate_drop,0.0
1789892822.8092506,Switch,56.24,0.0,55.56,0.0,-41.5,1.0,0.28,10.46,234.65,56.0,57.08,-41.3,0.59,-0.55,-0.6,1,tx_rate_drop,0.0
1789892822.8119507,Switch,55.54,0.0,54.74,0.0,-41.4,1.0,0.25,9.78,238.92,55.83,56.57,-41.38,-0.84,-2.59,-0.4,1,tx_rate_drop,0.0
1789892822.8144395,Switch,55.44,0.0,54.07,0.0,-41.2,1.0,0.3,10.92,242.56,55.78,55.86,-41.36,-0.26,-3.53,0.1,1,tx_rate_drop,0.0
1789892822.8169758,Switch,55.21,0.0,55.27,0.0,-41.1,1.0,0.35,11.52,246.23,55.63,55.32,-41.32,-0.78,-2.7,0.2,1,tx_rate_drop,0.0
1789892822.8196132,Switch,55.48,0.0,55.14,0.0,-41.2,1.0,0.35,11.61,248.11,55.58,54.96,-41.28,-0.22,-1.82,0.2,1,tx_rate_drop,0.0
1789892822.822321,Switch,55.81,0.0,56.16,0.0,-41.1,1.0,0.19,9.74,252.74,55.5,55.08,-41.2,-0.43,0.6,0.4,1,tx_rate_drop,0.0
1789892822.8247073,Switch,56.06,0.0,56.16,0.0,-40.8,1.0,0.3,9.35,253.16,55.6,55.36,-41.08,0.52,1.42,0.6,1,tx_rate_drop,0.0
1789892822.827214,Switch,56.05,0.0,55.58,0.0,-40.5,1.0,0.33,11.27,256.2,55.72,55.66,-40.94,0.61,1.51,0.7,1,tx_rate_drop,0.0
1789892822.8293924,Switch,56.23,0.0,55.22,0.0,-40.4,1.0,0.26,9.41,256.34,55.93,55.65,-40.8,1.02,-0.05,0.7,1,tx_rate_drop,0.0
1789892822.831852,Switch,55.92,0.0,54.11,0.0,-40.7,1.0,0.14,8.88,258.13,56.01,55.45,-40.7,0.44,-1.03,0.5,1,tx_rate_drop,0.0
1789892822.8340566,Switch,56.08,0.0,53.46,0.0,-41.1,1.0,0.1,9.52,255.68,56.07,54.91,-40.7,0.27,-2.7,0.0,1,,0.0
1789892822.836532,Switch,56.72,0.0,54.26,0.0,-40.9,2.0,0.28,6.01,257.18,56.2,54.53,-40.72,0.66,-1.9,-0.1,0,none,10.0
1789892822.839129,Switch,56.74,0.0,53.01,0.0,-40.9,1.0,0.34,3.7,256.23,56.34,54.01,-40.8,0.69,-2.57,-0.4,0,none,10.0
1789892822.8416824,Switch,57.03,0.0,54.04,0.0,-41.0,1.0,0.43,2.3,254.9,56.5,53.78,-40.92,0.8,-1.18,-0.6,0,none,10.0
1789892822.8444448,Switch,57.78,0.0,53.08,0.0,-41.1,1.0,0.55,13.74,260.34,56.87,53.57,-41.0,1.86,-1.03,-0.4,1,nic_error_spike,0.0
1789892822.8472142,Switch,57.7,0.0,52.56,0.0,-41.3,1.0,0.46,29.87,255.64,57.19,53.39,-41.04,1.62,-0.9,-0.2,1,nic_error_spike,0.0
1789892822.849938,Switch,9999.0,12.5,53.8,0.0,-41.7,1.0,0.46,32.06,254.15,2045.65,53.3,-41.2,9942.28,-0.46,-0.8,1,nic_error_spike,0.0
1789892822.8526096,Switch,9999.0,25.0,53.57,0.0,-41.9,1.0,0.46,29.48,253.86,4034.1,53.41,-41.4,9942.26,0.56,-1.0,1,nic_error_spike,0.0
1789892822.8549924,Switch,57.96,25.0,54.09,0.0,-41.7,1.0,0.47,28.92,249.56,4034.29,53.42,-41.54,0.93,0.05,-0.7,1,nic_error_spike,0.0
1789892822.8576736,Switch,58.48,25.0,54.88,0.0,-41.4,1.0,0.47,34.16,248.75,4034.43,53.78,-41.6,0.7,1.8,-0.3,1,nic_error_spike,0.0
1789892822.8604233,Switch,58.14,25.0,54.33,0.0,-41.5,1.0,0.28,36.72,254.75,4034.52,54.13,-41.64,0.44,1.77,-0.2,1,nic_error_spike,0.0
1789892822.8631914,Switch,9999.0,37.5,53.84,0.0,-41.7,1.0,0.28,38.47,250.39,4034.52,54.14,-41.64,0.0,0.04,0.0,1,nic_error_spike,0.0
1789892822.8659406,Switch,57.68,37.5,54.89,0.0,-42.0,1.0,0.3,44.03,254.37,2046.25,54.41,-41.66,-9941.32,1.32,-0.1,1,nic_error_spike,0.0
1789892822.8686907,Switch,57.42,37.5,55.91,0.0,-42.3,1.0,0.37,37.98,259.76,2046.14,54.77,-41.78,-0.54,1.82,-0.6,1,nic_error_spike,0.0
1789892822.8711243,Switch,56.63,25.0,56.4,0.0,-41.9,1.0,0.64,33.49,260.57,2045.77,55.07,-41.88,-1.85,1.52,-0.5,1,nic_error_spike,0.0
1789892822.8738277,Switch,56.4,12.5,57.29,0.0,-42.2,1.0,0.65,42.04,259.31,2045.43,55.67,-42.02,-1.74,2.96,-0.7,1,nic_error_spike,0.0
1789892822.8765948,Switch,9999.0,25.0,57.25,0.0,-42.6,1.0,0.65,38.41,263.16,2045.43,56.35,-42.2,0.0,3.41,-0.9,1,nic_error_spike,0.0
1789892822.8793392,Switch,56.15,25.0,58.28,0.0,-42.8,1.0,0.59,34.09,262.67,2045.12,57.03,-42.36,-1.53,3.39,-0.8,1,nic_error_spike,0.0
1789892822.8819532,Switch,9999.0,37.5,59.24,0.0,-43.1,1.0,0.59,41.31,257.19,4033.44,57.69,-42.52,9941.58,3.33,-0.8,1,,0.0
1789892822.8851354,Switch,56.31,25.0,60.03,0.0,-43.3,1.0,0.45,25.1,257.83,4033.37,58.42,-42.8,-0.32,3.63,-1.4,1,none,0.2
1789892822.8881195,Switch,55.8,25.0,59.55,0.0,-43.1,3.0,0.28,15.08,252.75,4033.25,58.87,-42.98,-0.6,2.26,-0.9,0,none,10.0
1789892822.8907413,Switch,56.16,25.0,59.21,0.0,-43.4,6.9,0.2,9.06,255.14,2044.68,59.26,-43.14,-9942.84,1.96,-0.8,0,none,10.0
1789892822.8934498,Switch,55.98,25.0,59.07,0.0,-43.4,7.8,0.17,5.55,257.07,2044.65,59.42,-43.26,-0.17,0.79,-0.6,0,none,10.0
1789892822.8958943,Switch,56.49,25.0,59.35,0.0,-43.5,9.6,0.24,3.65,259.97,56.15,59.44,-43.34,-9942.51,0.11,-0.4,0,none,10.0
1789892822.8986273,Switch,56.24,12.5,59.01,0.0,-43.2,5.7,0.23,2.22,255.6,56.13,59.24,-43.32,-0.07,-1.02,0.1,0,none,10.0
1789892822.9013782,Switch,55.91,12.5,60.12,0.0,-43.1,4.5,0.21,1.44,256.38,56.16,59.35,-43.32,0.11,0.57,0.0,0,none,10.0
1789892822.9039834,Switch,55.29,0.0,59.86,0.0,-43.0,5.1,0.4,1.02,250.8,55.98,59.48,-43.24,-0.87,0.65,0.4,0,none,10.0
1789892822.9066312,Switch,55.91,0.0,59.04,0.0,-43.1,7.8,0.4,0.97,248.46,55.97,59.48,-43.18,-0.07,-0.03,0.3,0,none,10.0
1789892822.9089718,Switch,55.15,0.0,58.67,0.0,-43.3,9.4,0.41,0.75,245.44,55.7,59.34,-43.14,-1.34,-0.68,0.2,0,none,10.0
1789892822.911434,Switch,54.7,0.0,58.66,0.0,-43.3,13.0,0.47,0.65,249.58,55.39,59.27,-43.16,-1.54,-0.35,-0.1,0,none,10.0
1789892822.9144092,Switch,54.38,0.0,58.07,0.0,-43.0,9.6,0.52,0.5,255.58,55.09,58.86,-43.14,-1.53,-2.05,0.1,0,none,10.0
1789892822.9170885,Switch,54.69,0.0,58.23,0.0,-43.1,8.6,0.53,0.38,261.09,54.97,58.53,-43.16,-0.6,-1.63,-0.1,0,none,10.0
1789892822.9198287,Switch,54.47,0.0,58.08,0.0,-42.9,10.7,0.26,0.29,266.51,54.68,58.34,-43.12,-1.44,-0.96,0.2,0,none,10.0
1789892822.922566,Switch,54.36,0.0,59.15,0.0,-42.5,14.2,0.15,0.31,262.65,54.52,58.44,-42.96,-0.79,0.48,0.8,0,none,10.0
1789892822.9253032,Switch,53.83,0.0,58.41,0.0,-42.5,14.8,0.28,0.32,266.01,54.35,58.39,-42.8,-0.87,-0.25,0.8,0,none,10.0
1789892822.9279854,Switch,54.04,0.0,57.6,0.0,-42.2,16.7,0.31,0.51,269.31,54.28,58.29,-42.64,-0.34,-0.47,0.8,0,none,10.0
1789892822.9306505,Switch,53.79,0.0,57.21,0.0,-42.0,13.9,0.28,0.38,266.92,54.1,58.09,-42.42,-0.9,-1.02,1.1,0,none,10.0
1789892822.9334035,Switch,53.84,0.0,57.95,0.0,-42.4,14.6,0.21,0.5,266.34,53.97,58.06,-42.32,-0.63,-0.13,0.5,0,none,10.0
1789892822.936188,Switch,53.7,0.0,57.91,0.0,-42.7,13.4,0.11,0.56,268.49,53.84,57.82,-42.36,-0.66,-1.24,-0.2,0,none,10.0
1789892822.9389372,Switch,53.28,0.0,56.69,0.0,-42.6,16.0,0.25,0.66,262.6,53.73,57.47,-42.38,-0.55,-1.72,-0.1,0,none,10.0
1789892822.9416916,Switch,53.76,0.0,55.37,0.0,-42.8,12.9,0.2,0.62,263.84,53.67,57.03,-42.5,-0.28,-2.23,-0.6,0,none,10.0
1789892822.9445298,Switch,53.61,0.0,55.03,0.0,-42.8,13.0,0.2,0.5,258.83,53.64,56.59,-42.66,-0.18,-2.18,-0.8,0,none,10.0
1789892822.9469056,Switch,53.12,0.0,55.27,0.0,-42.5,15.6,0.25,0.44,261.05,53.49,56.05,-42.68,-0.72,-2.68,-0.1,0,none,10.0
1789892822.9498472,Switch,52.35,0.0,55.97,0.0,-42.4,14.3,0.49,0.46,264.7,53.22,55.67,-42.62,-1.35,-1.94,0.3,0,none,10.0
1789892822.9526498,Switch,52.08,0.0,56.52,0.0,-42.5,16.6,0.67,0.59,262.08,52.98,55.63,-42.6,-1.2,-0.17,0.1,0,none,10.0
1789892822.9553866,Switch,52.03,0.0,57.79,0.0,-42.5,18.1,0.62,0.56,260.68,52.64,56.12,-42.54,-1.73,2.42,0.3,0,none,10.0
1789892822.9581132,Switch,51.57,0.0,57.59,0.0,-42.6,16.1,0.51,0.54,264.74,52.23,56.63,-42.5,-2.04,2.56,0.2,0,none,10.0
1789892822.9610453,Switch,52.03,0.0,56.18,0.0,-42.9,16.8,0.25,0.52,260.31,52.01,56.81,-42.58,-1.09,0.91,-0.4,0,none,10.0
1789892822.9638324,Switch,51.98,0.0,57.47,0.0,-42.8,20.3,0.19,0.58,254.74,51.94,57.11,-42.66,-0.37,1.5,-0.4,0,none,10.0
1789892822.9665732,Switch,52.59,0.0,56.4,0.0,-42.7,17.2,0.32,0.67,257.96,52.04,57.09,-42.7,0.51,-0.12,-0.2,0,none,10.0
1789892822.9693174,Switch,52.84,0.0,55.3,0.0,-42.6,14.1,0.46,0.51,255.41,52.2,56.59,-42.72,0.81,-2.49,-0.1,0,none,10.0
1789892822.9720962,Switch,53.33,0.0,56.3,0.0,-42.8,16.9,0.51,0.63,252.44,52.55,56.33,-42.76,1.76,-1.29,-0.2,0,none,10.0
1789892822.9750075,Switch,53.13,0.0,56.62,0.0,-42.6,15.8,0.47,0.47,251.65,52.77,56.42,-42.7,1.1,0.44,0.3,0,none,10.0
1789892822.9775379,Switch,53.27,0.0,57.46,0.0,-42.3,11.9,0.28,0.5,246.62,53.03,56.42,-42.6,1.29,-0.01,0.5,0,none,10.0
1789892822.9800878,Switch,52.62,0.0,55.98,0.0,-42.7,13.7,0.27,0.38,251.62,53.04,56.33,-42.6,0.03,-0.42,0.0,0,none,10.0
1789892822.982721,Switch,52.47,0.0,57.21,0.0,-42.8,14.0,0.35,0.24,247.25,52.96,56.71,-42.64,-0.37,1.91,-0.2,0,none,10.0
1789892822.985361,Switch,51.77,0.0,56.38,0.0,-42.6,17.6,0.53,0.42,248.71,52.65,56.73,-42.6,-1.56,0.08,0.2,0,none,10.0
1789892822.9880903,Switch,51.97,0.0,56.05,0.0,-42.2,19.4,0.53,0.25,247.81,52.42,56.62,-42.52,-1.16,-0.57,0.4,0,none,10.0
1789892822.9907687,Switch,51.52,0.0,56.1,0.0,-42.0,18.6,0.42,0.38,244.3,52.07,56.34,-42.46,-1.75,-1.36,0.3,0,none,10.0
1789892822.9934688,Switch,52.27,0.0,56.9,0.0,-42.3,22.2,0.34,0.25,247.89,52.0,56.53,-42.38,-0.35,0.92,0.4,0,none,10.0
1789892822.996148,Switch,52.54,0.0,58.1,0.0,-42.5,21.5,0.36,0.53,244.96,52.01,56.71,-42.32,0.07,0.89,0.3,0,none,10.0
1789892822.9987872,Switch,53.25,0.0,57.98,0.0,-42.8,21.1,0.58,0.66,240.09,52.31,57.03,-42.36,1.48,1.6,-0.2,0,none,10.0
1789892823.0013983,Switch,53.97,0.0,58.28,0.0,-42.7,18.3,0.84,0.61,240.92,52.71,57.47,-42.46,2.0,2.23,-0.5,0,none,10.0
1789892823.0041687,Switch,53.62,0.0,56.8,0.0,-42.6,15.7,0.64,0.68,241.61,53.13,57.61,-42.58,2.1,0.7,-0.6,0,none,10.0
1789892823.006598,Switch,52.84,0.0,57.67,0.0,-42.5,16.9,0.52,0.6,242.51,53.24,57.77,-42.62,0.57,0.77,-0.2,0,none,10.0
1789892823.0097687,Switch,52.43,0.0,57.33,0.0,-42.3,20.4,0.54,0.75,245.54,53.22,57.61,-42.58,-0.11,-0.77,0.2,0,none,10.0
1789892823.0123775,Switch,52.99,0.0,55.99,0.0,-42.3,22.3,0.55,0.58,249.55,53.17,57.21,-42.48,-0.26,-1.99,0.5,0,none,10.0
1789892823.0150104,Switch,53.25,0.0,55.64,0.0,-42.1,19.6,0.4,0.73,252.38,53.03,56.69,-42.36,-0.72,-2.64,0.6,0,none,10.0
1789892823.0176792,Switch,52.93,0.0,54.27,0.0,-42.3,1.0,0.27,4.57,246.91,52.89,56.18,-42.3,-0.69,-2.53,0.3,1,tx_rate_drop,0.0
1789892823.0203264,Switch,52.78,0.0,55.67,0.0,-42.7,1.0,0.27,9.62,246.9,52.88,55.78,-42.34,-0.06,-2.0,-0.2,1,tx_rate_drop,0.0
1789892823.0229554,Switch,52.4,0.0,56.63,0.0,-43.0,1.0,0.28,13.63,242.46,52.87,55.64,-42.48,-0.03,-0.7,-0.7,1,tx_rate_drop,0.0
1789892823.0256298,Switch,51.75,0.0,55.39,0.0,-42.8,1.0,0.51,15.67,242.38,52.62,55.52,-42.58,-1.24,-0.6,-0.5,1,tx_rate_drop,0.0
1789892823.0282385,Switch,51.58,0.0,54.38,0.0,-42.5,1.0,0.54,14.64,243.07,52.29,55.27,-42.66,-1.67,-1.26,-0.4,1,tx_rate_drop,0.0
1789892823.0309167,Switch,52.25,0.0,54.98,0.0,-42.2,1.0,0.44,16.41,248.94,52.15,55.41,-42.64,-0.68,0.71,0.1,1,tx_rate_drop,0.0
1789892823.0336494,Switch,51.61,0.0,56.22,0.0,-41.9,1.0,0.34,16.84,245.75,51.92,55.52,-42.48,-1.17,0.55,0.8,1,tx_rate_drop,0.0
1789892823.0363023,Switch,52.07,0.0,55.83,0.0,-41.8,1.0,0.27,15.77,241.53,51.85,55.36,-42.24,-0.33,-0.8,1.2,1,tx_rate_drop,0.0
1789892823.0389352,Switch,51.58,0.0,56.66,0.0,-41.5,1.0,0.29,17.49,242.25,51.82,55.61,-41.98,-0.17,1.27,1.3,1,tx_rate_drop,0.0
1789892823.0419846,Switch,50.87,0.0,58.12,0.0,-41.6,1.0,0.48,17.96,239.69,51.68,56.36,-41.8,-0.71,3.74,0.9,1,tx_rate_drop,0.0
1789892823.0446792,Switch,51.21,0.0,58.38,0.0,-41.5,1.0,0.41,18.82,235.75,51.47,57.04,-41.66,-1.04,3.4,0.7,1,tx_rate_drop,0.0
1789892823.0474305,Switch,51.97,0.0,58.86,0.0,-41.2,1.0,0.46,19.45,234.01,51.54,57.57,-41.52,0.36,2.64,0.7,1,tx_rate_drop,0.0
1789892823.0503337,Switch,51.35,0.0,59.79,0.0,-41.5,1.0,0.37,18.34,230.69,51.4,58.36,-41.46,-0.72,3.96,0.3,1,tx_rate_drop,0.0
1789892823.0533416,Switch,51.28,0.0,60.05,0.0,-41.9,1.0,0.36,18.64,226.26,51.34,59.04,-41.54,-0.3,3.39,-0.4,1,tx_rate_drop,0.0
1789892823.0559945,Switch,51.0,0.0,60.41,0.0,-41.9,1.0,0.33,15.84,230.02,51.36,59.5,-41.6,0.13,2.29,-0.3,1,tx_rate_drop,0.0
1789892823.0585537,Switch,51.55,0.0,59.11,0.0,-41.9,1.0,0.32,15.15,228.79,51.43,59.64,-41.68,0.34,0.73,-0.4,1,,0.0
1789892823.0613148,Switch,51.54,0.0,58.53,0.0,-42.0,1.0,0.2,19.38,225.48,51.34,59.58,-41.84,-0.43,-0.33,-0.8,1,nic_error_spike,0.0
1789892823.0640123,Switch,50.84,0.0,58.97,0.0,-42.4,1.0,0.28,21.92,225.16,51.24,59.41,-42.02,-0.51,-0.82,-0.9,1,nic_error_spike,0.0
1789892823.066689,Switch,51.16,0.0,59.17,0.0,-42.8,1.0,0.28,28.16,225.14,51.22,59.24,-42.2,-0.12,-0.88,-0.9,1,nic_error_spike,0.0
1789892823.069618,Switch,50.74,0.0,59.91,0.0,-42.7,1.0,0.34,36.56,230.83,51.17,59.14,-42.36,-0.26,-0.5,-0.8,1,nic_error_spike,0.0
1789892823.0720365,Switch,50.66,0.0,59.13,0.0,-42.9,1.0,0.32,31.43,226.24,50.99,59.14,-42.56,-0.89,0.02,-1.0,1,nic_error_spike,0.0
1789892823.0747347,Switch,50.65,0.0,59.24,0.0,-42.7,1.0,0.19,36.46,231.28,50.81,59.28,-42.7,-0.89,0.71,-0.7,1,nic_error_spike,0.0
1789892823.0774302,Switch,50.6,0.0,58.43,0.0,-43.0,1.0,0.2,32.75,225.58,50.76,59.18,-42.82,-0.24,-0.54,-0.6,1,nic_error_spike,0.0
1789892823.0801806,Switch,51.01,0.0,58.1,0.0,-43.3,1.0,0.15,41.22,230.74,50.73,58.96,-42.92,-0.15,-1.07,-0.5,1,nic_error_spike,0.0
1789892823.0828967,Switch,50.56,0.0,57.66,0.0,-43.6,1.0,0.16,38.31,228.22,50.7,58.51,-43.1,-0.18,-2.25,-0.9,1,nic_error_spike,0.0
1789892823.0856378,Switch,50.01,0.0,59.03,0.0,-43.4,1.0,0.32,32.89,228.89,50.57,58.49,-43.2,-0.65,-0.1,-0.5,1,nic_error_spike,0.0
1789892823.0884035,Switch,49.83,0.0,60.16,0.0,-43.5,1.0,0.43,39.01,225.07,50.4,58.68,-43.36,-0.82,0.92,-0.8,1,nic_error_spike,0.0
1789892823.0909293,Switch,9999.0,12.5,59.89,0.0,-43.6,1.0,0.43,45.41,222.23,2040.08,58.97,-43.48,9948.4,1.46,-0.6,1,nic_error_spike,0.0
1789892823.0938048,Switch,50.28,12.5,58.56,0.0,-43.4,1.0,0.42,39.08,227.63,2039.94,59.06,-43.5,-0.73,0.46,-0.1,1,nic_error_spike,0.0
1789892823.0962138,Switch,49.92,12.5,58.0,0.0,-43.4,1.0,0.27,36.3,227.51,2039.81,59.13,-43.46,-0.64,0.34,0.2,1,nic_error_spike,0.0
1789892823.0991316,Switch,49.43,12.5,59.36,0.0,-43.6,1.0,0.27,33.82,223.11,2039.69,59.19,-43.5,-0.58,0.33,-0.2,1,,0.0
1789892823.1018093,Switch,49.86,12.5,59.38,0.0,-43.5,1.0,0.27,20.56,218.63,2039.7,59.04,-43.5,0.03,-0.78,0.0,1,none,0.2
1789892823.1044838,Switch,50.54,12.5,58.43,0.0,-43.6,1.4,0.38,12.49,220.01,50.01,58.75,-43.5,-9948.46,-1.46,0.0,0,none,10.0
1789892823.1074924,Switch,50.17,12.5,58.22,0.0,-43.9,1.0,0.37,7.89,217.95,49.98,58.68,-43.6,-0.11,-0.34,-0.5,0,none,10.0
1789892823.110194,Switch,50.03,12.5,58.69,0.0,-44.1,1.0,0.36,5.02,221.38,50.01,58.82,-43.74,0.11,0.69,-0.7,0,none,10.0
1789892823.113114,Switch,49.93,0.0,60.07,0.0,-44.1,4.9,0.24,3.07,216.72,50.11,58.96,-43.84,0.5,0.71,-0.5,0,none,10.0
1789892823.1158202,Switch,49.6,0.0,61.23,0.0,-43.7,2.4,0.31,2.08,214.87,50.05,59.33,-43.88,-0.26,1.85,-0.2,0,none,10.0
1789892823.118617,Switch,49.0,0.0,60.5,0.0,-44.1,1.0,0.42,1.36,211.35,49.75,59.74,-43.98,-1.54,2.07,-0.5,0,none,10.0
1789892823.1212077,Switch,49.19,0.0,60.71,0.0,-44.3,1.0,0.4,1.05,209.27,49.55,60.24,-44.06,-0.98,2.49,-0.4,0,none,10.0
1789892823.1236284,Switch,49.23,0.0,61.36,0.0,-44.5,3.8,0.34,1.01,206.18,49.39,60.77,-44.14,-0.8,2.67,-0.4,0,none,10.0
1789892823.126364,Switch,48.81,0.0,62.46,0.0,-44.6,1.0,0.26,0.97,211.58,49.17,61.25,-44.24,-1.12,2.39,-0.5,0,none,10.0
1789892823.1288962,Switch,48.89,0.0,61.02,0.0,-44.7,1.0,0.16,0.65,216.61,49.02,61.21,-44.44,-0.71,-0.21,-1.0,0,none,10.0
1789892823.1316557,Switch,48.89,0.0,60.84,0.0,-44.5,1.0,0.17,0.66,217.87,49.0,61.28,-44.52,-0.11,0.34,-0.4,0,none,10.0
1789892823.1343517,Switch,48.14,0.0,60.22,0.0,-44.4,1.0,0.36,0.65,217.61,48.79,61.18,-44.54,-1.05,-0.49,-0.1,0,none,10.0
1789892823.1370194,Switch,48.8,0.0,58.86,0.0,-44.8,3.1,0.29,0.69,212.78,48.71,60.68,-44.6,-0.43,-2.5,-0.3,0,none,10.0
1789892823.1399798,Switch,48.34,0.0,57.83,0.0,-44.8,1.0,0.31,0.73,216.9,48.61,59.75,-44.64,-0.47,-4.63,-0.2,0,none,10.0
1789892823.1426933,Switch,48.88,0.0,58.31,0.0,-44.7,1.0,0.31,0.61,211.25,48.61,59.21,-44.64,-0.01,-2.71,0.0,0,none,10.0
1789892823.1453383,Switch,49.58,0.0,58.84,0.0,-44.3,1.0,0.5,0.69,212.62,48.75,58.81,-44.6,0.69,-2.0,0.2,0,none,10.0
1789892823.1481194,Switch,50.26,0.0,59.51,0.0,-44.7,1.0,0.67,0.71,208.86,49.17,58.67,-44.66,2.12,-0.71,-0.3,0,none,10.0
1789892823.1508086,Switch,50.41,0.0,58.28,0.0,-44.3,3.3,0.79,0.5,213.34,49.49,58.55,-44.56,1.61,-0.58,0.5,0,none,10.0
1789892823.1539073,Switch,50.6,0.0,57.51,0.0,-44.7,3.9,0.63,0.41,210.76,49.95,58.49,-44.54,2.26,-0.32,0.1,0,none,10.0
1789892823.1567314,Switch,51.35,0.0,57.11,0.0,-45.0,2.5,0.57,0.55,205.74,50.44,58.25,-44.6,2.47,-1.2,-0.3,0,none,10.0
1789892823.1596258,Switch,51.17,0.0,57.12,0.0,-44.9,3.0,0.43,0.73,205.88,50.76,57.91,-44.72,1.59,-1.72,-0.6,0,none,10.0
1789892823.1626246,Switch,50.44,0.0,57.96,0.0,-44.5,6.6,0.39,0.77,208.09,50.79,57.6,-44.68,0.18,-1.55,0.2,0,none,10.0
1789892823.1653244,Switch,49.65,0.0,59.06,0.0,-44.5,7.4,0.6,0.59,209.91,50.64,57.75,-44.72,-0.76,0.78,-0.2,0,none,10.0
1789892823.1681771,Switch,49.62,0.0,58.35,0.0,-44.8,3.6,0.73,0.62,205.42,50.45,57.92,-44.74,-0.98,0.84,-0.1,0,none,10.0
1789892823.1708255,Switch,50.3,0.0,59.07,0.0,-44.7,1.0,0.57,0.54,204.7,50.24,58.31,-44.68,-1.05,1.96,0.3,0,none,10.0
1789892823.1732981,Switch,50.35,0.0,58.1,0.0,-44.5,1.8,0.36,0.6,199.66,50.07,58.51,-44.6,-0.82,0.98,0.4,0,none,10.0
1789892823.1754909,Switch,49.95,0.0,58.64,0.0,-44.7,3.8,0.31,0.69,197.45,49.97,58.64,-44.64,-0.49,0.68,-0.2,0,none,10.0
1789892823.1782727,Switch,49.85,0.0,57.19,0.0,-45.0,7.6,0.28,0.76,192.26,50.01,58.27,-44.74,0.2,-1.87,-0.5,0,none,10.0
1789892823.1812105,Switch,49.8,0.0,57.94,0.0,-45.0,5.4,0.23,0.63,196.86,50.05,58.19,-44.78,0.18,-0.41,-0.2,0,none,10.0
1789892823.1839802,Switch,49.61,0.0,57.06,0.0,-45.0,1.5,0.24,0.7,198.98,49.91,57.79,-44.84,-0.69,-2.01,-0.3,0,none,10.0
1789892823.1866002,Switch,49.12,0.0,57.32,0.0,-45.4,1.0,0.3,0.74,198.63,49.67,57.63,-45.02,-1.23,-0.78,-0.9,0,none,10.0
1789892823.1892254,Switch,49.38,0.0,57.7,0.0,-45.6,1.0,0.27,0.69,192.93,49.55,57.44,-45.2,-0.57,-0.94,-0.9,0,none,10.0
1789892823.1916478,Switch,48.7,0.0,58.07,0.0,-45.9,4.1,0.39,0.75,189.37,49.32,57.62,-45.38,-1.15,0.88,-0.9,0,none,10.0
1789892823.1948001,Switch,49.2,0.0,58.24,0.0,-46.2,1.0,0.3,15.72,185.58,49.2,57.68,-45.62,-0.6,0.3,-1.2,1,nic_error_spike,0.0
1789892823.1974552,Switch,49.87,0.0,57.97,0.0,-46.6,1.0,0.38,22.37,181.21,49.25,57.86,-45.94,0.26,0.91,-1.6,1,nic_error_spike,0.0
1789892823.2001686,Switch,9999.0,12.5,58.51,0.0,-46.9,1.0,0.38,34.78,181.19,2039.23,58.1,-46.24,9949.88,1.19,-1.5,1,nic_error_spike,0.0
1789892823.202671,Switch,50.31,12.5,59.95,0.0,-47.3,1.0,0.55,31.47,177.07,2039.42,58.55,-46.58,0.93,2.25,-1.7,1,nic_error_spike,0.0
1789892823.205277,Switch,50.45,12.5,58.77,0.0,-47.2,1.0,0.66,41.42,173.74,2039.77,58.69,-46.84,1.75,0.7,-1.3,1,nic_error_spike,0.0
1789892823.2079127,Switch,49.65,12.5,59.86,0.0,-46.8,1.0,0.45,42.13,177.2,2039.86,59.01,-46.96,0.45,1.62,-0.6,1,nic_error_spike,0.0
1789892823.2111845,Switch,50.14,12.5,60.24,0.0,-47.0,1.0,0.29,39.71,175.54,2039.91,59.47,-47.04,0.27,2.27,-0.4,1,nic_error_spike,0.0
1789892823.2139418,Switch,50.86,12.5,59.62,0.0,-46.9,1.0,0.4,36.89,180.84,50.28,59.69,-47.04,-9948.14,1.11,0.0,1,nic_error_spike,0.0
1789892823.2165868,Switch,9999.0,25.0,60.48,0.0,-46.7,1.0,0.4,42.81,185.61,2040.02,59.79,-46.92,9948.69,0.53,0.6,1,nic_error_spike,0.0
1789892823.2197733,Switch,50.3,25.0,60.62,0.0,-46.6,1.0,0.4,34.9,186.2,2039.99,60.16,-46.8,-0.15,1.85,0.6,1,nic_error_spike,0.0
1789892823.2224119,Switch,50.64,12.5,59.14,0.0,-46.4,1.0,0.42,36.65,191.11,2040.19,60.02,-46.72,0.99,-0.72,0.4,1,nic_error_spike,0.0
1789892823.225207,Switch,50.39,12.5,60.47,0.0,-46.6,1.0,0.26,43.41,189.85,2040.24,60.07,-46.64,0.25,0.23,0.4,1,nic_error_spike,0.0
1789892823.2280107,Switch,49.95,12.5,61.6,0.0,-46.6,1.0,0.31,39.75,191.88,2040.06,60.46,-46.58,-0.91,1.98,0.3,1,,0.0
1789892823.2306378,Switch,49.92,12.5,60.38,0.0,-46.3,3.8,0.27,23.98,190.59,50.24,60.44,-46.5,-9949.08,-0.1,0.4,1,none,0.33
1789892823.2332542,Switch,50.33,12.5,60.55,0.0,-46.4,6.8,0.27,14.54,189.2,50.25,60.43,-46.46,0.03,-0.07,0.2,1,none,0.2
1789892823.2362263,Switch,49.74,12.5,61.98,0.0,-46.6,5.6,0.25,8.89,187.96,50.07,61.0,-46.5,-0.9,2.84,-0.2,1,none,0.2
1789892823.2388706,Switch,49.58,0.0,60.94,0.0,-47.0,8.8,0.25,5.71,192.29,49.9,61.09,-46.58,-0.81,0.47,-0.4,0,none,10.0
1789892823.241488,Switch,49.13,0.0,59.49,0.0,-47.3,7.3,0.39,3.47,197.8,49.74,60.67,-46.72,-0.82,-2.11,-0.7,0,none,10.0
1789892823.2443292,Switch,49.35,0.0,59.89,0.0,-47.7,5.0,0.41,2.39,203.69,49.63,60.57,-47.0,-0.57,-0.49,-1.4,0,none,10.0
1789892823.2469542,Switch,48.92,0.0,60.33,0.0,-47.5,4.5,0.29,1.63,206.19,49.34,60.53,-47.22,-1.41,-0.22,-1.1,0,none,10.0
1789892823.2495923,Switch,48.7,0.0,61.35,0.0,-47.1,1.0,0.31,1.03,208.37,49.14,60.4,-47.32,-1.04,-0.63,-0.5,0,none,10.0
1789892823.2522924,Switch,49.05,0.0,62.64,0.0,-46.8,1.0,0.21,0.93,204.38,49.03,60.74,-47.28,-0.53,1.7,0.2,0,none,10.0
1789892823.2549224,Switch,49.49,0.0,62.05,0.0,-46.8,1.8,0.28,0.89,206.34,49.1,61.25,-47.18,0.36,2.56,0.5,0,none,10.0
1789892823.2575395,Switch,48.77,0.0,60.86,0.0,-47.0,1.0,0.28,0.62,201.66,48.99,61.45,-47.04,-0.58,0.97,0.7,0,none,10.0
1789892823.260235,Switch,49.5,0.0,60.05,0.0,-46.7,1.1,0.34,0.43,207.32,49.1,61.39,-46.88,0.58,-0.28,0.8,0,none,10.0
1789892823.2628405,Switch,49.93,0.0,58.84,0.0,-46.5,4.8,0.4,0.4,207.6,49.35,60.89,-46.76,1.23,-2.51,0.6,0,none,10.0
1789892823.2654562,Switch,49.21,0.0,58.9,0.0,-46.3,1.0,0.38,0.49,212.74,49.38,60.14,-46.66,0.16,-3.74,0.5,0,none,10.0
1789892823.268083,Switch,48.56,0.0,59.38,0.0,-46.3,1.7,0.49,0.56,214.39,49.19,59.61,-46.56,-0.93,-2.67,0.5,0,none,10.0
1789892823.2707243,Switch,47.95,0.0,60.86,0.0,-46.7,1.0,0.7,0.36,219.16,49.03,59.61,-46.5,-0.82,0.0,0.3,0,none,10.0
1789892823.2735462,Switch,47.35,0.0,61.11,0.0,-47.0,1.7,0.91,0.31,218.69,48.6,59.82,-46.56,-2.15,1.06,-0.3,0,none,10.0
1789892823.2764964,Switch,47.0,0.0,59.97,0.0,-47.2,3.4,0.8,0.24,215.23,48.01,60.04,-46.7,-2.93,1.13,-0.7,0,none,10.0
1789892823.2792675,Switch,47.73,0.0,60.14,0.0,-47.5,4.6,0.53,0.49,214.59,47.72,60.29,-46.94,-1.48,1.24,-1.2,0,none,10.0
1789892823.2818885,Switch,47.69,0.0,58.84,0.0,-47.3,1.0,0.33,0.54,217.1,47.54,60.18,-47.14,-0.87,-0.54,-1.0,0,none,10.0
1789892823.2845237,Switch,48.35,0.0,59.64,0.0,-47.4,1.0,0.45,0.33,219.03,47.62,59.94,-47.28,0.4,-1.22,-0.7,0,none,10.0
1789892823.287141,Switch,49.11,0.0,58.8,0.0,-47.3,3.2,0.71,0.57,223.08,47.98,59.48,-47.34,1.76,-2.31,-0.3,0,none,10.0
1789892823.2897723,Switch,48.9,0.0,57.69,0.0,-47.0,4.1,0.58,0.36,219.98,48.36,59.02,-47.3,1.9,-2.28,0.2,0,none,10.0
1789892823.2925828,Switch,48.21,0.0,56.4,0.0,-47.4,1.7,0.5,0.33,219.18,48.45,58.27,-47.28,0.48,-3.74,0.1,0,none,10.0
1789892823.2953448,Switch,48.36,0.0,56.91,0.0,-47.4,3.0,0.35,0.35,219.97,48.59,57.89,-47.3,0.67,-1.93,-0.1,0,none,10.0
1789892823.2979903,Switch,47.64,0.0,57.95,0.0,-47.5,4.6,0.52,0.47,216.06,48.44,57.55,-47.32,-0.71,-1.69,-0.1,0,none,10.0
1789892823.3006139,Switch,48.0,0.0,58.6,0.0,-47.3,7.0,0.42,0.51,211.91,48.22,57.51,-47.32,-1.11,-0.2,0.0,0,none,10.0
1789892823.303382,Switch,48.6,0.0,58.99,0.0,-47.0,9.1,0.33,0.55,207.99,48.16,57.77,-47.32,-0.3,1.3,0.0,0,none,10.0
1789892823.3060317,Switch,48.91,0.0,58.07,0.0,-47.1,11.3,0.45,0.7,203.22,48.3,58.1,-47.26,0.7,1.67,0.3,0,none,10.0
1789892823.3090057,Switch,49.14,0.0,59.25,0.0,-46.9,11.4,0.56,0.75,201.12,48.46,58.57,-47.16,0.78,2.34,0.5,0,none,10.0
1789892823.3116183,Switch,49.75,0.0,60.7,0.0,-47.1,8.5,0.58,0.54,198.44,48.88,59.12,-47.08,2.11,2.75,0.4,0,none,10.0
1789892823.314381,Switch,49.2,0.0,59.32,0.0,-47.2,10.3,0.38,0.33,204.01,49.12,59.27,-47.06,1.2,0.72,0.1,0,none,10.0
1789892823.3170166,Switch,49.48,0.0,59.09,0.0,-47.3,8.4,0.29,0.4,205.13,49.3,59.29,-47.12,0.88,0.1,-0.3,0,none,10.0
1789892823.3196566,Switch,49.8,0.0,58.75,0.0,-47.1,7.5,0.27,0.57,207.51,49.47,59.42,-47.12,0.89,0.68,0.0,0,none,10.0
1789892823.3223922,Switch,50.33,0.0,59.77,0.0,-47.2,3.7,0.38,0.38,208.77,49.71,59.53,-47.18,1.19,0.52,-0.3,0,none,10.0
1789892823.3256948,Switch,49.94,0.0,59.66,0.0,-47.3,3.6,0.39,0.58,205.49,49.75,59.32,-47.22,0.19,-1.04,-0.2,0,none,10.0
1789892823.3284106,Switch,49.21,0.0,59.91,0.0,-47.5,1.0,0.38,4.15,202.33,49.75,59.44,-47.28,0.01,0.59,-0.3,1,tx_rate_drop,0.0
1789892823.3310795,Switch,48.76,0.0,60.54,0.0,-47.5,1.0,0.56,5.73,199.72,49.61,59.73,-47.32,-0.72,1.45,-0.2,1,tx_rate_drop,0.0
1789892823.3338413,Switch,48.69,0.0,59.46,0.0,-47.6,1.0,0.65,10.45,196.99,49.39,59.87,-47.42,-1.11,0.71,-0.5,1,tx_rate_drop,0.0
1789892823.3364673,Switch,49.16,0.0,58.11,0.0,-48.0,1.0,0.45,12.78,192.97,49.15,59.54,-47.58,-1.17,-1.66,-0.8,1,tx_rate_drop,0.0
1789892823.3390894,Switch,49.52,0.0,57.84,0.0,-48.3,1.0,0.31,14.47,194.36,49.07,59.17,-47.78,-0.42,-1.82,-1.0,1,tx_rate_drop,0.0
1789892823.341733,Switch,50.04,0.0,56.43,0.0,-48.1,1.0,0.5,16.05,200.04,49.23,58.48,-47.9,0.83,-3.48,-0.6,1,tx_rate_drop,0.0
1789892823.344486,Switch,50.12,0.0,57.3,0.0,-47.7,1.0,0.54,16.93,199.48,49.51,57.83,-47.94,1.36,-3.24,-0.2,1,tx_rate_drop,0.0
1789892823.3471122,Switch,49.56,0.0,56.22,0.0,-47.6,1.0,0.36,15.2,204.46,49.68,57.18,-47.94,0.87,-3.24,0.0,1,tx_rate_drop,0.0
1789892823.350036,Switch,50.02,0.0,56.43,0.0,-47.6,1.0,0.26,16.66,201.76,49.85,56.84,-47.86,0.86,-1.68,0.4,1,tx_rate_drop,0.0
1789892823.3527756,Switch,49.69,0.0,56.31,0.0,-47.3,1.0,0.22,13.41,196.5,49.89,56.54,-47.66,0.17,-1.53,1.0,1,tx_rate_drop,0.0
1789892823.3554978,Switch,49.36,0.0,57.57,0.0,-47.1,1.0,0.28,10.51,194.4,49.75,56.77,-47.46,-0.68,1.14,1.0,1,tx_rate_drop,0.0
1789892823.3584816,Switch,49.94,0.0,56.56,0.0,-46.8,1.0,0.24,9.3,193.45,49.71,56.62,-47.28,-0.18,-0.74,0.9,1,tx_rate_drop,0.0
1789892823.361308,Switch,50.14,0.0,56.98,0.0,-46.9,1.0,0.28,10.37,193.71,49.83,56.77,-47.14,0.58,0.76,0.7,1,tx_rate_drop,0.0
1789892823.363677,Switch,49.96,0.0,57.54,0.0,-46.5,1.0,0.27,9.51,195.38,49.82,56.99,-46.92,-0.06,1.11,1.1,1,tx_rate_drop,0.0
1789892823.3661075,Switch,50.52,0.0,58.24,0.0,-46.8,1.0,0.38,12.44,190.05,49.98,57.38,-46.82,0.83,1.93,0.5,1,tx_rate_drop,0.0
1789892823.3688693,Switch,50.99,0.0,58.53,0.0,-46.9,1.0,0.4,14.95,185.85,50.31,57.57,-46.78,1.63,0.96,0.2,1,tx_rate_drop,0.0
1789892823.3716595,Switch,50.3,0.0,59.89,0.0,-47.2,1.0,0.35,11.5,188.98,50.38,58.24,-46.86,0.36,3.33,-0.4,1,tx_rate_drop,0.0
1789892823.3745053,Switch,50.01,0.0,60.91,0.0,-47.0,1.0,0.37,12.09,190.52,50.36,59.02,-46.88,-0.13,3.93,-0.1,1,,0.0
1789892823.3772142,Switch,50.25,0.0,62.35,0.0,-47.1,1.0,0.33,7.58,187.43,50.41,59.98,-47.0,0.29,4.81,-0.6,0,none,10.0
1789892823.3796036,Switch,50.77,0.0,62.78,0.0,-47.2,1.0,0.36,4.64,187.82,50.46,60.89,-47.08,0.25,4.54,-0.4,0,none,10.0
1789892823.3822365,Switch,50.13,0.0,63.96,0.0,-47.6,1.2,0.26,2.94,183.1,50.29,61.98,-47.22,-0.86,5.43,-0.7,0,none,10.0
1789892823.3849115,Switch,49.37,0.0,64.54,0.0,-48.0,1.5,0.45,1.78,178.23,50.11,62.91,-47.38,-0.93,4.65,-0.8,0,none,10.0
1789892823.3875759,Switch,48.86,0.0,65.44,0.0,-47.9,1.3,0.68,1.33,180.43,49.88,63.81,-47.56,-1.15,4.53,-0.9,0,none,10.0
1789892823.3901906,Switch,48.17,0.0,66.64,0.0,-47.6,1.0,0.92,1.02,180.72,49.46,64.67,-47.66,-2.08,4.29,-0.5,0,none,10.0
1789892823.3927584,Switch,48.9,0.0,68.07,0.0,-48.0,1.0,0.65,0.68,183.78,49.09,65.73,-47.82,-1.87,5.29,-0.8,0,none,10.0
1789892823.395377,Switch,49.61,0.0,67.57,0.0,-48.0,1.0,0.5,0.65,186.34,48.98,66.45,-47.9,-0.52,3.61,-0.4,0,none,10.0
1789892823.3986235,Switch,49.15,0.0,66.45,0.0,-48.0,1.0,0.47,0.52,191.42,48.94,66.83,-47.9,-0.22,1.91,0.0,0,none,10.0
1789892816.765546,Firewall,12.55,0.0,40.45,0.0,-54.7,241.5,0.22,0.06,48.66,12.55,40.45,-54.7,0.0,0.0,0.0,0,none,10.0
1789892816.7684891,Firewall,12.2,0.0,41.65,0.0,-54.3,245.3,0.22,0.35,44.36,12.38,41.05,-54.5,0.0,0.0,0.0,0,none,10.0
1789892816.7711356,Firewall,12.58,0.0,41.52,0.0,-54.1,245.3,0.25,0.38,40.36,12.44,41.21,-54.37,0.0,0.0,0.0,0,none,10.0
1789892816.7737226,Firewall,13.3,0.0,42.83,0.0,-54.0,243.8,0.44,0.44,40.37,12.66,41.61,-54.28,0.0,0.0,0.0,0,none,10.0
1789892816.7763093,Firewall,13.75,0.0,41.37,0.0,-54.1,242.2,0.56,0.34,36.88,12.88,41.56,-54.24,0.0,0.0,0.0,0,none,10.0
1789892816.778869,Firewall,14.34,0.0,41.33,0.0,-53.9,240.4,0.77,0.35,41.04,13.23,41.74,-54.08,1.79,0.88,0.8,0,none,10.0
1789892816.7813942,Firewall,13.89,0.0,41.53,0.0,-53.6,242.1,0.6,0.4,37.02,13.57,41.72,-53.94,1.69,-0.12,0.7,0,none,10.0
1789892816.7839363,Firewall,14.64,0.0,41.94,0.0,-53.4,243.8,0.47,0.57,34.65,13.98,41.8,-53.8,2.06,0.42,0.7,0,none,10.0
1789892816.7864435,Firewall,15.39,0.0,43.08,0.0,-53.5,247.1,0.59,0.45,34.92,14.4,41.85,-53.7,2.09,0.25,0.5,0,none,10.0
1789892816.7889538,Firewall,14.97,0.0,42.45,0.0,-53.8,244.1,0.51,0.36,38.4,14.65,42.07,-53.64,1.22,1.08,0.3,0,none,10.0
1789892816.7915366,Firewall,15.29,0.0,41.19,0.0,-53.4,248.1,0.54,0.52,33.28,14.84,42.04,-53.54,0.95,-0.14,0.5,0,none,10.0
1789892816.793769,Firewall,15.44,0.0,41.11,0.0,-53.1,248.3,0.3,0.42,29.28,15.15,41.95,-53.44,1.55,-0.42,0.5,0,none,10.0
1789892816.7959962,Firewall,15.57,0.0,42.01,0.0,-53.4,251.8,0.2,0.56,29.91,15.33,41.97,-53.44,0.93,0.07,0.0,0,none,10.0
1789892816.7985299,Firewall,15.21,0.0,40.78,0.0,-53.6,250.4,0.2,0.58,35.25,15.3,41.51,-53.46,-0.18,-2.3,-0.1,0,none,10.0
1789892816.8013148,Firewall,14.54,0.0,41.54,0.0,-53.7,251.3,0.36,0.64,37.33,15.21,41.33,-53.44,-0.43,-0.91,0.1,0,none,10.0
1789892816.8038054,Firewall,14.49,0.0,40.18,0.0,-53.5,254.2,0.45,0.57,40.88,15.05,41.12,-53.46,-0.8,-1.01,-0.1,0,none,10.0
1789892816.8063984,Firewall,13.73,0.0,41.21,0.0,-53.8,250.4,0.64,0.57,46.29,14.71,41.14,-53.6,-1.71,0.1,-0.7,0,none,10.0
1789892816.8090448,Firewall,13.21,0.0,40.37,0.0,-53.5,247.0,0.69,0.65,44.19,14.24,40.82,-53.62,-2.36,-1.64,-0.1,0,none,10.0
1789892816.8116567,Firewall,13.08,0.0,40.61,0.0,-53.1,250.3,0.62,0.6,43.33,13.81,40.78,-53.52,-2.13,-0.17,0.5,0,none,10.0
1789892816.8144329,Firewall,13.83,0.0,41.09,0.0,-53.1,246.6,0.5,0.69,40.78,13.67,40.69,-53.4,-0.71,-0.45,0.6,0,none,10.0
1789892816.8172574,Firewall,14.6,0.0,40.94,0.0,-53.3,250.4,0.54,0.45,36.28,13.69,40.84,-53.36,0.11,0.76,0.2,0,none,10.0
1789892816.819838,Firewall,14.42,0.0,39.92,0.0,-53.1,248.7,0.62,0.5,38.8,13.83,40.59,-53.22,0.69,-1.29,0.7,0,none,10.0
1789892816.82245,Firewall,14.07,0.0,41.18,0.0,-53.3,249.4,0.53,0.4,34.97,14.0,40.75,-53.18,0.86,0.81,0.2,0,none,10.0
1789892816.8250585,Firewall,14.58,0.0,42.68,0.0,-53.5,251.6,0.3,0.33,29.04,14.3,41.16,-53.26,1.5,2.07,-0.4,0,none,10.0
1789892816.8276603,Firewall,14.89,0.0,41.31,0.0,-53.9,252.4,0.27,0.32,26.79,14.51,41.21,-53.42,1.06,0.22,-0.8,0,none,10.0
1789892816.8304732,Firewall,14.16,0.0,41.13,0.0,-54.0,253.0,0.3,0.33,21.61,14.42,41.24,-53.56,-0.44,0.19,-0.7,0,none,10.0
1789892816.8330398,Firewall,14.03,0.0,41.66,0.0,-54.3,251.6,0.34,0.57,20.44,14.35,41.59,-53.8,-0.39,1.74,-1.2,0,none,10.0
1789892816.8355443,Firewall,14.0,0.0,40.83,0.0,-53.9,251.2,0.35,0.35,21.65,14.33,41.52,-53.92,-0.07,-0.35,-0.6,0,none,10.0
1789892816.8380334,Firewall,13.54,0.0,41.46,0.0,-54.1,249.8,0.44,0.28,27.35,14.12,41.28,-54.04,-1.04,-1.22,-0.6,0,none,10.0
1789892816.8408492,Firewall,13.97,0.0,42.34,0.0,-54.2,247.2,0.21,0.33,27.21,13.94,41.48,-54.1,-0.92,1.03,-0.3,0,none,10.0
1789892816.843384,Firewall,14.09,0.0,40.92,0.0,-54.5,247.5,0.2,0.36,26.66,13.93,41.44,-54.2,-0.07,-0.21,-0.5,0,none,10.0
1789892816.8459475,Firewall,13.67,0.0,41.49,0.0,-54.8,246.6,0.21,0.37,30.21,13.85,41.41,-54.3,-0.36,-0.17,-0.5,0,none,10.0
1789892816.8488028,Firewall,14.07,0.0,42.25,0.0,-54.6,248.2,0.22,0.37,28.42,13.87,41.69,-54.44,0.07,1.42,-0.7,0,none,10.0
1789892816.8514369,Firewall,14.77,0.0,41.6,0.0,-54.9,250.8,0.36,0.26,31.17,14.11,41.72,-54.6,1.23,0.14,-0.8,0,none,10.0
1789892816.8542323,Firewall,14.23,0.0,40.71,0.0,-54.6,252.0,0.36,0.16,31.74,14.17,41.39,-54.68,0.26,-1.63,-0.4,0,none,10.0
1789892816.8568304,Firewall,14.41,0.0,40.83,0.0,-54.6,248.3,0.37,0.14,31.62,14.23,41.38,-54.7,0.32,-0.09,-0.1,0,none,10.0
1789892816.8594365,Firewall,14.43,0.0,41.06,0.0,-54.6,246.0,0.23,0.28,28.47,14.38,41.29,-54.66,0.76,-0.43,0.2,0,none,10.0
1789892816.8618662,Firewall,14.71,0.0,41.01,0.0,-54.4,242.9,0.2,0.52,27.69,14.51,41.04,-54.62,0.64,-1.24,0.2,0,none,10.0
1789892816.864672,Firewall,14.22,0.0,40.42,0.0,-54.3,242.7,0.18,0.63,30.61,14.4,40.81,-54.5,-0.55,-1.18,0.6,0,none,10.0
1789892816.8672633,Firewall,13.62,0.0,40.11,0.0,-54.1,243.5,0.37,0.65,30.78,14.28,40.69,-54.4,-0.61,-0.6,0.5,0,none,10.0
1789892816.8698635,Firewall,13.6,0.0,39.19,0.0,-53.9,241.6,0.44,0.46,34.01,14.12,40.36,-54.26,-0.81,-1.64,0.7,0,none,10.0
1789892816.87247,Firewall,13.97,0.0,37.73,0.0,-53.9,239.7,0.42,0.52,39.63,14.02,39.69,-54.12,-0.46,-3.33,0.7,0,none,10.0
1789892816.875173,Firewall,13.66,0.0,38.03,0.0,-54.3,242.4,0.24,0.43,44.31,13.81,39.1,-54.1,-1.05,-2.98,0.1,0,none,10.0
1789892816.8779817,Firewall,12.99,0.0,39.5,0.0,-54.6,238.8,0.32,0.38,40.02,13.57,38.91,-54.16,-1.23,-0.92,-0.3,0,none,10.0
1789892816.8808384,Firewall,13.17,0.0,39.3,0.0,-54.4,239.9,0.35,0.41,43.05,13.48,38.75,-54.22,-0.45,-0.81,-0.3,0,none,10.0
1789892816.8837044,Firewall,12.5,0.0,40.46,0.0,-54.8,237.3,0.52,0.47,37.12,13.26,39.0,-54.4,-1.1,1.27,-0.9,0,none,10.0
1789892816.8862584,Firewall,13.0,0.0,41.28,0.0,-54.5,239.6,0.37,0.3,31.86,13.06,39.71,-54.52,-0.97,3.55,-0.6,0,none,10.0
1789892816.8888557,Firewall,13.13,0.0,41.52,0.0,-54.6,239.9,0.24,0.44,26.99,12.96,40.41,-54.58,-0.53,3.49,-0.3,0,none,10.0
1789892816.8914516,Firewall,13.02,0.0,42.32,0.0,-54.4,237.7,0.24,0.44,32.27,12.96,40.98,-54.54,0.03,2.82,0.2,0,none,10.0
1789892816.8942218,Firewall,13.09,0.0,41.81,0.0,-54.4,234.6,0.23,0.47,35.95,12.95,41.48,-54.54,-0.08,2.51,0.0,0,none,10.0
1789892816.8967724,Firewall,13.07,0.0,42.97,0.0,-54.6,233.5,0.05,0.61,35.27,13.06,41.98,-54.5,0.57,2.51,0.2,0,none,10.0
1789892816.8993304,Firewall,13.4,0.0,44.3,0.0,-55.0,233.2,0.13,0.65,36.11,13.14,42.58,-54.6,0.4,3.02,-0.5,0,none,10.0
1789892816.9019008,Firewall,13.91,0.0,45.24,0.0,-55.3,234.7,0.33,0.43,33.62,13.3,43.33,-54.74,0.78,3.72,-0.7,0,none,10.0
1789892816.904161,Firewall,13.47,0.0,44.67,0.0,-55.6,235.6,0.3,0.5,33.76,13.39,43.8,-54.98,0.45,2.35,-1.2,0,none,10.0
1789892816.906615,Firewall,13.45,0.0,45.93,0.0,-55.4,234.6,0.27,0.31,35.31,13.46,44.62,-55.18,0.36,4.12,-1.0,0,none,10.0
1789892816.9091127,Firewall,13.47,0.0,45.69,0.0,-55.1,232.0,0.19,0.57,32.68,13.54,45.17,-55.28,0.4,2.72,-0.5,0,none,10.0
1789892816.9117098,Firewall,13.89,0.0,45.81,0.0,-55.0,231.6,0.21,0.47,37.17,13.64,45.47,-55.28,0.49,1.51,0.0,0,none,10.0
1789892816.9142914,Firewall,13.46,0.0,46.23,0.0,-54.9,233.9,0.17,0.62,37.76,13.55,45.67,-55.2,-0.45,0.99,0.4,0,none,10.0
1789892816.9169333,Firewall,12.71,0.0,47.41,0.0,-54.8,231.5,0.38,0.66,38.42,13.4,46.21,-55.04,-0.76,2.74,0.8,0,none,10.0
1789892816.9191911,Firewall,13.38,0.0,47.3,0.0,-54.5,231.2,0.38,0.45,37.35,13.38,46.49,-54.86,-0.07,1.37,0.9,0,none,10.0
1789892816.9214582,Firewall,12.87,0.0,45.86,0.0,-54.5,234.3,0.43,0.55,42.99,13.26,46.52,-54.74,-0.6,0.17,0.6,0,none,10.0
1789892816.9240546,Firewall,12.96,0.0,44.97,0.0,-54.1,231.7,0.29,0.67,42.91,13.08,46.35,-54.56,-0.93,-0.84,0.9,0,none,10.0
1789892816.9265206,Firewall,12.81,0.0,44.3,0.0,-54.0,232.4,0.23,0.7,40.06,12.95,45.97,-54.38,-0.65,-1.93,0.9,0,none,10.0
1789892816.9292364,Firewall,13.03,0.0,44.96,0.0,-53.9,231.3,0.2,0.72,34.1,13.01,45.48,-54.2,0.32,-2.45,0.9,0,none,10.0
1789892816.9318368,Firewall,12.61,0.0,45.65,0.0,-54.1,234.0,0.14,0.74,34.16,12.86,45.15,-54.12,-0.77,-1.65,0.4,0,none,10.0
1789892816.9344764,Firewall,13.35,0.0,46.65,0.0,-53.8,236.1,0.25,0.48,36.6,12.95,45.31,-53.98,0.48,0.79,0.7,0,none,10.0
1789892816.9370835,Firewall,14.1,0.0,47.24,0.0,-54.1,233.0,0.52,0.37,30.71,13.18,45.76,-53.98,1.14,2.27,0.0,0,none,10.0
1789892816.9400592,Firewall,14.13,0.0,48.3,0.0,-54.0,233.9,0.6,0.3,35.12,13.44,46.56,-53.98,1.32,4.0,0.0,0,none,10.0
1789892816.9431274,Firewall,13.51,0.0,48.69,0.0,-53.7,232.1,0.56,0.45,36.98,13.54,47.31,-53.94,0.48,3.73,0.2,0,none,10.0
1789892816.9461713,Firewall,12.81,0.0,49.66,0.0,-53.7,229.3,0.5,0.58,31.57,13.58,48.11,-53.86,0.2,4.01,0.4,0,none,10.0
1789892816.9485724,Firewall,13.29,0.0,49.42,0.0,-54.0,229.0,0.5,0.37,35.53,13.57,48.66,-53.9,-0.06,2.77,-0.2,0,none,10.0
1789892816.9512637,Firewall,13.63,0.0,50.79,0.0,-53.9,230.7,0.43,0.59,38.37,13.47,49.37,-53.86,-0.47,3.55,0.2,0,none,10.0
1789892816.9537618,Firewall,13.6,0.0,49.37,0.0,-53.9,227.1,0.3,0.41,34.55,13.37,49.59,-53.84,-0.53,1.07,0.1,0,none,10.0
1789892816.9561422,Firewall,13.33,0.0,49.73,0.0,-53.9,230.5,0.29,0.27,37.17,13.33,49.79,-53.88,-0.18,1.04,-0.2,0,none,10.0
1789892816.9584787,Firewall,13.84,0.0,49.28,0.0,-54.3,233.2,0.2,0.33,36.26,13.54,49.72,-54.0,1.03,-0.38,-0.6,0,none,10.0
1789892816.961228,Firewall,13.27,0.0,47.82,0.0,-54.2,229.8,0.21,0.46,33.75,13.53,49.4,-54.04,-0.02,-1.6,-0.2,0,none,10.0
1789892816.9639766,Firewall,14.01,0.0,47.28,0.0,-54.6,233.6,0.28,0.63,39.43,13.61,48.7,-54.18,0.38,-3.51,-0.7,0,none,10.0
1789892816.9665663,Firewall,13.57,0.0,46.14,0.0,-54.7,234.6,0.29,0.78,37.38,13.6,48.05,-54.34,-0.03,-3.23,-0.8,0,none,10.0
1789892816.9691346,Firewall,13.22,0.0,45.74,0.0,-54.5,237.9,0.31,0.52,43.28,13.58,47.25,-54.46,-0.11,-3.99,-0.6,0,none,10.0
1789892816.9717126,Firewall,13.43,0.0,44.25,0.0,-54.6,234.7,0.28,0.65,47.85,13.5,46.25,-54.52,-0.41,-5.03,-0.3,0,none,10.0
1789892816.974381,Firewall,13.28,0.0,43.27,0.0,-54.5,230.9,0.28,0.53,48.04,13.5,45.34,-54.58,0.01,-4.55,-0.3,0,none,10.0
1789892816.9770641,Firewall,13.79,0.0,44.47,0.0,-54.9,232.2,0.2,0.56,49.94,13.46,44.77,-54.64,-0.22,-2.81,-0.3,0,none,10.0
1789892816.9798067,Firewall,13.27,0.0,45.28,0.0,-55.0,231.1,0.21,0.35,50.05,13.4,44.6,-54.7,-0.3,-0.86,-0.3,0,none,10.0
1789892816.9826558,Firewall,12.81,0.0,46.19,0.0,-54.9,230.7,0.31,0.28,54.2,13.32,44.69,-54.78,-0.41,0.45,-0.4,0,none,10.0
1789892816.9851549,Firewall,12.65,0.0,45.02,0.0,-54.6,227.8,0.4,0.23,57.67,13.16,44.85,-54.78,-0.78,0.77,0.0,0,none,10.0
1789892816.9877234,Firewall,12.22,0.0,45.25,0.0,-54.7,229.1,0.54,0.37,62.88,12.95,45.24,-54.82,-1.06,1.98,-0.2,0,none,10.0
1789892816.9903843,Firewall,11.83,0.0,46.48,0.0,-54.7,229.1,0.49,0.37,64.31,12.56,45.64,-54.78,-1.96,2.01,0.2,0,none,10.0
1789892816.9934182,Firewall,12.6,0.0,44.99,0.0,-54.9,225.7,0.35,0.25,68.24,12.42,45.59,-54.76,-0.67,-0.29,0.1,0,none,10.0
1789892816.9964585,Firewall,12.89,0.0,43.57,0.0,-54.9,228.5,0.37,0.17,70.12,12.44,45.06,-54.76,0.08,-2.62,0.0,0,none,10.0
1789892816.9994836,Firewall,12.13,0.0,43.52,0.0,-54.7,230.1,0.37,0.34,69.68,12.33,44.76,-54.78,-0.52,-1.5,-0.1,0,none,10.0
1789892817.0025136,Firewall,11.35,0.0,44.32,0.0,-54.4,227.6,0.54,0.57,65.77,12.16,44.58,-54.72,-0.87,-0.93,0.3,0,none,10.0
1789892817.0055094,Firewall,11.29,0.0,43.96,0.0,-54.3,228.6,0.64,0.5,63.02,12.05,44.07,-54.64,-0.54,-2.52,0.4,0,none,10.0
1789892817.0082238,Firewall,10.7,0.0,42.92,0.0,-54.4,230.7,0.76,0.38,63.79,11.67,43.66,-54.54,-1.9,-2.07,0.5,0,none,10.0
1789892817.0108562,Firewall,11.14,0.0,41.83,0.0,-54.0,233.0,0.47,0.48,60.53,11.32,43.31,-54.36,-1.75,-1.74,0.9,0,none,10.0
1789892817.0132582,Firewall,11.42,0.0,43.12,0.0,-54.3,232.7,0.26,0.67,65.75,11.18,43.23,-54.28,-0.71,-0.4,0.4,0,none,10.0
1789892817.0161371,Firewall,11.99,0.0,42.22,0.0,-54.2,234.1,0.42,0.77,62.44,11.31,42.81,-54.24,0.64,-2.1,0.2,0,none,10.0
1789892817.0183854,Firewall,12.73,0.0,42.49,0.0,-54.3,233.2,0.71,0.5,59.45,11.6,42.52,-54.24,1.44,-1.47,0.0,0,none,10.0
1789892817.0211775,Firewall,13.32,0.0,41.16,0.0,-54.1,234.4,0.81,0.47,59.73,12.12,42.16,-54.18,2.62,-1.76,0.3,0,none,10.0
1789892817.0239828,Firewall,13.91,0.0,39.86,0.0,-53.7,235.7,0.89,0.65,63.14,12.67,41.77,-54.12,2.77,-1.97,0.3,0,none,10.0
1789892817.0267801,Firewall,14.38,0.0,40.44,0.0,-53.3,234.7,0.85,0.54,60.28,13.27,41.23,-53.92,2.96,-2.68,1.0,0,none,10.0
1789892817.0296192,Firewall,14.35,0.0,41.91,0.0,-53.7,231.3,0.63,0.67,64.6,13.74,41.17,-53.82,2.36,-0.31,0.5,0,none,10.0
1789892817.0325055,Firewall,15.03,0.0,41.99,0.0,-54.0,229.8,0.56,0.61,66.9,14.2,41.07,-53.76,2.3,-0.5,0.3,0,none,10.0
1789892817.0353408,Firewall,15.04,0.0,43.12,0.0,-53.8,225.9,0.43,0.74,68.5,14.54,41.46,-53.7,1.72,1.96,0.3,0,none,10.0
1789892817.0378635,Firewall,15.14,0.0,42.29,0.0,-53.8,227.9,0.34,0.45,66.17,14.79,41.95,-53.72,1.23,2.43,-0.1,0,none,10.0
1789892817.0403862,Firewall,15.37,0.0,42.37,0.0,-53.8,227.2,0.34,0.28,64.04,14.99,42.34,-53.82,0.99,1.93,-0.5,0,none,10.0
1789892817.0429072,Firewall,16.08,0.0,40.97,0.0,-53.5,225.6,0.39,0.49,63.77,15.33,42.15,-53.78,1.73,-0.94,0.2,0,none,10.0
1789892817.045425,Firewall,15.35,0.0,40.71,0.0,-53.5,226.4,0.36,0.66,61.66,15.4,41.89,-53.68,0.32,-1.28,0.5,0,none,10.0
1789892817.0479853,Firewall,14.65,0.0,41.49,0.0,-53.6,229.5,0.46,0.61,66.15,15.32,41.57,-53.64,-0.39,-1.63,0.2,0,none,10.0
1789892817.0507607,Firewall,14.99,0.0,42.04,0.0,-53.7,230.5,0.48,0.46,65.51,15.29,41.52,-53.62,-0.15,-0.25,0.1,0,none,10.0
1789892817.0533104,Firewall,14.45,0.0,42.5,0.0,-53.4,226.9,0.57,0.43,63.48,15.1,41.54,-53.54,-0.92,0.13,0.4,0,none,10.0
1789892817.0559306,Firewall,14.36,0.0,43.29,0.0,-53.1,230.1,0.37,0.39,61.54,14.76,42.01,-53.46,-1.72,2.32,0.4,0,none,10.0
1789892817.0585318,Firewall,15.01,0.0,44.18,0.0,-53.5,228.7,0.27,0.28,61.21,14.69,42.7,-53.46,-0.34,3.47,0.0,0,none,10.0
1789892817.061177,Firewall,15.34,0.0,42.95,0.0,-53.3,227.8,0.37,0.34,62.05,14.83,42.99,-53.4,0.69,1.46,0.3,0,none,10.0
1789892817.0639226,Firewall,15.21,0.0,43.12,0.0,-53.7,230.4,0.4,0.36,62.34,14.87,43.21,-53.4,0.22,1.08,0.0,0,none,10.0
1789892817.0667014,Firewall,15.73,0.0,42.59,0.0,-54.1,230.8,0.45,0.3,58.14,15.13,43.23,-53.54,1.28,0.09,-0.7,0,none,10.0
1789892817.0691535,Firewall,15.97,0.0,42.19,0.0,-54.4,228.3,0.35,0.56,54.39,15.45,43.01,-53.8,1.61,-1.1,-1.3,0,none,10.0
1789892817.0717545,Firewall,16.17,0.0,42.83,0.0,-54.1,229.4,0.36,0.71,55.59,15.68,42.74,-53.92,1.16,-1.35,-0.6,0,none,10.0
1789892817.0743673,Firewall,16.11,0.0,43.31,0.0,-54.2,229.1,0.35,0.43,50.55,15.84,42.81,-54.1,0.77,0.36,-0.9,0,none,10.0
1789892817.0769765,Firewall,15.37,0.0,44.46,0.0,-54.0,230.7,0.29,0.4,49.41,15.87,43.08,-54.16,0.16,1.34,-0.3,0,none,10.0
1789892817.0799336,Firewall,15.25,0.0,44.54,0.0,-53.9,228.4,0.38,0.59,47.13,15.77,43.47,-54.12,-0.48,1.95,0.2,0,none,10.0
1789892817.0827074,Firewall,14.56,0.0,45.07,0.0,-53.6,229.9,0.59,0.63,48.52,15.49,44.04,-53.96,-1.41,2.88,0.8,0,none,10.0
1789892817.0852513,Firewall,13.79,0.0,44.8,0.0,-53.7,231.3,0.79,0.4,47.88,15.02,44.44,-53.88,-2.38,1.97,0.4,0,none,10.0
1789892817.0878584,Firewall,13.58,0.0,43.64,0.0,-53.4,227.6,0.73,0.26,53.5,14.51,44.5,-53.72,-2.53,0.33,0.8,0,none,10.0
1789892817.090476,Firewall,13.74,0.0,43.82,0.0,-53.4,224.3,0.63,0.33,56.02,14.18,44.37,-53.6,-1.63,-0.64,0.6,0,none,10.0
1789892817.093162,Firewall,14.04,0.0,43.16,0.0,-53.4,223.1,0.34,0.2,59.82,13.94,44.1,-53.5,-1.21,-1.38,0.5,0,none,10.0
1789892817.095974,Firewall,13.8,0.0,41.93,0.0,-53.3,220.9,0.15,0.51,55.01,13.79,43.47,-53.44,-0.76,-3.14,0.3,0,none,10.0
1789892817.0988603,Firewall,13.45,0.0,42.13,0.0,-53.6,224.3,0.2,0.54,56.36,13.72,42.94,-53.42,-0.34,-2.67,0.1,0,none,10.0
1789892817.101481,Firewall,14.1,0.0,41.17,0.0,-53.6,227.2,0.23,0.65,56.62,13.83,42.44,-53.46,0.52,-2.47,-0.2,0,none,10.0
1789892817.1040788,Firewall,13.65,0.0,40.82,0.0,-53.5,228.6,0.24,0.66,60.36,13.81,41.84,-53.48,-0.09,-3.0,-0.1,0,none,10.0
1789892817.1067219,Firewall,13.58,0.0,41.67,0.0,-53.7,227.3,0.22,0.73,58.89,13.72,41.54,-53.54,-0.46,-1.49,-0.3,0,none,10.0
1789892817.1094372,Firewall,13.54,0.0,42.49,0.0,-54.0,224.8,0.23,0.6,53.83,13.66,41.66,-53.68,-0.26,0.56,-0.7,0,none,10.0
1789892817.1118772,Firewall,14.17,0.0,9999.0,12.5,-53.9,228.6,0.27,0.49,59.2,13.81,2033.03,-53.74,0.72,9956.87,-0.3,1,dns_outage,0.0
1789892817.1148117,Firewall,13.45,0.0,9999.0,25.0,-53.8,231.5,0.25,0.64,61.9,13.68,4024.6,-53.78,-0.65,9957.83,-0.2,1,dns_outage,0.0
1789892817.1174464,Firewall,13.31,0.0,1548.11,25.0,-54.0,229.2,0.29,0.72,60.05,13.61,4326.05,-53.88,-0.34,1507.29,-0.5,1,dns_outage,0.0
1789892817.120082,Firewall,12.53,0.0,2201.84,25.0,-53.8,227.5,0.53,0.48,54.64,13.4,4758.09,-53.9,-1.05,2160.17,-0.1,1,dns_outage,0.0
1789892817.122799,Firewall,12.39,0.0,1630.92,25.0,-53.9,230.1,0.65,0.41,58.87,13.17,5075.77,-53.88,-1.15,1588.43,0.1,1,dns_outage,0.0
1789892817.1254566,Firewall,11.95,0.0,9999.0,37.5,-53.6,232.8,0.57,0.36,61.01,12.73,5075.77,-53.82,-2.22,0.0,0.3,1,dns_outage,0.0
1789892817.1282606,Firewall,11.23,0.0,2197.16,37.5,-53.9,232.3,0.69,0.32,59.19,12.28,3515.41,-53.84,-2.22,-7801.84,-0.1,1,dns_outage,0.0
1789892817.1306243,Firewall,10.89,0.0,1464.36,37.5,-54.2,236.1,0.64,0.3,59.41,11.8,3498.66,-53.88,-2.42,-83.75,-0.2,1,dns_outage,0.0
1789892817.1332574,Firewall,10.33,0.0,9999.0,37.5,-53.9,235.0,0.74,0.32,57.81,11.36,5058.09,-53.9,-2.2,7797.16,-0.1,1,dns_outage,0.0
1789892817.1357667,Firewall,10.29,0.0,1916.35,25.0,-53.6,237.4,0.62,0.43,51.85,10.94,5115.17,-53.84,-2.1,285.43,0.3,1,dns_outage,0.0
1789892817.138271,Firewall,10.06,0.0,9999.0,37.5,-53.7,237.7,0.43,0.6,54.0,10.56,5115.17,-53.86,-1.89,0.0,-0.1,1,,0.0
1789892817.1407049,Firewall,10.55,0.0,1918.12,37.5,-53.4,240.8,0.28,0.74,50.9,10.42,5059.37,-53.76,-0.68,-279.04,0.5,1,none,0.2
1789892817.1431353,Firewall,10.24,0.0,1919.1,37.5,-53.3,238.8,0.16,0.66,45.24,10.29,5150.31,-53.58,-0.65,454.74,0.9,0,none,10.0
1789892817.1457915,Firewall,10.65,0.0,9999.0,37.5,-53.0,237.0,0.21,0.61,45.62,10.36,5150.31,-53.4,0.32,0.0,0.9,1,dns_outage,0.0
1789892817.1485174,Firewall,10.72,0.0,9999.0,50.0,-53.0,235.9,0.25,0.62,47.33,10.44,6766.84,-53.28,0.43,8082.65,0.6,1,dns_outage,0.0
1789892817.1511607,Firewall,10.01,0.0,9999.0,62.5,-53.3,231.9,0.27,0.66,43.54,10.43,6766.84,-53.2,-0.05,0.0,0.4,1,dns_outage,0.0
1789892817.1539578,Firewall,10.52,0.0,9999.0,62.5,-53.4,232.4,0.27,0.43,39.95,10.43,8383.02,-53.2,-0.03,8080.88,0.0,1,dns_outage,0.0
1789892817.1566,Firewall,10.32,0.0,9999.0,75.0,-53.5,234.0,0.26,0.33,36.43,10.44,9999.0,-53.24,0.08,8079.9,-0.2,1,dns_outage,0.0
1789892817.159416,Firewall,10.87,0.0,1696.85,62.5,-53.3,233.0,0.3,0.32,40.73,10.49,8338.57,-53.3,0.22,-8302.15,-0.3,1,dns_outage,0.0
1789892817.1618834,Firewall,10.09,0.0,9999.0,75.0,-53.5,233.2,0.31,0.59,37.3,10.36,8338.57,-53.4,-0.63,0.0,-0.5,1,dns_outage,0.0
1789892817.1645398,Firewall,9.55,0.0,1322.53,75.0,-53.3,229.3,0.44,0.62,43.0,10.27,6603.28,-53.4,-0.46,-8676.47,0.0,1,dns_outage,0.0
1789892817.1671836,Firewall,9.6,0.0,9999.0,75.0,-53.7,226.1,0.49,0.5,46.76,10.09,6603.28,-53.46,-0.92,0.0,-0.3,1,dns_outage,0.0
1789892817.1698363,Firewall,10.16,0.0,1892.43,62.5,-53.9,229.6,0.48,0.43,48.42,10.05,4981.96,-53.54,-0.16,-8106.57,-0.4,1,dns_outage,0.0
1789892817.1725516,Firewall,9.42,0.0,9999.0,62.5,-53.6,233.6,0.3,0.41,48.25,9.76,6642.39,-53.6,-1.45,8302.15,-0.3,1,dns_outage,0.0
1789892817.1751316,Firewall,8.65,0.0,9999.0,62.5,-53.3,229.7,0.48,0.53,52.76,9.48,6642.39,-53.56,-1.44,0.0,0.2,1,,0.0
1789892817.1776838,Firewall,8.05,0.0,1912.05,50.0,-53.3,229.2,0.74,0.5,52.9,9.18,6760.3,-53.56,-1.5,589.52,0.0,1,none,1.5
1789892817.1801002,Firewall,7.79,0.0,1913.04,50.0,-53.4,230.9,0.88,0.32,51.59,8.81,5143.1,-53.5,-1.81,-8085.96,0.3,1,none,1.33
1789892817.1828508,Firewall,7.02,0.0,1913.6,37.5,-53.7,231.1,0.81,0.37,46.66,8.19,5147.34,-53.46,-3.14,21.17,0.2,1,none,1.17
1789892817.185623,Firewall,6.93,0.0,1912.77,37.5,-53.9,231.9,0.64,0.34,45.99,7.69,3530.09,-53.52,-2.49,-8086.23,-0.3,1,none,1.0
1789892817.1884725,Firewall,6.8,0.0,1913.92,25.0,-54.3,229.4,0.5,0.27,49.59,7.32,1913.08,-53.72,-1.85,-8085.08,-1.0,1,none,0.83
1789892817.1913733,Firewall,6.56,0.0,1914.18,25.0,-54.3,232.5,0.41,0.45,51.4,7.02,1913.5,-53.92,-1.49,2.13,-1.0,1,none,0.67
1789892817.1941338,Firewall,6.55,0.0,1914.71,12.5,-54.5,234.6,0.19,0.48,54.02,6.77,1913.84,-54.14,-1.24,1.67,-1.1,1,none,0.5
1789892817.1967351,Firewall,6.14,0.0,1914.58,0.0,-54.5,233.2,0.27,0.63,56.91,6.6,1914.03,-54.3,-0.88,0.98,-0.8,1,none,0.33
1789892817.1993194,Firewall,6.3,0.0,1915.63,0.0,-54.1,229.4,0.23,0.44,53.86,6.47,1914.6,-54.34,-0.63,2.86,-0.2,1,none,0.2
1789892817.201906,Firewall,6.83,0.0,1916.13,0.0,-53.9,230.4,0.23,0.45,59.65,6.48,1915.05,-54.26,0.03,2.21,0.4,1,none,0.2
1789892817.20449,Firewall,6.89,0.0,1915.05,0.0,-54.1,232.2,0.29,0.3,65.02,6.54,1915.22,-54.22,0.33,0.87,0.2,0,none,10.0
1789892817.2072606,Firewall,7.13,0.0,1915.11,0.0,-54.1,230.9,0.37,0.21,64.13,6.66,1915.3,-54.14,0.58,0.4,0.4,0,none,10.0
1789892817.2101097,Firewall,7.65,0.0,1916.07,0.0,-53.8,228.4,0.44,0.53,65.15,6.96,1915.6,-54.0,1.51,1.49,0.7,0,none,10.0
1789892817.2128274,Firewall,8.43,0.0,1915.75,0.0,-54.1,226.7,0.6,0.37,68.94,7.39,1915.62,-54.0,2.13,0.12,0.0,0,none,10.0
1789892817.215525,Firewall,8.26,0.0,1914.57,0.0,-54.2,223.4,0.6,0.4,70.8,7.67,1915.31,-54.06,1.43,-1.56,-0.3,0,none,10.0
1789892817.2182796,Firewall,7.69,0.0,1914.74,0.0,-54.2,220.6,0.46,0.34,67.1,7.83,1915.25,-54.08,0.8,-0.31,-0.1,0,none,10.0
1789892817.2211502,Firewall,7.64,0.0,1913.63,0.0,-53.8,219.6,0.34,0.3,63.42,7.93,1914.95,-54.02,0.51,-1.48,0.3,0,none,10.0
1789892817.2235835,Firewall,8.32,0.0,1912.45,0.0,-53.6,223.5,0.33,0.32,59.77,8.07,1914.23,-53.98,0.67,-3.62,0.2,0,none,10.0
1789892817.2262208,Firewall,8.01,0.0,1913.42,0.0,-53.3,223.1,0.28,0.42,57.48,7.98,1913.76,-53.82,-0.42,-2.33,0.8,0,none,10.0
1789892817.228861,Firewall,7.99,0.0,1914.12,0.0,-53.2,226.2,0.25,0.28,58.67,7.93,1913.67,-53.62,-0.27,-0.45,1.0,0,none,10.0
1789892817.2314644,Firewall,7.56,0.0,1915.43,0.0,-53.1,222.3,0.28,0.44,60.74,7.9,1913.81,-53.4,-0.13,0.69,1.1,0,none,10.0
1789892817.2341077,Firewall,8.0,0.0,1916.15,0.0,-53.1,225.1,0.24,0.43,61.5,7.98,1914.31,-53.26,0.36,2.52,0.7,0,none,10.0
1789892817.2369614,Firewall,7.61,0.0,1916.69,0.0,-53.3,221.9,0.21,0.63,64.35,7.83,1915.16,-53.2,-0.71,4.24,0.3,0,none,10.0
1789892817.2395787,Firewall,8.15,0.0,1918.08,0.0,-53.2,218.9,0.23,0.78,59.98,7.86,1916.09,-53.18,0.14,4.66,0.1,0,none,10.0
1789892817.2424338,Firewall,8.56,0.0,1919.24,0.0,-52.9,222.9,0.37,0.82,54.52,7.98,1917.12,-53.12,0.57,5.12,0.3,0,none,10.0
1789892817.2454286,Firewall,8.49,0.0,1918.48,0.0,-53.2,222.6,0.34,0.65,59.08,8.16,1917.73,-53.14,0.93,3.05,-0.1,0,none,10.0
1789892817.2485158,Firewall,8.92,0.0,1917.36,0.0,-52.9,219.2,0.44,0.71,64.35,8.35,1917.97,-53.1,0.92,1.21,0.2,0,none,10.0
1789892817.2515297,Firewall,9.42,0.0,1916.21,0.0,-52.7,219.1,0.43,0.75,67.48,8.71,1917.87,-52.98,1.81,-0.48,0.6,0,none,10.0
1789892817.2544892,Firewall,9.83,0.0,1914.9,0.0,-53.1,218.6,0.51,0.56,67.47,9.04,1917.24,-52.96,1.68,-3.18,0.1,0,none,10.0
1789892817.2574363,Firewall,10.22,0.0,1916.02,0.0,-53.0,218.3,0.62,0.64,68.32,9.38,1916.59,-52.98,1.66,-3.22,-0.1,0,none,10.0
1789892817.2599845,Firewall,10.03,0.0,1916.35,0.0,-53.0,215.3,0.46,0.56,63.58,9.68,1916.17,-52.94,1.54,-2.13,0.2,0,none,10.0
1789892817.2625768,Firewall,10.59,0.0,1915.81,0.0,-52.7,213.9,0.39,0.47,68.05,10.02,1915.86,-52.9,1.67,-1.55,0.2,0,none,10.0
1789892817.2655084,Firewall,10.39,0.0,1915.26,0.0,-52.5,211.8,0.27,0.44,64.22,10.21,1915.67,-52.86,0.97,-0.95,0.2,0,none,10.0
1789892817.26818,Firewall,10.22,0.0,1914.02,0.0,-52.8,212.1,0.19,0.5,63.54,10.29,1915.49,-52.8,0.39,-0.88,0.3,0,none,10.0
1789892817.2709298,Firewall,10.29,0.0,1913.65,0.0,-52.8,210.0,0.19,0.44,68.56,10.3,1915.02,-52.76,0.07,-2.37,0.2,0,none,10.0
1789892817.273627,Firewall,11.09,0.0,1913.29,0.0,-52.9,212.9,0.31,0.61,73.4,10.52,1914.41,-52.74,1.06,-3.06,0.1,0,none,10.0
1789892817.2763813,Firewall,11.39,0.0,1912.81,0.0,-53.0,209.3,0.47,0.68,75.36,10.68,1913.81,-52.8,0.8,-3.0,-0.3,0,none,10.0
1789892817.2792895,Firewall,10.99,0.0,1911.46,0.0,-52.9,212.8,0.46,0.53,79.91,10.8,1913.05,-52.88,0.6,-3.8,-0.4,0,none,10.0
1789892817.281825,Firewall,11.54,0.0,1910.67,0.0,-53.2,211.4,0.43,0.58,79.9,11.06,1912.38,-52.96,1.32,-3.35,-0.4,0,none,10.0
1789892817.284449,Firewall,11.72,0.0,1911.11,0.0,-53.4,214.6,0.27,0.55,78.64,11.35,1911.87,-53.08,1.43,-2.54,-0.6,0,none,10.0
1789892817.2869866,Firewall,11.63,0.0,1911.76,0.0,-53.8,215.1,0.26,0.67,81.86,11.45,1911.56,-53.26,0.54,-1.53,-0.9,0,none,10.0
1789892817.2901125,Firewall,11.0,0.0,1912.08,0.0,-53.7,213.3,0.32,0.41,77.31,11.38,1911.42,-53.4,-0.39,-0.73,-0.7,0,none,10.0
1789892817.2931376,Firewall,10.86,0.0,1912.89,0.0,-53.8,216.3,0.35,0.4,72.27,11.35,1911.7,-53.58,-0.13,1.43,-0.9,0,none,10.0
1789892817.2958822,Firewall,10.78,0.0,1911.92,0.0,-53.7,218.8,0.4,0.52,71.7,11.2,1911.95,-53.68,-0.76,1.25,-0.5,0,none,10.0
1789892817.2987804,Firewall,10.28,0.0,1913.37,0.0,-53.3,219.9,0.44,0.69,70.55,10.91,1912.4,-53.66,-1.44,2.26,0.1,0,none,10.0
1789892817.301654,Firewall,10.23,0.0,1913.36,0.0,-53.2,220.7,0.32,0.45,72.22,10.63,1912.72,-53.54,-1.4,1.6,0.6,0,none,10.0
1789892817.3044357,Firewall,9.45,0.0,1912.02,0.0,-53.4,223.5,0.51,0.36,75.86,10.32,1912.71,-53.48,-1.55,-0.06,0.3,0,none,10.0
1789892817.3069885,Firewall,9.09,0.0,1911.83,0.0,-53.1,222.4,0.61,0.47,80.29,9.97,1912.5,-53.34,-1.77,-1.06,0.7,0,none,10.0
1789892817.3096056,Firewall,9.29,0.0,1910.75,0.0,-53.0,226.3,0.49,0.35,78.32,9.67,1912.27,-53.2,-1.49,-1.17,0.7,0,none,10.0
1789892817.3125446,Firewall,9.88,0.0,1911.36,0.0,-53.1,226.7,0.41,0.31,78.06,9.59,1911.86,-53.16,-0.4,-2.01,0.2,0,none,10.0
1789892817.3150842,Firewall,9.89,0.0,1909.88,0.0,-53.5,225.5,0.32,0.36,76.29,9.52,1911.17,-53.22,-0.34,-3.48,-0.3,0,none,10.0
1789892817.3173766,Firewall,9.47,0.0,1908.9,0.0,-53.5,224.6,0.32,0.6,71.41,9.52,1910.54,-53.24,0.02,-3.12,-0.1,0,none,10.0
1789892817.3199215,Firewall,9.15,0.0,1910.11,0.0,-53.6,223.1,0.3,0.69,73.85,9.54,1910.2,-53.34,0.06,-1.72,-0.5,0,none,10.0
1789892817.322563,Firewall,8.6,0.0,1911.12,0.0,-53.9,222.8,0.48,0.75,71.95,9.4,1910.27,-53.52,-0.69,0.37,-0.9,0,none,10.0
1789892817.3253753,Firewall,8.84,0.0,1912.26,0.0,-53.6,224.6,0.46,0.73,75.72,9.19,1910.45,-53.62,-1.04,0.9,-0.5,0,none,10.0
1789892817.3279777,Firewall,8.17,0.0,1912.0,0.0,-53.6,222.4,0.45,0.69,71.29,8.85,1910.88,-53.64,-1.72,2.12,-0.1,0,none,10.0
1789892817.331176,Firewall,8.72,0.0,1911.53,0.0,-53.2,221.0,0.32,0.67,74.15,8.7,1911.4,-53.58,-0.75,2.63,0.3,0,none,10.0
1789892817.3339422,Firewall,8.02,0.0,1912.55,0.0,-53.2,217.0,0.32,0.78,79.04,8.47,1911.89,-53.5,-1.13,2.44,0.4,0,none,10.0
1789892817.336649,Firewall,7.34,0.0,1911.57,0.0,-53.5,214.6,0.54,0.67,81.84,8.22,1911.98,-53.42,-1.26,0.45,0.4,0,none,10.0
1789892817.339238,Firewall,7.68,0.0,1912.3,0.0,-53.6,212.2,0.47,0.55,83.84,7.99,1911.99,-53.42,-1.16,0.04,0.0,0,none,10.0
1789892817.341825,Firewall,8.21,0.0,1910.91,0.0,-53.8,214.8,0.47,0.38,84.3,7.99,1911.77,-53.46,0.04,-1.09,-0.2,0,none,10.0
1789892817.3449066,Firewall,7.56,0.0,1911.27,0.0,-53.7,215.6,0.31,0.53,80.25,7.76,1911.72,-53.56,-1.16,-0.26,-0.5,0,none,10.0
1789892817.3476043,Firewall,7.65,0.0,1912.72,0.0,-53.9,219.0,0.29,0.49,84.35,7.69,1911.75,-53.7,-0.37,0.17,-0.7,0,none,10.0
1789892817.3501709,Firewall,19.0,0.0,2065.54,0.0,-53.6,217.1,4.5,0.7,390.4,10.02,1942.55,-53.72,11.66,153.97,-0.1,1,traffic_overload,0.0
1789892817.3531182,Firewall,32.95,0.0,2140.99,0.0,-53.3,215.4,9.94,0.45,901.16,15.07,1988.29,-53.66,25.27,228.69,0.3,1,traffic_overload,0.0
1789892817.3561423,Firewall,61.02,0.0,2192.5,0.0,-53.6,212.5,20.0,0.38,1257.83,25.64,2044.6,-53.62,52.81,281.59,0.2,1,traffic_overload,0.0
1789892817.3591394,Firewall,78.12,0.0,2274.97,0.0,-53.6,216.1,26.2,0.31,1737.09,39.75,2117.34,-53.6,70.56,363.7,0.1,1,traffic_overload,0.0
1789892817.361942,Firewall,92.92,0.0,2329.46,0.0,-53.7,219.7,27.48,0.46,2034.28,56.8,2200.69,-53.56,85.27,416.74,0.2,1,traffic_overload,0.0
1789892817.3648722,Firewall,126.63,0.0,2496.2,0.0,-53.8,223.1,31.32,0.33,2407.62,78.33,2286.82,-53.6,107.63,430.66,-0.2,1,traffic_overload,0.0
1789892817.367581,Firewall,158.7,0.0,2537.88,0.0,-53.8,221.3,35.05,0.36,2735.83,103.48,2366.2,-53.7,125.75,396.89,-0.5,1,traffic_overload,0.0
1789892817.3702152,Firewall,190.11,0.0,2631.89,0.0,-53.9,224.8,41.26,0.4,3000.31,129.3,2454.08,-53.76,129.09,439.39,-0.3,1,traffic_overload,0.0
1789892817.3728175,Firewall,224.38,0.0,2723.73,0.0,-53.6,227.6,46.16,0.35,3460.33,158.55,2543.83,-53.76,146.26,448.76,0.0,1,traffic_overload,0.0
1789892817.375426,Firewall,260.17,0.0,2822.38,0.0,-53.3,224.1,47.08,0.34,3973.96,192.0,2642.42,-53.68,167.25,492.92,0.4,1,traffic_overload,0.0
1789892817.3780746,Firewall,279.67,0.0,2969.0,0.0,-53.5,224.4,44.29,0.3,4427.06,222.61,2736.98,-53.62,153.04,472.8,0.3,1,traffic_overload,0.0
1789892817.3809783,Firewall,305.54,0.0,3028.95,0.0,-53.4,225.4,40.72,0.29,4932.06,251.97,2835.19,-53.54,146.84,491.07,0.4,1,traffic_overload,0.0
1789892817.383623,Firewall,334.79,0.0,3122.69,0.0,-53.3,222.6,37.78,0.53,5294.53,280.91,2933.35,-53.42,144.68,490.8,0.6,1,,0.0
1789892817.3862479,Firewall,334.76,0.0,3123.46,0.0,-53.0,223.5,29.68,0.59,5300.13,302.99,3013.3,-53.3,110.38,399.73,0.6,1,none,1.0
1789892817.3888838,Firewall,334.14,0.0,3124.12,0.0,-53.2,223.0,22.12,0.72,5294.26,317.78,3073.64,-53.28,73.97,301.74,0.1,1,none,0.83
1789892817.3914957,Firewall,334.17,0.0,3124.64,0.0,-53.0,221.9,11.57,0.62,5296.84,328.68,3104.77,-53.18,54.5,155.64,0.5,1,none,0.67
1789892817.3942158,Firewall,333.54,0.0,3126.01,0.0,-53.1,223.2,0.46,0.4,5302.26,334.28,3124.18,-53.12,28.0,97.06,0.3,1,none,0.5
1789892817.3972754,Firewall,333.26,0.0,3126.42,0.0,-53.4,221.2,0.52,0.45,5298.32,333.97,3124.93,-53.14,-1.53,3.73,-0.1,1,none,0.33
1789892817.399795,Firewall,332.63,0.0,3126.28,0.0,-53.6,220.8,0.58,0.36,5299.67,333.55,3125.49,-53.26,-2.13,2.82,-0.6,1,none,0.2
1789892817.4023235,Firewall,333.14,0.0,3127.02,0.0,-53.8,219.0,0.5,0.22,5302.43,333.35,3126.07,-53.38,-1.0,2.9,-0.6,1,none,0.2
1789892817.404842,Firewall,332.61,0.0,3125.72,0.0,-53.7,221.4,0.36,0.2,5304.5,333.04,3126.29,-53.52,-1.56,1.08,-0.7,0,none,10.0
1789892817.4075842,Firewall,332.3,0.0,3126.41,0.0,-53.3,219.0,0.36,0.51,5305.79,332.79,3126.37,-53.56,-1.24,0.4,-0.2,0,none,10.0
1789892817.4100876,Firewall,331.75,0.0,3127.3,0.0,-53.0,221.4,0.45,0.66,5300.96,332.49,3126.55,-53.48,-1.51,0.88,0.4,0,none,10.0
1789892817.4124045,Firewall,331.62,0.0,3128.5,0.0,-53.1,221.7,0.56,0.74,5297.7,332.28,3126.99,-53.38,-1.01,2.22,0.5,0,none,10.0
1789892817.4147658,Firewall,332.06,0.0,3128.48,0.0,-53.5,223.7,0.36,0.68,5294.45,332.07,3127.28,-53.32,-1.08,1.46,0.3,0,none,10.0
1789892817.4177837,Firewall,332.24,0.0,3129.14,0.0,-53.1,220.7,0.27,0.45,5296.13,331.99,3127.97,-53.2,-0.37,3.42,0.6,0,none,10.0
1789892817.4204106,Firewall,332.12,0.0,3128.76,0.0,-52.8,222.0,0.23,0.65,5297.54,331.96,3128.44,-53.1,-0.18,2.35,0.5,0,none,10.0
1789892817.422833,Firewall,332.66,0.0,3128.73,0.0,-53.0,221.8,0.33,0.44,5301.64,332.14,3128.72,-53.1,0.91,1.43,0.0,0,none,10.0
1789892817.4255247,Firewall,332.28,0.0,3128.27,0.0,-52.8,223.3,0.21,0.41,5298.78,332.27,3128.68,-53.04,0.66,-0.23,0.3,0,none,10.0
1789892817.427816,Firewall,332.32,0.0,3126.92,0.0,-52.7,227.2,0.18,0.25,5295.0,332.32,3128.36,-52.88,0.26,-1.56,0.8,0,none,10.0
1789892817.4299948,Firewall,331.59,0.0,3127.08,0.0,-53.0,227.2,0.35,0.45,5298.94,332.19,3127.95,-52.86,-0.65,-2.06,0.1,0,none,10.0
1789892817.4323542,Firewall,331.85,0.0,3125.81,0.0,-52.9,227.8,0.38,0.63,5299.93,332.14,3127.36,-52.88,-0.27,-2.95,-0.1,0,none,10.0
1789892817.435005,Firewall,332.63,0.0,3124.43,0.0,-52.8,231.1,0.37,0.57,5301.58,332.13,3126.5,-52.84,-0.03,-4.3,0.2,0,none,10.0
1789892817.4371598,Firewall,332.85,0.0,3124.52,0.0,-52.4,230.5,0.47,0.64,5301.0,332.25,3125.75,-52.76,0.57,-3.75,0.4,0,none,10.0
1789892817.4398036,Firewall,333.18,0.0,3124.92,0.0,-52.4,229.4,0.6,0.46,5302.26,332.42,3125.35,-52.7,0.86,-2.0,0.3,0,none,10.0
1789892817.442128,Firewall,333.17,0.0,3124.31,0.0,-52.6,229.4,0.49,0.29,5301.87,332.74,3124.8,-52.62,1.58,-2.77,0.4,0,none,10.0
1789892817.444824,Firewall,333.06,0.0,3123.42,0.0,-52.6,228.7,0.21,0.28,5298.41,332.98,3124.32,-52.56,1.21,-2.39,0.3,0,none,10.0
1789892817.4474666,Firewall,333.62,0.0,3123.01,0.0,-52.5,227.5,0.25,0.29,5295.93,333.18,3124.04,-52.5,0.99,-1.42,0.3,0,none,10.0
1789892817.4501266,Firewall,333.05,0.0,3122.91,0.0,-52.2,231.1,0.21,0.49,5298.91,333.22,3123.71,-52.46,0.2,-1.61,0.2,0,none,10.0
1789892817.4523876,Firewall,333.2,0.0,3123.6,0.0,-51.9,233.7,0.21,0.6,5298.44,333.22,3123.45,-52.36,0.02,-1.32,0.5,0,none,10.0
1789892817.454849,Firewall,333.21,0.0,3122.99,0.0,-51.8,230.6,0.21,0.38,5302.12,333.23,3123.19,-52.2,0.04,-1.32,0.8,0,none,10.0
1789892817.4575145,Firewall,332.53,0.0,3122.68,0.0,-51.8,228.5,0.35,0.58,5301.7,333.12,3123.04,-52.04,-0.53,-0.74,0.8,0,none,10.0
1789892817.4600723,Firewall,331.94,0.0,3121.95,0.0,-52.2,227.3,0.49,0.65,5307.38,332.79,3122.83,-51.98,-1.68,-1.06,0.3,0,none,10.0
1789892817.4626544,Firewall,332.18,0.0,3122.88,0.0,-52.2,227.8,0.52,0.59,5308.86,332.61,3122.82,-51.98,-0.87,-0.03,0.0,0,none,10.0
1789892817.4651954,Firewall,331.73,0.0,3122.67,0.0,-52.2,229.8,0.52,0.56,5312.36,332.32,3122.63,-52.04,-1.47,-0.93,-0.3,0,none,10.0
1789892817.4677145,Firewall,332.35,0.0,3122.67,0.0,-52.6,227.7,0.29,0.41,5311.0,332.15,3122.57,-52.2,-0.86,-0.32,-0.8,0,none,10.0
1789892817.4700787,Firewall,332.18,0.0,3122.32,0.0,-52.5,224.7,0.22,0.49,5312.75,332.08,3122.5,-52.34,-0.35,-0.36,-0.7,0,none,10.0
1789892817.4723067,Firewall,332.92,0.0,3122.59,0.0,-52.2,226.3,0.38,0.67,5309.53,332.27,3122.63,-52.34,0.98,0.64,0.0,0,none,10.0
1789892817.4748046,Firewall,333.02,0.0,3123.97,0.0,-52.3,224.5,0.48,0.79,5309.36,332.44,3122.84,-52.36,0.84,1.09,-0.1,0,none,10.0
1789892817.4771109,Firewall,332.49,0.0,3123.89,0.0,-52.6,223.2,0.32,0.71,5306.78,332.59,3123.09,-52.44,0.76,1.22,-0.4,0,none,10.0
1789892817.4793496,Firewall,332.94,0.0,3123.09,0.0,-52.5,223.3,0.32,0.54,5303.71,332.71,3123.17,-52.42,0.59,0.42,0.1,0,none,10.0
1789892817.4818707,Firewall,333.54,0.0,3122.26,0.0,-52.9,222.6,0.34,0.47,5302.96,332.98,3123.16,-52.5,1.36,-0.06,-0.4,0,none,10.0
1789892817.4843018,Firewall,333.99,0.0,3121.4,0.0,-52.8,225.7,0.52,0.6,5297.09,333.2,3122.92,-52.62,1.07,-1.19,-0.6,0,none,10.0
1789892817.4866474,Firewall,333.23,0.0,3120.58,0.0,-52.5,228.0,0.51,0.6,5293.5,333.24,3122.24,-52.66,0.21,-3.39,-0.2,0,none,10.0
1789892817.4889083,Firewall,332.61,0.0,3120.0,0.0,-52.4,231.7,0.48,0.71,5295.37,333.26,3121.47,-52.62,0.12,-3.89,0.2,0,none,10.0
1789892817.4911609,Firewall,332.46,0.0,3118.94,0.0,-52.6,229.7,0.57,0.65,5290.74,333.17,3120.64,-52.64,-0.48,-4.15,-0.1,0,none,10.0
1789892817.4938326,Firewall,332.26,0.0,3119.42,0.0,-52.7,233.4,0.63,0.41,5292.8,332.91,3120.07,-52.6,-1.28,-2.84,0.2,0,none,10.0
1789892817.4960809,Firewall,332.94,0.0,3120.14,0.0,-53.0,234.9,0.35,0.33,5291.73,332.7,3119.82,-52.64,-1.05,-1.26,-0.2,0,none,10.0
1789892817.4986856,Firewall,332.28,0.0,3121.34,0.0,-53.0,231.5,0.25,0.49,5294.08,332.51,3119.97,-52.74,-0.95,0.76,-0.5,0,none,10.0
1789892817.5009828,Firewall,331.6,0.0,3122.84,0.0,-53.3,230.2,0.43,0.32,5297.4,332.31,3120.54,-52.92,-1.01,2.84,-0.9,0,none,10.0
1789892817.503292,Firewall,331.15,0.0,3122.65,0.0,-53.6,232.2,0.62,0.26,5292.51,332.05,3121.28,-53.12,-1.31,3.71,-1.0,0,none,10.0
1789892817.5059328,Firewall,330.45,0.0,3121.97,0.0,-53.3,230.7,0.87,0.17,5291.88,331.68,3121.79,-53.24,-1.81,2.55,-0.6,0,none,10.0
1789892817.5085764,Firewall,331.09,0.0,3122.76,0.0,-53.6,230.0,0.61,0.2,5290.24,331.31,3122.31,-53.36,-1.85,2.62,-0.6,0,none,10.0
1789892817.5111425,Firewall,330.66,0.0,3122.13,0.0,-53.5,233.3,0.4,0.48,5295.55,330.99,3122.47,-53.46,-1.62,0.79,-0.5,0,none,10.0
1789892817.513787,Firewall,366.14,0.0,3282.97,0.0,-53.5,235.1,14.13,0.63,5720.39,337.9,3154.5,-53.5,34.54,160.13,-0.2,1,traffic_overload,0.0
1789892817.516035,Firewall,394.32,0.0,3356.59,0.0,-53.1,237.0,25.83,0.48,6036.37,350.53,3201.28,-53.4,63.17,233.94,0.5,1,traffic_overload,0.0
1789892817.5182292,Firewall,432.54,0.0,3458.29,0.0,-53.4,234.1,38.92,0.35,6401.87,370.95,3268.55,-53.42,102.09,336.32,-0.1,1,traffic_overload,0.0
1789892817.5208745,Firewall,462.54,0.0,3553.74,0.0,-53.1,235.6,46.73,0.31,6861.67,397.24,3354.74,-53.32,131.45,430.98,0.5,1,traffic_overload,0.0
1789892817.523611,Firewall,474.12,0.0,3705.79,0.0,-53.5,232.6,40.69,0.49,7422.07,425.93,3471.48,-53.32,143.46,583.66,0.0,1,traffic_overload,0.0
1789892817.5264108,Firewall,504.41,0.0,3798.75,0.0,-53.7,231.6,37.53,0.54,7880.05,453.59,3574.63,-53.36,138.27,515.78,-0.2,1,traffic_overload,0.0
1789892817.5290816,Firewall,526.76,0.0,3910.32,0.0,-53.4,229.1,32.78,0.36,8158.04,480.07,3685.38,-53.42,132.44,553.73,-0.3,1,traffic_overload,0.0
1789892817.531766,Firewall,560.02,0.0,4051.44,0.0,-53.5,231.8,35.37,0.42,8600.04,505.57,3804.01,-53.44,127.48,593.15,-0.1,1,traffic_overload,0.0
1789892817.5341449,Firewall,594.74,0.0,4101.52,0.0,-53.8,233.4,42.1,0.44,9096.68,532.01,3913.56,-53.58,132.2,547.78,-0.7,1,traffic_overload,0.0
1789892817.5369813,Firewall,619.04,0.0,4161.81,0.0,-53.7,230.7,42.15,0.55,9488.39,560.99,4004.77,-53.62,144.92,456.02,-0.2,1,traffic_overload,0.0
1789892817.539321,Firewall,631.64,0.0,4297.57,0.0,-53.7,227.3,38.56,0.7,9767.7,586.44,4104.53,-53.62,127.23,498.82,0.0,1,traffic_overload,0.0
1789892817.5416698,Firewall,658.16,0.0,4396.89,0.0,-53.4,230.6,33.36,0.78,10118.23,612.72,4201.85,-53.62,131.4,486.57,0.0,1,traffic_overload,0.0
1789892817.5442252,Firewall,696.3,0.0,4531.71,0.0,-53.7,227.0,34.81,0.5,10583.49,639.98,4297.9,-53.66,136.28,480.27,-0.2,1,traffic_overload,0.0
1789892817.5470011,Firewall,721.13,0.0,4703.32,0.0,-53.3,226.2,38.48,0.68,10893.9,665.25,4418.26,-53.56,126.39,601.8,0.5,1,traffic_overload,0.0
1789892817.5498328,Firewall,744.46,0.0,4875.58,0.0,-53.5,223.4,40.97,0.77,11302.65,690.34,4561.01,-53.52,125.42,713.77,0.2,1,traffic_overload,0.0
1789892817.5522342,Firewall,768.02,0.0,5030.6,0.0,-53.1,219.8,38.11,0.48,11582.42,717.61,4707.62,-53.4,136.38,733.03,0.6,1,,0.0
1789892817.5545774,Firewall,768.69,0.0,5031.48,0.0,-53.5,217.8,27.9,0.6,11584.84,739.72,4834.54,-53.42,110.53,634.59,-0.1,1,none,0.67
1789892817.5569751,Firewall,768.1,0.0,5031.19,0.0,-53.3,214.3,18.88,0.53,11582.4,754.08,4934.43,-53.34,71.8,499.48,0.4,1,none,0.5
1789892817.559406,Firewall,768.28,0.0,5030.9,0.0,-53.3,210.7,9.53,0.35,11580.46,763.51,4999.95,-53.34,47.15,327.58,0.0,1,none,0.33
1789892817.5621197,Firewall,767.76,0.0,5030.68,0.0,-53.1,209.9,0.31,0.46,11583.25,768.17,5030.97,-53.26,23.3,155.1,0.4,1,none,0.2
1789892817.5645447,Firewall,767.72,0.0,5031.3,0.0,-53.4,207.9,0.36,0.43,11586.1,768.11,5031.11,-53.32,-0.3,0.7,-0.3,1,none,0.2
1789892817.5669672,Firewall,767.21,0.0,5030.42,0.0,-53.6,204.9,0.37,0.44,11588.13,767.81,5030.9,-53.34,-1.48,-1.06,-0.1,0,none,10.0
1789892817.5696177,Firewall,767.6,0.0,5031.88,0.0,-53.5,207.6,0.34,0.31,11589.03,767.71,5031.04,-53.38,-0.5,0.69,-0.2,0,none,10.0
1789892817.5722911,Firewall,767.18,0.0,5032.75,0.0,-53.8,204.9,0.25,0.42,11589.87,767.49,5031.41,-53.48,-1.1,1.85,-0.5,0,none,10.0
1789892817.5749815,Firewall,767.71,0.0,5033.48,0.0,-54.2,202.3,0.24,0.54,11586.65,767.48,5031.97,-53.7,-0.05,2.8,-1.1,0,none,10.0
1789892817.577631,Firewall,768.48,0.0,5034.82,0.0,-54.0,203.2,0.47,0.38,11581.03,767.64,5032.67,-53.82,0.76,3.52,-0.6,0,none,10.0
1789892817.5802956,Firewall,767.87,0.0,5035.41,0.0,-54.2,205.0,0.42,0.43,11577.7,767.77,5033.67,-53.94,0.66,4.99,-0.6,0,none,10.0
1789892817.582567,Firewall,767.75,0.0,5034.74,0.0,-53.9,201.8,0.42,0.29,11578.12,767.8,5034.24,-54.02,0.15,2.86,-0.4,0,none,10.0
1789892817.5853672,Firewall,767.32,0.0,5034.57,0.0,-53.7,199.0,0.38,0.45,11580.92,767.83,5034.6,-54.0,0.14,1.82,0.1,0,none,10.0
1789892817.5877926,Firewall,766.88,0.0,5034.58,0.0,-53.8,198.5,0.54,0.48,11583.83,767.66,5034.82,-53.92,-0.83,1.1,0.4,0,none,10.0
1789892817.5904117,Firewall,766.29,0.0,5035.37,0.0,-54.0,197.3,0.58,0.49,11589.22,767.22,5034.93,-53.92,-2.19,0.55,0.0,0,none,10.0
1789892817.5927365,Firewall,766.24,0.0,5036.51,0.0,-53.6,197.5,0.58,0.35,11594.93,766.9,5035.15,-53.8,-1.63,1.1,0.6,0,none,10.0
1789892817.5949035,Firewall,766.86,0.0,5035.93,0.0,-53.5,193.7,0.41,0.48,11598.27,766.72,5035.39,-53.72,-0.89,1.19,0.4,0,none,10.0
1789892817.5973349,Firewall,767.26,0.0,5035.62,0.0,-53.5,196.8,0.39,0.4,11598.81,766.71,5035.6,-53.68,-0.06,1.05,0.2,0,none,10.0
1789892817.6000466,Firewall,766.73,0.0,5036.89,0.0,-53.4,200.7,0.38,0.52,11595.44,766.68,5036.06,-53.6,-0.15,2.31,0.4,0,none,10.0
1789892817.6023057,Firewall,765.95,0.0,5037.34,0.0,-53.0,201.6,0.46,0.67,11596.75,766.61,5036.46,-53.4,-0.34,1.97,1.0,0,none,10.0
1789892817.6045706,Firewall,766.11,0.0,5038.13,0.0,-52.8,198.1,0.48,0.67,11598.38,766.58,5036.78,-53.24,-0.13,1.62,0.8,0,none,10.0
1789892817.607199,Firewall,765.36,0.0,5037.68,0.0,-53.1,196.9,0.65,0.53,11593.3,766.28,5037.13,-53.16,-1.5,1.75,0.4,0,none,10.0
1789892817.6094651,Firewall,798.66,0.0,5086.7,0.0,-52.9,193.5,13.05,0.54,11896.77,772.56,5047.35,-53.04,31.4,51.08,0.6,1,traffic_overload,0.0
1789892817.6116939,Firewall,829.9,0.0,5180.82,0.0,-52.8,194.6,25.72,0.55,12432.84,785.2,5076.13,-52.92,63.17,143.93,0.6,1,traffic_overload,0.0
1789892817.6141715,Firewall,847.74,0.0,5226.76,0.0,-52.7,195.4,33.2,0.47,12770.68,801.55,5114.02,-52.86,81.79,189.42,0.3,1,traffic_overload,0.0
1789892817.6166706,Firewall,865.95,0.0,5291.7,0.0,-52.3,194.7,35.8,0.63,13051.79,821.52,5164.73,-52.76,99.84,253.57,0.5,1,traffic_overload,0.0
1789892817.619059,Firewall,888.3,0.0,5351.33,0.0,-52.7,195.4,30.63,0.63,13410.68,846.11,5227.46,-52.68,122.94,313.65,0.4,1,traffic_overload,0.0
1789892817.6215162,Firewall,917.95,0.0,5515.99,0.0,-52.9,199.4,30.83,0.43,13719.33,869.97,5313.32,-52.68,119.29,429.29,0.0,1,traffic_overload,0.0
1789892817.6240988,Firewall,956.71,0.0,5599.67,0.0,-52.8,199.9,38.62,0.46,14145.19,895.33,5397.09,-52.68,126.81,418.85,0.0,1,traffic_overload,0.0
1789892817.6264324,Firewall,968.06,0.0,5656.86,0.0,-53.0,196.8,38.95,0.58,14478.47,919.39,5483.11,-52.74,120.32,430.1,-0.3,1,traffic_overload,0.0
1789892817.6287718,Firewall,983.01,0.0,5796.48,0.0,-52.7,193.1,34.75,0.7,14916.82,942.81,5584.07,-52.82,117.06,504.78,-0.4,1,traffic_overload,0.0
1789892817.631114,Firewall,1023.33,0.0,5925.89,0.0,-52.7,192.9,34.36,0.65,15361.48,969.81,5698.98,-52.82,135.03,574.56,0.0,1,traffic_overload,0.0
1789892817.633937,Firewall,1058.53,0.0,6057.43,0.0,-52.6,189.3,37.77,0.64,15859.17,997.93,5807.27,-52.76,140.58,541.44,0.3,1,traffic_overload,0.0
1789892817.6367283,Firewall,1074.67,0.0,6152.0,0.0,-53.0,193.2,41.33,0.67,16141.46,1021.52,5917.73,-52.8,117.96,552.33,-0.2,1,traffic_overload,0.0
1789892817.6390977,Firewall,1114.15,0.0,6262.05,0.0,-52.7,192.9,44.7,0.41,16457.45,1050.74,6038.77,-52.74,146.09,605.19,0.3,1,,0.0
1789892817.6418514,Firewall,1114.05,0.0,6261.0,0.0,-52.6,194.5,34.58,0.61,16456.92,1076.95,6131.67,-52.72,131.04,464.52,0.1,0,none,10.0
1789892817.6446044,Firewall,1114.12,0.0,6261.16,0.0,-52.4,197.9,23.83,0.52,16453.09,1095.1,6198.73,-52.66,90.79,335.27,0.3,0,none,10.0
1789892817.647347,Firewall,1113.39,0.0,6261.95,0.0,-52.1,194.7,15.7,0.41,16455.1,1106.08,6239.63,-52.56,54.86,204.52,0.5,0,none,10.0
1789892817.6502566,Firewall,1113.06,0.0,6260.75,0.0,-52.1,191.1,0.45,0.58,16459.14,1113.75,6261.38,-52.38,38.39,108.75,0.9,0,none,10.0
1789892817.6529698,Firewall,1112.86,0.0,6261.1,0.0,-51.9,187.4,0.51,0.64,16460.76,1113.5,6261.19,-52.22,-1.29,-0.95,0.8,0,none,10.0
1789892817.6556044,Firewall,1112.35,0.0,6262.38,0.0,-52.0,183.9,0.59,0.45,16461.88,1113.16,6261.47,-52.1,-1.7,1.38,0.6,0,none,10.0
1789892817.6582317,Firewall,1111.67,0.0,6262.53,0.0,-52.4,180.4,0.6,0.65,16458.82,1112.67,6261.74,-52.1,-2.45,1.37,0.0,0,none,10.0
1789892817.6608477,Firewall,1111.51,0.0,6263.32,0.0,-52.1,178.3,0.62,0.51,16457.38,1112.29,6262.02,-52.1,-1.88,1.37,0.0,0,none,10.0
1789892817.6637406,Firewall,1110.72,0.0,6262.71,0.0,-52.5,180.3,0.73,0.66,16455.68,1111.82,6262.41,-52.18,-2.34,1.96,-0.4,0,none,10.0
1789892817.6663916,Firewall,1110.66,0.0,6262.91,0.0,-52.5,181.8,0.63,0.52,16451.8,1111.38,6262.77,-52.3,-2.2,1.81,-0.6,0,none,10.0
1789892817.669177,Firewall,1111.11,0.0,6261.7,0.0,-52.3,185.1,0.41,0.49,16452.63,1111.13,6262.63,-52.36,-1.24,-0.68,-0.3,0,none,10.0
1789892817.6718144,Firewall,1111.05,0.0,6260.68,0.0,-52.3,182.6,0.31,0.48,16450.89,1111.01,6262.26,-52.34,-0.62,-1.85,0.1,0,none,10.0
1789892817.6744487,Firewall,1111.75,0.0,1009.07,0.0,-52.0,185.4,0.39,0.29,16450.28,1111.06,5211.41,-52.32,0.24,-5254.25,0.1,1,dns_outage,0.0
1789892817.6771927,Firewall,1112.24,0.0,9999.0,12.5,-52.2,185.8,0.56,0.48,16451.47,1111.36,5958.67,-52.26,1.52,3736.29,0.3,1,dns_outage,0.0
1789892817.6798074,Firewall,1113.01,0.0,624.23,12.5,-52.5,187.7,0.73,0.55,16446.41,1111.83,4830.94,-52.26,2.35,-5638.68,0.0,1,dns_outage,0.0
1789892817.6826437,Firewall,1113.27,0.0,9999.0,25.0,-52.7,191.2,0.81,0.4,16442.69,1112.26,5578.4,-52.34,2.16,3737.3,-0.4,1,dns_outage,0.0
1789892817.6852837,Firewall,1113.97,0.0,509.35,25.0,-52.4,189.1,0.78,0.34,16437.62,1112.85,4428.13,-52.36,2.92,-5751.33,-0.1,1,dns_outage,0.0
1789892817.6879003,Firewall,1113.93,0.0,2354.77,25.0,-52.1,188.7,0.64,0.24,16434.09,1113.28,4697.27,-52.38,2.18,1345.7,-0.1,1,dns_outage,0.0
1789892817.6905344,Firewall,1113.59,0.0,1323.6,25.0,-52.2,188.5,0.37,0.48,16432.02,1113.55,2962.19,-52.38,1.35,-8675.4,0.0,1,dns_outage,0.0
1789892817.6934311,Firewall,1113.89,0.0,1261.72,25.0,-52.4,188.3,0.27,0.59,16437.94,1113.73,3089.69,-52.36,0.88,637.49,0.1,1,dns_outage,0.0
1789892817.6960564,Firewall,1114.5,0.0,1919.24,25.0,-52.2,188.9,0.29,0.69,16440.76,1113.98,1473.74,-52.26,1.23,-8079.76,0.5,1,dns_outage,0.0
1789892817.6987345,Firewall,1113.85,0.0,9999.0,25.0,-52.5,187.3,0.3,0.58,16439.74,1113.95,3371.67,-52.28,-0.12,9489.65,-0.1,1,dns_outage,0.0
1789892817.701337,Firewall,1114.18,0.0,9999.0,37.5,-52.4,188.6,0.31,0.56,16437.67,1114.0,4900.51,-52.34,0.25,7644.23,-0.3,1,dns_outage,0.0
1789892817.7039623,Firewall,1113.75,0.0,444.63,25.0,-52.6,189.0,0.27,0.64,16435.46,1114.03,4724.72,-52.42,0.16,-878.97,-0.4,1,dns_outage,0.0
1789892817.7065828,Firewall,1114.38,0.0,9999.0,37.5,-52.6,186.1,0.29,0.67,16440.18,1114.13,6472.17,-52.46,0.49,8737.28,-0.2,1,dns_outage,0.0
1789892817.709267,Firewall,1114.17,0.0,962.07,37.5,-52.8,186.5,0.23,0.72,16434.97,1114.07,6280.74,-52.58,-0.33,-957.17,-0.6,1,dns_outage,0.0
1789892817.711883,Firewall,1114.73,0.0,1039.79,37.5,-52.9,189.0,0.32,0.76,16435.13,1114.24,4488.9,-52.66,0.88,-8959.21,-0.4,1,dns_outage,0.0
1789892817.7150488,Firewall,1114.15,0.0,9999.0,50.0,-52.6,192.9,0.32,0.53,16429.72,1114.24,4488.9,-52.7,-0.03,0.0,-0.2,1,dns_outage,0.0
1789892817.7176967,Firewall,1113.95,0.0,9999.0,62.5,-52.8,192.3,0.26,0.66,16430.57,1114.28,6399.77,-52.74,0.2,9554.37,-0.2,1,,0.0
1789892817.7203372,Firewall,1113.3,0.0,1042.92,50.0,-53.1,191.6,0.46,0.64,16434.58,1114.06,4608.56,-52.84,-1.08,-8956.08,-0.5,0,none,10.0
1789892817.7231357,Firewall,1113.88,0.0,1042.52,37.5,-53.3,194.8,0.46,0.77,16436.26,1114.0,4624.65,-52.94,-0.29,80.45,-0.5,0,none,10.0
1789892817.72576,Firewall,1113.82,0.0,1042.64,37.5,-53.5,195.0,0.28,0.63,16435.47,1113.82,4625.22,-53.06,-0.91,2.85,-0.6,0,none,10.0
1789892817.7286427,Firewall,1113.88,0.0,1043.8,25.0,-53.3,191.4,0.24,0.61,16433.39,1113.77,2834.18,-53.2,-0.27,-8955.2,-0.7,0,none,10.0
1789892817.7311273,Firewall,1113.56,0.0,1044.41,25.0,-53.6,191.9,0.23,0.42,16433.7,1113.69,1043.26,-53.36,-0.39,-8954.59,-0.8,0,none,10.0
1789892817.733798,Firewall,1113.4,0.0,9999.0,37.5,-53.3,191.9,0.2,0.52,16438.91,1113.71,2834.47,-53.4,0.1,8956.08,-0.2,1,dns_outage,0.0
1789892817.736785,Firewall,1113.97,0.0,9999.0,37.5,-53.1,194.8,0.21,0.42,16441.18,1113.73,4625.77,-53.36,0.09,8956.48,0.2,1,dns_outage,0.0
1789892817.739602,Firewall,1113.29,0.0,9999.0,37.5,-53.1,192.0,0.27,0.42,16446.04,1113.62,6417.04,-53.28,-0.53,8956.36,0.4,1,dns_outage,0.0
1789892817.7423255,Firewall,1113.43,0.0,508.96,37.5,-52.9,189.4,0.24,0.56,16442.93,1113.53,6310.07,-53.2,-0.45,-534.84,0.4,1,dns_outage,0.0
1789892817.7449589,Firewall,1112.73,0.0,9999.0,50.0,-53.1,188.4,0.4,0.37,16446.08,1113.36,8100.99,-53.1,-0.83,8954.59,0.5,1,dns_outage,0.0
1789892817.747366,Firewall,1112.83,0.0,9999.0,62.5,-52.9,185.9,0.45,0.25,16444.18,1113.25,8100.99,-53.02,-0.57,0.0,0.4,1,dns_outage,0.0
1789892817.7499785,Firewall,1113.47,0.0,9999.0,75.0,-53.2,184.4,0.31,0.26,16441.8,1113.15,8100.99,-53.04,-0.5,0.0,-0.1,1,dns_outage,0.0
1789892817.7526212,Firewall,1114.01,0.0,406.99,75.0,-53.5,188.0,0.47,0.49,16441.5,1113.29,6182.59,-53.12,0.72,-9592.01,-0.4,1,dns_outage,0.0
1789892817.7555711,Firewall,1113.31,0.0,9999.0,75.0,-53.3,186.6,0.46,0.56,16439.36,1113.27,8080.6,-53.2,-0.12,9490.04,-0.4,1,dns_outage,0.0
1789892817.7582934,Firewall,1113.52,0.0,9999.0,75.0,-53.0,188.8,0.38,0.58,16441.04,1113.43,8080.6,-53.18,0.79,0.0,0.1,1,dns_outage,0.0
1789892817.7612286,Firewall,1113.85,0.0,2041.37,62.5,-53.0,187.1,0.26,0.52,16439.81,1113.63,6489.07,-53.2,1.02,-7957.63,-0.1,1,dns_outage,0.0
1789892817.7638733,Firewall,1114.4,0.0,1153.24,62.5,-53.2,183.8,0.38,0.33,16435.88,1113.82,4719.92,-53.2,0.93,-8845.76,0.0,1,,0.0
1789892817.7665188,Firewall,1114.96,0.0,1152.11,50.0,-53.1,182.8,0.6,0.29,16439.57,1114.01,4868.94,-53.12,0.95,745.12,0.4,1,none,0.2
1789892817.7690344,Firewall,1114.83,0.0,1153.22,37.5,-53.2,186.7,0.55,0.32,16443.34,1114.31,3099.79,-53.1,1.52,-8845.78,0.1,1,none,0.2
1789892817.7719443,Firewall,1114.67,0.0,1152.43,25.0,-53.1,186.9,0.39,0.55,16448.04,1114.54,1330.47,-53.12,1.15,-8846.57,-0.1,0,none,10.0
1789892817.7745557,Firewall,1115.43,0.0,1151.31,25.0,-52.8,183.6,0.34,0.36,16445.55,1114.86,1152.46,-53.08,1.58,-890.06,0.2,0,none,10.0
1789892817.7769558,Firewall,1114.86,0.0,1151.49,12.5,-52.8,181.1,0.26,0.48,16443.87,1114.95,1152.11,-53.0,0.46,-1.75,0.4,0,none,10.0
1789892817.7793763,Firewall,1115.0,0.0,1150.24,0.0,-52.4,179.9,0.26,0.38,16441.94,1114.96,1151.74,-52.86,0.04,-1.87,0.7,0,none,10.0
1789892817.7819686,Firewall,1115.02,0.0,1149.35,0.0,-52.1,181.3,0.25,0.26,16443.05,1115.0,1150.96,-52.64,0.19,-3.87,1.1,0,none,10.0
1789892817.7850864,Firewall,1115.3,0.0,1148.05,0.0,-52.0,177.5,0.21,0.32,16438.2,1115.12,1150.09,-52.42,0.63,-4.38,1.1,0,none,10.0
1789892817.7875552,Firewall,1115.35,0.0,1149.32,0.0,-52.1,175.6,0.19,0.24,16440.63,1115.11,1149.69,-52.28,-0.08,-1.99,0.7,0,none,10.0
1789892817.7901647,Firewall,1114.97,0.0,1148.79,0.0,-52.4,179.3,0.16,0.31,16438.63,1115.13,1149.15,-52.2,0.11,-2.7,0.4,0,none,10.0
1789892817.792785,Firewall,1114.73,0.0,1147.31,0.0,-52.2,179.8,0.23,0.31,16437.82,1115.07,1148.56,-52.16,-0.27,-2.93,0.2,0,none,10.0
1789892817.7952476,Firewall,1115.36,0.0,1457.97,0.0,-52.4,180.6,0.25,0.42,16437.75,1115.14,1210.29,-52.22,0.34,308.62,-0.3,1,dns_outage,0.0
1789892817.7979515,Firewall,1115.72,0.0,2002.11,0.0,-52.4,178.6,0.34,0.32,16432.5,1115.23,1381.1,-52.3,0.42,854.06,-0.4,1,dns_outage,0.0
1789892817.80059,Firewall,1115.03,0.0,1767.71,0.0,-52.7,179.2,0.34,0.52,16430.09,1115.16,1504.78,-52.42,-0.32,618.39,-0.6,1,dns_outage,0.0
1789892817.8034577,Firewall,1115.04,0.0,9999.0,12.5,-52.5,178.9,0.34,0.66,16432.86,1115.18,3274.82,-52.44,0.07,8850.21,-0.1,1,dns_outage,0.0
1789892817.8056862,Firewall,1114.66,0.0,1277.27,12.5,-52.5,180.5,0.36,0.61,16432.92,1115.16,3300.81,-52.5,-0.07,129.96,-0.3,1,dns_outage,0.0
1789892817.8078983,Firewall,1115.0,0.0,1538.73,12.5,-52.6,177.9,0.35,0.75,16438.85,1115.09,3316.96,-52.54,-0.36,80.76,-0.2,1,dns_outage,0.0
1789892817.8101194,Firewall,1115.13,0.0,883.11,12.5,-52.7,176.5,0.16,0.7,16439.19,1114.97,3093.16,-52.6,-0.59,-1119.0,-0.3,1,dns_outage,0.0
1789892817.8128412,Firewall,1115.21,0.0,594.34,12.5,-53.0,177.5,0.19,0.57,16435.15,1115.01,2858.49,-52.66,0.18,-1173.37,-0.3,1,dns_outage,0.0
1789892817.8155594,Firewall,1115.22,0.0,9999.0,25.0,-52.8,177.4,0.21,0.73,16438.86,1115.04,2858.49,-52.72,0.18,0.0,-0.3,1,dns_outage,0.0
1789892817.8181796,Firewall,1115.48,0.0,818.15,25.0,-52.5,178.1,0.16,0.53,16443.35,1115.21,2766.67,-52.72,0.82,-459.12,0.0,1,dns_outage,0.0
1789892817.8208156,Firewall,1115.09,0.0,9999.0,37.5,-52.4,175.5,0.14,0.61,16437.9,1115.23,4458.72,-52.68,0.09,8460.27,0.2,1,dns_outage,0.0
1789892817.8234892,Firewall,1115.49,0.0,1419.24,25.0,-52.3,172.3,0.16,0.45,16435.39,1115.3,4565.95,-52.6,0.36,536.13,0.4,1,dns_outage,0.0
1789892817.8261044,Firewall,1116.24,0.0,9999.0,37.5,-52.3,173.9,0.4,0.55,16438.39,1115.5,6446.88,-52.46,1.03,9404.66,0.7,1,dns_outage,0.0
1789892817.8285697,Firewall,1116.75,0.0,841.16,37.5,-52.2,171.2,0.6,0.38,16441.74,1115.81,4615.31,-52.34,1.53,-9157.84,0.6,1,,0.0
1789892817.8312726,Firewall,1116.4,0.0,841.88,37.5,-52.3,170.7,0.61,0.4,16443.98,1115.99,4620.06,-52.3,0.92,23.73,0.2,0,none,10.0
1789892817.833862,Firewall,1116.8,0.0,841.35,37.5,-52.6,169.7,0.47,0.41,16439.04,1116.34,2788.53,-52.34,1.71,-9157.65,-0.2,0,none,10.0
1789892817.836502,Firewall,1116.95,0.0,842.35,25.0,-52.2,170.7,0.27,0.62,16437.84,1116.63,2673.15,-52.32,1.46,-576.89,0.1,0,none,10.0
1789892817.8391123,Firewall,1116.21,0.0,9999.0,37.5,-52.5,168.7,0.27,0.38,16434.93,1116.62,2673.15,-52.36,-0.03,0.0,-0.2,1,dns_outage,0.0
1789892817.8417683,Firewall,1116.99,0.0,2125.96,25.0,-52.4,169.6,0.31,0.59,16435.96,1116.67,2930.11,-52.4,0.24,1284.8,-0.2,1,dns_outage,0.0
1789892817.844608,Firewall,1117.4,0.0,9999.0,37.5,-52.6,168.3,0.39,0.39,16436.88,1116.87,4761.53,-52.46,1.0,9157.12,-0.3,1,dns_outage,0.0
1789892817.8469954,Firewall,1116.97,0.0,2299.9,25.0,-52.8,170.6,0.39,0.48,16439.59,1116.9,5053.24,-52.5,0.17,1458.55,-0.2,1,dns_outage,0.0
1789892817.8496482,Firewall,1117.35,0.0,9999.0,37.5,-52.6,169.4,0.43,0.64,16438.03,1116.98,6884.57,-52.58,0.4,9156.65,-0.4,1,dns_outage,0.0
1789892817.852118,Firewall,1117.61,0.0,9999.0,50.0,-52.9,172.6,0.25,0.68,16442.26,1117.26,6884.57,-52.66,1.4,0.0,-0.4,1,dns_outage,0.0
1789892817.854773,Firewall,1117.19,0.0,9999.0,62.5,-53.2,176.3,0.22,0.56,16441.14,1117.3,8459.18,-52.82,0.2,7873.04,-0.8,1,dns_outage,0.0
1789892817.8576024,Firewall,1116.8,0.0,9999.0,75.0,-53.0,178.6,0.29,0.67,16436.94,1117.18,8459.18,-52.9,-0.6,0.0,-0.4,1,dns_outage,0.0
1789892817.860289,Firewall,1117.13,0.0,2071.07,62.5,-53.3,179.3,0.27,0.61,16437.97,1117.22,8413.41,-53.0,0.16,-228.83,-0.5,1,dns_outage,0.0
1789892817.8626862,Firewall,1117.83,0.0,2275.77,62.5,-53.3,181.8,0.37,0.62,16438.45,1117.31,6868.77,-53.14,0.48,-7723.23,-0.7,1,dns_outage,0.0
1789892817.8657486,Firewall,1117.48,0.0,9999.0,62.5,-53.2,185.5,0.35,0.54,16441.1,1117.29,6868.77,-53.2,-0.13,0.0,-0.3,1,dns_outage,0.0
1789892817.8684978,Firewall,1118.08,0.0,1098.29,62.5,-53.2,182.0,0.46,0.53,16437.62,1117.46,5088.63,-53.2,0.89,-8900.71,0.0,1,dns_outage,0.0
1789892817.871067,Firewall,1118.6,0.0,9999.0,62.5,-53.5,184.0,0.5,0.43,16442.0,1117.82,5088.63,-53.3,1.8,0.0,-0.5,1,dns_outage,0.0
1789892817.8738213,Firewall,1118.32,0.0,9999.0,62.5,-53.9,187.1,0.39,0.43,16446.12,1118.06,6674.21,-53.42,1.19,7927.93,-0.6,1,dns_outage,0.0
1789892817.8765366,Firewall,1118.9,0.0,909.51,50.0,-53.8,186.7,0.48,0.44,16451.39,1118.28,6400.96,-53.52,1.07,-1366.26,-0.5,1,dns_outage,0.0
1789892817.8792372,Firewall,1119.04,0.0,9999.0,50.0,-53.5,184.1,0.36,0.61,16451.69,1118.59,6400.96,-53.58,1.56,0.0,-0.3,1,,0.0
1789892817.881998,Firewall,1119.81,0.0,911.17,50.0,-53.3,182.5,0.5,0.49,16451.67,1118.93,6363.54,-53.6,1.73,-187.12,-0.1,1,none,0.2
1789892817.8844311,Firewall,1131.78,0.0,1004.35,50.0,-53.7,184.1,5.13,0.37,16759.26,1121.57,4564.61,-53.64,13.18,-8994.65,-0.2,1,traffic_overload,0.0
1789892817.8870256,Firewall,1152.79,0.0,1081.09,37.5,-53.4,186.3,13.1,0.51,17166.58,1128.46,2781.02,-53.54,34.47,-8917.91,0.5,1,traffic_overload,0.0
1789892817.8897552,Firewall,1172.25,0.0,1252.38,37.5,-53.2,186.2,20.56,0.31,17650.74,1139.13,2849.6,-53.42,53.35,342.87,0.6,1,traffic_overload,0.0
1789892817.8923812,Firewall,1202.42,0.0,1324.76,25.0,-53.1,183.8,29.41,0.55,18215.09,1155.81,1114.75,-53.34,83.38,-8674.24,0.4,1,traffic_overload,0.0
1789892817.8950295,Firewall,1241.59,0.0,1404.56,12.5,-52.7,184.4,38.53,0.41,18775.78,1180.17,1213.43,-53.22,121.78,493.39,0.6,1,traffic_overload,0.0
1789892817.8980992,Firewall,1267.84,0.0,1512.81,12.5,-53.0,185.3,42.58,0.27,19336.53,1207.38,1315.12,-53.08,136.06,508.46,0.7,1,traffic_overload,0.0
1789892817.9007647,Firewall,1301.79,0.0,1614.9,0.0,-53.0,186.6,45.95,0.18,19810.36,1237.18,1421.88,-53.0,149.0,533.81,0.4,1,traffic_overload,0.0
1789892817.9035277,Firewall,1334.3,0.0,1772.04,0.0,-53.2,186.3,45.88,0.38,20173.6,1269.59,1525.81,-53.0,162.05,519.66,0.0,1,traffic_overload,0.0
1789892817.9061453,Firewall,1371.54,0.0,1951.38,0.0,-53.1,185.6,46.23,0.3,20592.15,1303.41,1651.14,-53.0,169.12,626.62,0.0,1,traffic_overload,0.0
1789892817.908772,Firewall,1385.46,0.0,2018.13,0.0,-53.2,181.7,43.49,0.32,21002.13,1332.19,1773.85,-53.1,143.87,613.57,-0.5,1,traffic_overload,0.0
1789892817.911705,Firewall,1398.9,0.0,2090.95,0.0,-53.3,178.7,35.58,0.43,21431.91,1358.4,1889.48,-53.16,131.06,578.14,-0.3,1,traffic_overload,0.0
1789892817.914366,Firewall,1433.16,0.0,2138.65,0.0,-53.4,180.0,32.44,0.53,21777.86,1384.67,1994.23,-53.24,131.37,523.75,-0.4,1,traffic_overload,0.0
1789892817.9168713,Firewall,1459.72,0.0,2293.99,0.0,-53.6,183.0,32.29,0.51,22049.21,1409.76,2098.62,-53.32,125.42,521.95,-0.4,1,traffic_overload,0.0
1789892817.919613,Firewall,1488.86,0.0,2343.14,0.0,-54.0,184.6,38.1,0.4,22372.58,1433.22,2176.97,-53.5,117.32,391.76,-0.9,1,traffic_overload,0.0
1789892817.9223542,Firewall,1504.99,0.0,2432.3,0.0,-53.6,188.5,38.13,0.48,22738.63,1457.13,2259.81,-53.58,119.53,414.17,-0.4,1,,0.0
1789892817.9251482,Firewall,1505.74,0.0,2431.63,0.0,-53.4,189.8,28.14,0.33,22736.97,1478.49,2327.94,-53.6,106.84,340.68,-0.1,1,none,0.5
1789892817.9277322,Firewall,1505.01,0.0,2431.3,0.0,-53.2,188.0,17.75,0.41,22734.69,1492.86,2386.47,-53.56,71.85,292.65,0.2,1,none,0.33
1789892817.9303486,Firewall,1505.77,0.0,2432.01,0.0,-53.4,184.9,6.61,0.27,22731.11,1502.07,2414.08,-53.52,46.05,138.02,0.2,1,none,0.2
1789892817.9329004,Firewall,1506.43,0.0,2431.02,0.0,-53.6,182.4,0.54,0.2,22732.37,1505.59,2431.65,-53.44,17.57,87.88,0.4,1,none,0.2
1789892817.935428,Firewall,1507.13,0.0,2432.0,0.0,-53.9,180.1,0.72,0.47,22733.66,1506.02,2431.59,-53.5,2.14,-0.3,-0.3,0,none,10.0
1789892817.9376988,Firewall,1507.02,0.0,2432.21,0.0,-53.6,179.8,0.8,0.63,22736.98,1506.27,2431.71,-53.54,1.28,0.58,-0.2,0,none,10.0
1789892817.9404466,Firewall,1506.9,0.0,2433.03,0.0,-53.6,179.8,0.5,0.48,22741.42,1506.65,2432.05,-53.62,1.89,1.73,-0.4,0,none,10.0
1789892817.943452,Firewall,1507.64,0.0,2434.26,0.0,-53.9,179.8,0.39,0.43,22742.16,1507.02,2432.5,-53.72,1.87,2.25,-0.5,0,none,10.0
1789892817.9459753,Firewall,1507.57,0.0,2434.32,0.0,-54.3,183.1,0.3,0.33,22742.19,1507.25,2433.16,-53.86,1.14,3.3,-0.7,0,none,10.0
1789892817.9485106,Firewall,1508.35,0.0,2433.43,0.0,-54.3,184.3,0.52,0.32,22746.53,1507.5,2433.45,-53.94,1.22,1.43,-0.4,0,none,10.0
1789892817.9512374,Firewall,1508.55,0.0,2434.63,0.0,-54.2,180.3,0.59,0.38,22752.36,1507.8,2433.93,-54.06,1.53,2.42,-0.6,0,none,10.0
1789892817.9539742,Firewall,1508.3,0.0,2434.96,0.0,-53.9,181.7,0.4,0.42,22747.62,1508.08,2434.32,-54.12,1.4,1.93,-0.3,0,none,10.0
1789892817.9567373,Firewall,1508.7,0.0,2434.87,0.0,-53.6,179.6,0.39,0.6,22743.99,1508.29,2434.44,-54.06,1.06,0.61,0.3,0,none,10.0
1789892817.9597368,Firewall,1508.81,0.0,2435.9,0.0,-53.7,179.6,0.2,0.66,22741.99,1508.54,2434.76,-53.94,1.24,1.58,0.6,0,none,10.0
1789892817.9624045,Firewall,1509.32,0.0,2435.45,0.0,-53.9,181.1,0.34,0.5,22745.71,1508.74,2435.16,-53.86,0.97,2.02,0.4,0,none,10.0
1789892817.9650927,Firewall,1509.72,0.0,2435.35,0.0,-53.9,181.4,0.5,0.35,22750.29,1508.97,2435.31,-53.8,1.17,0.72,0.3,0,none,10.0
1789892817.9676712,Firewall,1510.15,0.0,2434.34,0.0,-53.9,177.8,0.55,0.39,22754.61,1509.34,2435.18,-53.8,1.85,-0.62,0.0,0,none,10.0
1789892817.970301,Firewall,1510.79,0.0,2434.82,0.0,-53.9,181.5,0.68,0.44,22749.19,1509.76,2435.17,-53.86,2.09,-0.05,-0.3,0,none,10.0
1789892817.9729106,Firewall,1510.08,0.0,2435.76,0.0,-53.9,184.8,0.49,0.63,22752.5,1510.01,2435.14,-53.9,1.27,-0.14,-0.2,0,none,10.0
1789892817.975695,Firewall,1510.23,0.0,2435.96,0.0,-53.7,180.9,0.34,0.59,22753.32,1510.19,2435.25,-53.86,0.91,0.51,0.2,0,none,10.0
1789892817.9785104,Firewall,1510.57,0.0,2437.38,0.0,-53.9,182.1,0.27,0.49,22758.72,1510.36,2435.65,-53.86,0.85,2.03,0.0,0,none,10.0
1789892817.981199,Firewall,1510.1,0.0,2437.33,0.0,-53.8,179.7,0.28,0.43,22755.81,1510.35,2436.25,-53.84,-0.05,2.99,0.1,0,none,10.0
1789892817.9838772,Firewall,1509.67,0.0,2437.42,0.0,-53.8,180.0,0.29,0.54,22750.2,1510.13,2436.77,-53.82,-1.12,2.6,0.1,0,none,10.0
1789892817.9868457,Firewall,1509.84,0.0,2437.21,0.0,-53.8,177.4,0.31,0.34,22745.32,1510.08,2437.06,-53.8,-0.24,1.45,0.1,0,none,10.0
1789892817.9898486,Firewall,1510.18,0.0,2436.9,0.0,-53.8,176.1,0.31,0.45,22740.37,1510.07,2437.25,-53.82,-0.05,0.94,-0.1,0,none,10.0
1789892817.992511,Firewall,1509.63,0.0,2436.74,0.0,-54.1,173.8,0.22,0.28,22740.47,1509.88,2437.12,-53.86,-0.94,-0.64,-0.2,0,none,10.0
1789892817.9951108,Firewall,1510.07,0.0,2435.55,0.0,-54.2,172.7,0.22,0.26,22741.4,1509.88,2436.76,-53.94,-0.03,-1.78,-0.4,0,none,10.0
1789892817.9977326,Firewall,1509.5,0.0,2434.74,0.0,-54.6,172.4,0.26,0.4,22744.21,1509.84,2436.23,-54.1,-0.17,-2.68,-0.8,0,none,10.0
1789892818.0003443,Firewall,1509.01,0.0,2435.0,0.0,-54.9,170.6,0.42,0.62,22742.58,1509.68,2435.79,-54.32,-0.83,-2.21,-1.1,0,none,10.0
1789892818.002988,Firewall,1508.64,0.0,2435.59,0.0,-55.2,173.6,0.5,0.67,22747.27,1509.37,2435.52,-54.6,-1.54,-1.31,-1.4,0,none,10.0
1789892818.0057008,Firewall,1508.83,0.0,2436.64,0.0,-55.2,176.5,0.52,0.73,22749.22,1509.21,2435.5,-54.82,-0.8,-0.1,-1.1,0,none,10.0
1789892818.0083094,Firewall,1509.0,0.0,2436.76,0.0,-55.5,174.9,0.28,0.58,22754.98,1509.0,2435.75,-55.08,-1.07,1.21,-1.3,0,none,10.0
1789892818.0113006,Firewall,1508.53,0.0,2435.78,0.0,-55.6,172.1,0.19,0.42,22757.59,1508.8,2435.95,-55.28,-0.97,1.04,-1.0,0,none,10.0
1789892818.013922,Firewall,1508.45,0.0,2437.13,0.0,-55.7,170.1,0.2,0.48,22762.43,1508.69,2436.38,-55.44,-0.56,2.13,-0.8,0,none,10.0
1789892818.01653,Firewall,1508.99,0.0,2436.8,0.0,-55.4,173.2,0.23,0.42,22757.91,1508.76,2436.62,-55.48,0.35,1.21,-0.2,0,none,10.0
1789892818.019155,Firewall,1509.41,0.0,2437.46,0.0,-55.2,174.2,0.35,0.48,22761.88,1508.88,2436.79,-55.48,0.58,0.82,0.0,0,none,10.0
1789892818.0217562,Firewall,1509.82,0.0,2436.35,0.0,-55.1,176.0,0.52,0.59,22758.14,1509.04,2436.7,-55.4,0.82,-0.41,0.4,0,none,10.0
1789892818.0244877,Firewall,1509.19,0.0,2435.58,0.0,-55.0,178.5,0.46,0.65,22755.66,1509.17,2436.66,-55.28,0.66,-0.2,0.6,0,none,10.0
1789892818.0271628,Firewall,1508.81,0.0,2436.41,0.0,-54.6,176.7,0.35,0.41,22761.25,1509.24,2436.52,-55.06,0.36,-0.72,1.1,0,none,10.0
1789892818.0299845,Firewall,1509.29,0.0,2437.5,0.0,-54.7,177.4,0.33,0.38,22762.81,1509.3,2436.66,-54.92,0.3,0.7,0.7,0,none,10.0
1789892818.0329373,Firewall,1508.7,0.0,2437.85,0.0,-54.5,180.4,0.4,0.51,22760.42,1509.16,2436.74,-54.78,-0.71,0.39,0.7,0,none,10.0
1789892818.0359704,Firewall,1509.1,0.0,2437.07,0.0,-54.1,183.3,0.23,0.67,22766.17,1509.02,2436.88,-54.58,-0.72,0.72,1.0,0,none,10.0
1789892818.0390346,Firewall,1509.41,0.0,2437.83,0.0,-54.3,182.5,0.27,0.44,22761.53,1509.06,2437.33,-54.44,0.22,2.25,0.7,0,none,10.0
1789892818.0416694,Firewall,1509.43,0.0,2439.02,0.0,-54.2,184.8,0.27,0.41,22758.55,1509.19,2437.85,-54.36,0.62,2.61,0.4,0,none,10.0
1789892818.0440917,Firewall,1509.99,0.0,2438.99,0.0,-54.5,185.0,0.43,0.54,22758.08,1509.33,2438.15,-54.32,0.7,1.49,0.2,0,none,10.0
1789892818.0468004,Firewall,1510.31,0.0,2438.62,0.0,-54.4,181.1,0.44,0.64,22762.93,1509.65,2438.31,-54.3,1.61,0.77,0.1,0,none,10.0
1789892818.049235,Firewall,1510.21,0.0,2439.26,0.0,-54.5,181.6,0.38,0.39,22762.87,1509.87,2438.74,-54.38,1.11,2.19,-0.4,0,none,10.0
1789892818.0518537,Firewall,1510.85,0.0,2440.19,0.0,-54.2,181.5,0.46,0.61,22761.24,1510.16,2439.22,-54.36,1.44,2.36,0.1,0,none,10.0
1789892818.0545974,Firewall,1510.39,0.0,2441.03,0.0,-54.3,179.9,0.28,0.4,22765.12,1510.35,2439.62,-54.38,0.96,2.01,-0.1,0,none,10.0
1789892818.0571215,Firewall,1509.63,0.0,2441.37,0.0,-54.1,176.0,0.39,0.41,22760.89,1510.28,2440.09,-54.3,-0.36,2.38,0.4,0,none,10.0
1789892818.0599914,Firewall,1510.38,0.0,2442.44,0.0,-54.1,175.1,0.39,0.31,22759.59,1510.29,2440.86,-54.24,0.07,3.82,0.3,0,none,10.0
1789892818.0629766,Firewall,1510.13,0.0,2442.35,0.0,-54.2,178.6,0.4,0.43,22762.82,1510.28,2441.48,-54.18,-0.08,3.09,0.3,0,none,10.0
1789892818.066043,Firewall,1510.27,0.0,2440.89,0.0,-53.8,177.0,0.28,0.58,22763.95,1510.16,2441.62,-54.1,-0.58,0.7,0.4,0,none,10.0
1789892818.068944,Firewall,1510.67,0.0,2442.29,0.0,-54.2,180.9,0.34,0.58,22766.84,1510.22,2441.87,-54.08,0.28,1.26,0.1,0,none,10.0
1789892818.0716386,Firewall,1510.37,0.0,2443.23,0.0,-54.0,180.0,0.18,0.74,22762.21,1510.36,2442.24,-54.06,0.74,1.86,0.1,0,none,10.0
1789892818.0743284,Firewall,1510.38,0.0,2442.24,0.0,-54.0,178.3,0.18,0.49,22764.79,1510.36,2442.2,-54.04,0.0,-0.2,0.1,0,none,10.0
1789892818.0768847,Firewall,1510.74,0.0,2443.14,0.0,-54.3,181.2,0.18,0.67,22760.5,1510.49,2442.36,-54.06,0.61,0.79,-0.1,0,none,10.0
1789892818.0798602,Firewall,1511.13,0.0,2442.6,0.0,-54.0,183.3,0.28,0.75,22755.44,1510.66,2442.7,-54.1,0.86,1.71,-0.2,0,none,10.0
1789892818.0828698,Firewall,1510.6,0.0,2441.39,0.0,-54.1,185.5,0.28,0.57,22758.44,1510.64,2442.52,-54.08,-0.07,-0.9,0.1,0,none,10.0
1789892818.0856495,Firewall,1509.99,0.0,2442.17,0.0,-54.2,186.9,0.38,0.6,22752.56,1510.57,2442.31,-54.12,-0.38,-1.06,-0.2,0,none,10.0
1789892818.0882597,Firewall,1509.37,0.0,2442.14,0.0,-53.9,185.5,0.62,0.49,22758.0,1510.37,2442.29,-54.1,-1.01,-0.1,0.1,0,none,10.0
1789892818.0910838,Firewall,1509.04,0.0,2443.12,0.0,-53.7,185.0,0.77,0.56,22755.34,1510.03,2442.28,-53.98,-1.7,-0.02,0.6,0,none,10.0
1789892818.0935335,Firewall,1509.17,0.0,2444.52,0.0,-53.4,186.3,0.58,0.73,22761.02,1509.63,2442.67,-53.86,-1.96,1.92,0.6,0,none,10.0
1789892818.096347,Firewall,1508.69,0.0,2445.17,0.0,-53.7,186.2,0.43,0.75,22756.36,1509.25,2443.42,-53.78,-1.91,3.78,0.4,0,none,10.0
1789892818.0988944,Firewall,1508.2,0.0,2445.92,0.0,-53.8,182.6,0.41,0.46,22761.22,1508.89,2444.17,-53.7,-1.79,3.75,0.4,0,none,10.0
1789892818.1012702,Firewall,1507.51,0.0,2304.33,0.0,-53.9,183.6,0.6,0.39,22765.55,1508.52,2416.61,-53.7,-1.86,-137.81,0.0,1,dns_outage,0.0
1789892818.1037905,Firewall,1507.54,0.0,9999.0,12.5,-53.9,180.2,0.65,0.37,22761.16,1508.22,3927.79,-53.74,-1.5,7555.88,-0.2,1,dns_outage,0.0
1789892818.1066644,Firewall,1507.44,0.0,505.79,12.5,-54.0,176.9,0.49,0.4,22758.61,1507.88,3540.04,-53.86,-1.73,-1938.73,-0.6,1,dns_outage,0.0
1789892818.109491,Firewall,1507.7,0.0,521.47,12.5,-53.9,177.5,0.27,0.25,22763.6,1507.68,3155.3,-53.9,-0.99,-1923.7,-0.2,1,dns_outage,0.0
1789892818.1119664,Firewall,1507.69,0.0,1697.97,12.5,-54.1,180.1,0.1,0.36,22762.9,1507.58,3005.71,-53.96,-0.51,-747.95,-0.3,1,dns_outage,0.0
1789892818.1149259,Firewall,1506.98,0.0,973.41,12.5,-54.3,178.5,0.26,0.61,22757.8,1507.47,2739.53,-54.04,-0.53,-1330.92,-0.4,1,dns_outage,0.0
1789892818.1175468,Firewall,1507.18,0.0,898.56,12.5,-53.9,177.4,0.28,0.49,22754.01,1507.4,919.44,-54.04,-0.36,-9100.44,0.0,1,dns_outage,0.0
1789892818.120187,Firewall,1507.48,0.0,9999.0,25.0,-54.0,175.3,0.29,0.36,22757.62,1507.41,2818.08,-54.04,0.04,9493.21,0.0,1,dns_outage,0.0
1789892818.123029,Firewall,1506.97,0.0,9999.0,37.5,-53.8,174.3,0.28,0.56,22759.44,1507.26,4713.59,-54.02,-0.73,9477.53,0.1,1,dns_outage,0.0
1789892818.1256597,Firewall,1506.92,0.0,9999.0,37.5,-53.7,171.1,0.21,0.4,22761.61,1507.11,6373.79,-53.94,-0.77,8301.03,0.4,1,,0.0
1789892818.1286545,Firewall,1506.19,0.0,909.05,37.5,-53.6,172.2,0.43,0.62,22761.45,1506.95,6360.92,-53.8,-0.79,-64.36,0.7,1,none,0.33
1789892818.1311243,Firewall,1506.14,0.0,907.58,37.5,-53.9,168.5,0.51,0.4,22766.4,1506.74,6362.73,-53.8,-1.04,9.02,0.0,1,none,0.2
1789892818.133762,Firewall,1505.88,0.0,907.92,37.5,-54.3,164.6,0.44,0.44,22767.4,1506.42,4544.51,-53.86,-1.6,-9091.08,-0.3,1,none,0.2
1789892818.1363838,Firewall,1505.99,0.0,907.14,37.5,-53.9,166.9,0.37,0.37,22772.26,1506.22,2726.14,-53.88,-0.98,-9091.86,-0.1,0,none,10.0
1789892818.1400752,Firewall,1505.26,0.0,906.01,37.5,-53.9,164.6,0.33,0.27,22772.24,1505.89,907.54,-53.92,-1.66,-9092.99,-0.2,0,none,10.0
1789892818.14279,Firewall,1504.86,0.0,907.43,25.0,-54.0,167.6,0.49,0.2,22774.57,1505.63,907.22,-54.0,-1.33,-1.62,-0.4,0,none,10.0
1789892818.1452386,Firewall,1505.55,0.0,906.04,12.5,-53.8,169.1,0.41,0.46,22779.45,1505.51,906.91,-53.98,-0.59,-1.54,0.1,0,none,10.0
1789892818.147877,Firewall,1505.08,0.0,905.59,0.0,-53.8,172.5,0.39,0.32,22781.45,1505.35,906.44,-53.88,-0.8,-2.33,0.5,0,none,10.0
1789892818.150302,Firewall,1505.44,0.0,906.17,0.0,-54.1,170.2,0.25,0.31,22781.81,1505.24,906.25,-53.92,-0.55,-0.97,-0.2,0,none,10.0
1789892818.1529062,Firewall,1505.7,0.0,907.02,0.0,-54.3,172.7,0.31,0.58,22785.9,1505.33,906.45,-54.0,0.44,1.01,-0.4,0,none,10.0
1789892818.1555667,Firewall,1505.81,0.0,906.76,0.0,-54.5,169.1,0.25,0.52,22788.73,1505.52,906.32,-54.1,0.95,-0.67,-0.5,0,none,10.0
1789892818.1581833,Firewall,1506.09,0.0,907.79,0.0,-54.3,172.8,0.34,0.48,22784.24,1505.62,906.67,-54.2,0.54,1.75,-0.5,0,none,10.0
1789892818.160795,Firewall,1506.86,0.0,907.57,0.0,-54.1,170.4,0.49,0.43,22786.61,1505.98,907.06,-54.26,1.78,1.98,-0.3,0,none,10.0
1789892818.1641998,Firewall,1506.73,0.0,908.43,0.0,-54.2,169.4,0.47,0.3,22782.66,1506.24,907.51,-54.28,1.29,2.26,-0.1,0,none,10.0
1789892818.1668146,Firewall,1507.03,0.0,907.57,0.0,-54.4,166.1,0.47,0.43,22786.54,1506.5,907.62,-54.3,1.33,0.55,-0.1,0,none,10.0
1789892818.1694357,Firewall,1506.3,0.0,907.99,0.0,-54.8,162.4,0.35,0.36,22784.68,1506.6,907.87,-54.36,0.49,1.23,-0.3,0,none,10.0
1789892818.1720524,Firewall,1506.72,0.0,908.51,0.0,-54.5,161.8,0.24,0.41,22784.74,1506.73,908.01,-54.4,0.63,0.72,-0.2,0,none,10.0
1789892818.1745698,Firewall,1506.33,0.0,907.19,0.0,-54.7,158.4,0.28,0.43,22790.05,1506.62,907.94,-54.52,-0.53,-0.38,-0.6,0,none,10.0
1789892818.1772525,Firewall,1506.71,0.0,907.82,0.0,-54.9,156.2,0.28,0.37,22793.19,1506.62,907.82,-54.66,-0.02,-0.61,-0.7,0,none,10.0
1789892818.1797886,Firewall,1505.97,0.0,909.27,0.0,-55.1,157.9,0.28,0.25,22791.04,1506.41,908.16,-54.8,-1.06,1.7,-0.7,0,none,10.0
1789892818.1821537,Firewall,1506.73,0.0,909.48,0.0,-55.1,154.3,0.3,0.49,22790.69,1506.49,908.45,-54.86,0.43,1.49,-0.3,0,none,10.0
1789892818.184784,Firewall,1506.25,0.0,908.6,0.0,-54.7,150.4,0.29,0.34,22786.33,1506.4,908.47,-54.9,-0.47,0.09,-0.2,0,none,10.0
1789892818.187414,Firewall,1506.61,0.0,909.12,0.0,-54.4,150.6,0.3,0.29,22784.74,1506.45,908.86,-54.84,0.28,1.93,0.3,0,none,10.0
1789892818.1900156,Firewall,1506.12,0.0,909.75,0.0,-54.2,147.1,0.29,0.26,22780.34,1506.34,909.24,-54.7,-0.59,1.93,0.7,0,none,10.0
1789892818.193531,Firewall,1505.37,0.0,910.61,0.0,-54.0,148.7,0.48,0.48,22785.53,1506.22,909.51,-54.48,-0.6,1.34,1.1,0,none,10.0
1789892818.1961703,Firewall,1505.59,0.0,909.13,0.0,-53.9,146.0,0.45,0.51,22780.64,1505.99,909.44,-54.24,-1.14,-0.35,1.2,0,none,10.0
1789892818.1987748,Firewall,1506.22,0.0,909.17,0.0,-53.8,145.3,0.45,0.5,22783.36,1505.98,909.56,-54.06,-0.03,0.57,0.9,0,none,10.0
1789892818.2014039,Firewall,1506.96,0.0,909.88,0.0,-53.6,145.2,0.55,0.47,22783.59,1506.05,909.71,-53.9,0.35,0.76,0.8,0,none,10.0
1789892818.2041595,Firewall,1506.29,0.0,909.31,0.0,-53.5,145.1,0.56,0.47,22777.71,1506.09,909.62,-53.76,0.17,-0.44,0.7,0,none,10.0
1789892818.206782,Firewall,1505.67,0.0,909.11,0.0,-53.4,141.2,0.49,0.42,22777.29,1506.15,909.32,-53.64,0.3,-1.5,0.6,0,none,10.0
1789892818.209456,Firewall,1506.09,0.0,907.74,0.0,-53.4,140.2,0.42,0.29,22781.97,1506.25,909.04,-53.54,0.5,-1.39,0.5,0,none,10.0
1789892818.2118344,Firewall,1505.39,0.0,908.67,0.0,-53.0,136.8,0.54,0.35,22784.59,1506.08,908.94,-53.38,-0.83,-0.5,0.8,0,none,10.0
1789892818.2145052,Firewall,1505.21,0.0,908.09,0.0,-53.2,139.7,0.41,0.29,22785.99,1505.73,908.58,-53.3,-1.75,-1.79,0.4,0,none,10.0
1789892818.2172232,Firewall,1505.94,0.0,907.36,0.0,-53.6,141.5,0.33,0.23,22782.14,1505.66,908.19,-53.32,-0.35,-1.95,-0.1,0,none,10.0
1789892818.219947,Firewall,1505.78,0.0,908.49,0.0,-54.0,138.0,0.33,0.19,22785.89,1505.68,908.07,-53.44,0.11,-0.62,-0.6,0,none,10.0
1789892818.222882,Firewall,1506.54,0.0,907.44,0.0,-54.2,137.8,0.47,0.14,22785.13,1505.77,908.01,-53.6,0.45,-0.3,-0.8,0,none,10.0
1789892818.2255678,Firewall,1507.07,0.0,907.41,0.0,-54.4,136.0,0.64,0.46,22784.22,1506.11,907.76,-53.88,1.68,-1.26,-1.4,0,none,10.0
1789892818.228232,Firewall,1507.57,0.0,907.38,0.0,-54.5,136.3,0.67,0.47,22785.83,1506.58,907.62,-54.14,2.36,-0.71,-1.3,0,none,10.0
1789892818.230908,Firewall,1507.34,0.0,906.56,0.0,-54.7,133.8,0.64,0.45,22790.23,1506.86,907.46,-54.36,1.4,-0.8,-1.1,0,none,10.0
1789892818.2337208,Firewall,1507.05,0.0,907.16,0.0,-54.3,137.3,0.34,0.43,22788.14,1507.11,907.19,-54.42,1.27,-1.33,-0.3,0,none,10.0
1789892818.23636,Firewall,1507.59,0.0,908.18,0.0,-54.6,140.6,0.23,0.63,22788.24,1507.32,907.34,-54.5,1.05,0.74,-0.4,0,none,10.0
1789892818.2389698,Firewall,1507.38,0.0,908.3,0.0,-54.4,136.8,0.2,0.65,22793.84,1507.39,907.52,-54.5,0.31,0.89,0.0,0,none,10.0
1789892818.2417483,Firewall,1507.3,0.0,907.42,0.0,-54.5,135.3,0.17,0.67,22788.63,1507.33,907.52,-54.5,-0.27,0.04,0.0,0,none,10.0
1789892818.2447455,Firewall,1507.22,0.0,907.83,0.0,-54.2,137.5,0.18,0.78,22789.99,1507.31,907.78,-54.4,-0.12,1.27,0.5,0,none,10.0
1789892818.2474396,Firewall,1507.86,0.0,908.6,0.0,-53.9,141.4,0.23,0.81,22794.36,1507.47,908.07,-54.32,0.81,1.44,0.4,0,none,10.0
1789892818.2498355,Firewall,1507.7,0.0,909.88,0.0,-54.1,140.4,0.25,0.55,22789.73,1507.49,908.41,-54.22,0.11,1.7,0.5,0,none,10.0
1789892818.252402,Firewall,1508.02,0.0,909.36,0.0,-54.3,142.1,0.31,0.59,22784.4,1507.62,908.62,-54.2,0.64,1.06,0.1,0,none,10.0
1789892818.2551725,Firewall,1508.5,0.0,908.81,0.0,-54.4,142.1,0.42,0.53,22779.26,1507.86,908.9,-54.18,1.2,1.39,0.1,0,none,10.0
1789892818.2577746,Firewall,1507.87,0.0,909.72,0.0,-54.5,144.4,0.27,0.58,22776.65,1507.99,909.27,-54.24,0.65,1.89,-0.3,0,none,10.0
1789892818.2601342,Firewall,1508.31,0.0,910.43,0.0,-54.8,144.9,0.29,0.63,22780.21,1508.08,909.64,-54.42,0.45,1.83,-0.9,0,none,10.0
1789892818.262659,Firewall,1508.58,0.0,910.89,0.0,-54.7,141.8,0.27,0.66,22777.87,1508.26,909.84,-54.54,0.88,1.01,-0.6,0,none,10.0
1789892818.2652745,Firewall,1508.32,0.0,910.6,0.0,-54.7,139.4,0.25,0.75,22772.28,1508.32,910.09,-54.62,0.3,1.24,-0.4,0,none,10.0
1789892818.267895,Firewall,1509.11,0.0,910.14,0.0,-54.6,141.8,0.41,0.81,22769.76,1508.44,910.36,-54.66,0.61,1.33,-0.2,0,none,10.0
1789892818.270496,Firewall,1508.81,0.0,909.88,0.0,-54.4,142.1,0.31,0.86,22764.91,1508.63,910.39,-54.64,0.94,0.16,0.1,0,none,10.0
1789892818.2731576,Firewall,1509.25,0.0,908.89,0.0,-54.5,138.4,0.34,0.73,22769.43,1508.81,910.08,-54.58,0.94,-1.54,0.3,0,none,10.0
1789892818.2762873,Firewall,1508.93,0.0,909.45,0.0,-54.2,135.8,0.32,0.58,22774.46,1508.88,909.79,-54.48,0.35,-1.44,0.5,0,none,10.0
1789892818.2787328,Firewall,1508.84,0.0,908.29,0.0,-54.4,136.9,0.17,0.71,22779.08,1508.99,909.33,-54.42,0.52,-2.31,0.3,0,none,10.0
1789892818.281405,Firewall,1509.11,0.0,909.42,0.0,-54.8,137.9,0.17,0.75,22783.31,1508.99,909.19,-54.46,0.0,-0.72,-0.2,0,none,10.0
1789892818.284022,Firewall,1508.7,0.0,908.46,0.0,-54.8,140.5,0.2,0.8,22777.5,1508.97,908.9,-54.54,-0.11,-1.42,-0.4,0,none,10.0
1789892818.2866452,Firewall,1508.91,0.0,907.95,0.0,-54.5,137.4,0.14,0.81,22773.13,1508.9,908.71,-54.54,-0.34,-0.94,0.0,0,none,10.0
1789892818.2899928,Firewall,1508.43,0.0,906.88,0.0,-54.6,139.6,0.23,0.79,22778.34,1508.8,908.2,-54.62,-0.5,-2.57,-0.4,0,none,10.0
1789892818.2929733,Firewall,1508.88,0.0,905.65,0.0,-54.5,135.6,0.23,0.63,22783.88,1508.81,907.67,-54.64,0.04,-2.64,-0.1,0,none,10.0
1789892818.2955186,Firewall,1508.37,0.0,904.44,0.0,-54.5,138.1,0.22,0.52,22782.68,1508.66,906.68,-54.58,-0.74,-4.98,0.3,0,none,10.0
1789892818.2984169,Firewall,1508.68,0.0,903.15,0.0,-54.4,140.0,0.22,0.51,22783.5,1508.65,905.61,-54.5,-0.02,-5.31,0.4,0,none,10.0
1789892818.3013427,Firewall,1508.09,0.0,902.31,0.0,-54.5,140.2,0.27,0.42,22782.03,1508.49,904.49,-54.5,-0.82,-5.64,0.0,0,none,10.0
1789892818.3039818,Firewall,1508.32,0.0,903.01,0.0,-54.1,141.3,0.28,0.55,22781.55,1508.47,903.71,-54.4,-0.11,-3.87,0.5,0,none,10.0
1789892818.306594,Firewall,1508.78,0.0,903.6,0.0,-54.5,141.4,0.25,0.65,22783.64,1508.45,903.3,-54.4,-0.1,-2.05,0.0,0,none,10.0
1789892818.309231,Firewall,1508.53,0.0,904.73,0.0,-54.7,140.8,0.25,0.67,22781.85,1508.48,903.36,-54.44,0.16,0.29,-0.2,0,none,10.0
1789892818.3120036,Firewall,1508.62,0.0,905.22,0.0,-54.7,139.8,0.24,0.46,22784.24,1508.47,903.77,-54.5,-0.06,2.07,-0.3,0,none,10.0
1789892818.3145278,Firewall,1508.01,0.0,904.14,0.0,-54.9,138.8,0.27,0.33,22786.09,1508.45,904.14,-54.58,-0.08,1.83,-0.4,0,none,10.0
1789892818.3174522,Firewall,1507.42,0.0,903.35,0.0,-55.1,138.5,0.5,0.54,22783.3,1508.27,904.21,-54.78,-0.9,0.34,-1.0,0,none,10.0
1789892818.320223,Firewall,1507.15,0.0,904.78,0.0,-55.1,136.2,0.59,0.33,22779.58,1507.95,904.44,-54.9,-1.63,1.18,-0.6,0,none,10.0
1789892818.3230298,Firewall,1506.35,0.0,905.77,0.0,-55.2,135.0,0.77,0.51,22781.12,1507.51,904.65,-55.0,-2.18,1.04,-0.5,0,none,10.0
1789892818.3256695,Firewall,1506.94,0.0,906.1,0.0,-55.2,132.7,0.54,0.46,22782.81,1507.17,904.83,-55.1,-1.68,0.88,-0.5,0,none,10.0
1789892818.3283057,Firewall,1506.81,0.0,905.56,0.0,-55.5,129.7,0.36,0.52,22784.83,1506.93,905.11,-55.22,-1.2,1.42,-0.6,0,none,10.0
1789892818.330972,Firewall,1506.83,0.0,904.87,0.0,-55.1,129.1,0.26,0.5,22787.97,1506.82,905.42,-55.22,-0.59,1.52,0.0,0,none,10.0
1789892818.3335145,Firewall,1506.43,0.0,903.66,0.0,-55.2,127.6,0.24,0.67,22787.56,1506.67,905.19,-55.24,-0.72,-1.12,-0.1,0,none,10.0
1789892818.3361104,Firewall,1506.75,0.0,903.27,0.0,-55.3,127.8,0.17,0.45,22786.96,1506.75,904.69,-55.26,0.4,-2.5,-0.1,0,none,10.0
1789892818.3387377,Firewall,1507.25,0.0,902.23,0.0,-55.1,131.5,0.26,0.65,22788.85,1506.81,903.92,-55.24,0.31,-3.87,0.1,0,none,10.0
1789892818.341355,Firewall,1506.5,0.0,901.43,0.0,-55.2,134.4,0.29,0.74,22791.29,1506.75,903.09,-55.18,-0.31,-4.13,0.3,0,none,10.0
1789892818.3440604,Firewall,1505.72,0.0,902.33,0.0,-55.0,132.5,0.5,0.56,22785.67,1506.53,902.58,-55.16,-1.11,-2.54,0.1,0,none,10.0
1789892818.346486,Firewall,1505.69,0.0,901.8,0.0,-54.7,136.1,0.6,0.55,22781.57,1506.38,902.21,-55.06,-0.74,-1.86,0.5,0,none,10.0
1789892818.3490136,Firewall,1506.34,0.0,901.02,0.0,-54.7,135.9,0.57,0.34,22783.6,1506.3,901.76,-54.94,-0.41,-2.25,0.6,0,none,10.0
1789892818.3512743,Firewall,1506.61,0.0,901.89,0.0,-54.5,133.6,0.39,0.42,22780.76,1506.17,901.69,-54.82,-0.64,-0.34,0.6,0,none,10.0
1789892818.3538003,Firewall,1506.29,0.0,900.52,0.0,-54.6,133.4,0.36,0.43,22778.43,1506.13,901.51,-54.7,-0.21,-0.91,0.6,0,none,10.0
1789892818.3564997,Firewall,1505.86,0.0,899.82,0.0,-54.8,129.9,0.34,0.42,22776.93,1506.16,901.01,-54.66,0.14,-2.51,0.2,0,none,10.0
1789892818.3593204,Firewall,1506.64,0.0,901.03,0.0,-54.7,128.2,0.28,0.39,22772.55,1506.35,900.86,-54.66,0.95,-0.77,0.0,0,none,10.0
1789892818.3619912,Firewall,1506.34,0.0,901.92,0.0,-54.7,127.6,0.28,0.57,22770.79,1506.35,901.04,-54.66,0.0,0.9,0.0,0,none,10.0
1789892818.3652508,Firewall,1506.39,0.0,903.31,0.0,-55.0,130.1,0.25,0.61,22776.69,1506.3,901.32,-54.76,-0.22,1.42,-0.5,0,none,10.0
1789892818.3681726,Firewall,1507.07,0.0,904.0,0.0,-55.3,131.1,0.39,0.42,22782.65,1506.46,902.02,-54.9,0.78,3.48,-0.7,0,none,10.0
1789892818.3711154,Firewall,1506.52,0.0,904.69,0.0,-55.5,134.8,0.26,0.29,22780.07,1506.59,902.99,-55.04,0.66,4.87,-0.7,0,none,10.0
1789892818.374163,Firewall,1506.42,0.0,904.74,0.0,-55.2,133.5,0.27,0.19,22776.95,1506.55,903.73,-55.14,-0.22,3.71,-0.5,0,none,10.0
1789892818.3771362,Firewall,1507.04,0.0,903.64,0.0,-55.3,132.6,0.3,0.42,22775.27,1506.69,904.08,-55.26,0.7,1.72,-0.6,0,none,10.0
1789892818.3802702,Firewall,1506.38,0.0,903.61,0.0,-55.0,132.9,0.3,0.61,22772.63,1506.69,904.14,-55.26,-0.01,0.3,0.0,0,none,10.0
1789892818.3832157,Firewall,1505.89,0.0,905.03,0.0,-54.7,129.0,0.37,0.52,22777.65,1506.45,904.34,-55.14,-1.18,1.03,0.6,0,none,10.0
1789892818.3861508,Firewall,1505.51,0.0,904.89,0.0,-54.7,133.0,0.52,0.55,22777.87,1506.25,904.38,-54.98,-1.01,0.2,0.8,0,none,10.0
1789892818.3888526,Firewall,1505.1,0.0,903.81,0.0,-54.5,129.9,0.68,0.6,22781.57,1505.98,904.2,-54.84,-1.32,-0.93,0.7,0,none,10.0
1789892818.391587,Firewall,1504.77,0.0,905.03,0.0,-54.4,127.6,0.57,0.7,22784.75,1505.53,904.47,-54.66,-2.27,1.39,0.9,0,none,10.0
1789892818.3945467,Firewall,1504.28,0.0,905.43,0.0,-54.6,125.8,0.56,0.49,22784.4,1505.11,904.84,-54.58,-2.1,1.82,0.4,0,none,10.0
1789892818.396869,Firewall,1504.97,0.0,904.67,0.0,-54.9,129.5,0.4,0.55,22788.67,1504.93,904.77,-54.62,-0.92,-0.36,-0.2,0,none,10.0
1789892818.3996227,Firewall,1505.27,0.0,903.67,0.0,-54.8,132.2,0.34,0.38,22791.27,1504.88,904.52,-54.64,-0.24,-1.22,-0.1,0,none,10.0
1789892818.402155,Firewall,1504.79,0.0,905.11,0.0,-55.1,132.8,0.32,0.5,22793.25,1504.82,904.78,-54.76,-0.31,1.3,-0.6,0,none,10.0
1789892818.404757,Firewall,1505.54,0.0,904.75,0.0,-55.3,132.5,0.43,0.37,22792.07,1504.97,904.73,-54.94,0.77,-0.28,-0.9,0,none,10.0
1789892818.4077845,Firewall,1505.13,0.0,903.6,0.0,-55.0,129.0,0.26,0.45,22794.35,1505.14,904.36,-55.02,0.85,-1.83,-0.4,0,none,10.0
1789892818.410711,Firewall,1505.8,0.0,904.98,0.0,-54.6,132.6,0.35,0.54,22793.4,1505.31,904.42,-54.96,0.83,0.31,0.3,0,none,10.0
1789892818.4129715,Firewall,1506.44,0.0,903.87,0.0,-54.9,130.9,0.57,0.67,22792.91,1505.54,904.46,-54.98,1.17,0.2,-0.1,0,none,10.0
1789892818.4156384,Firewall,1506.69,0.0,903.71,0.0,-54.9,133.2,0.58,0.41,22789.87,1505.92,904.18,-54.94,1.9,-1.4,0.2,0,none,10.0
1789892818.4183843,Firewall,1506.13,0.0,904.08,0.0,-54.6,132.1,0.54,0.6,22786.26,1506.04,904.05,-54.8,0.59,-0.67,0.7,0,none,10.0
1789892818.4209807,Firewall,1506.85,0.0,904.68,0.0,-54.4,134.1,0.38,0.62,22790.23,1506.38,904.26,-54.68,1.72,1.08,0.6,0,none,10.0
1789892818.4236305,Firewall,1506.52,0.0,905.8,0.0,-54.1,130.6,0.24,0.56,22787.12,1506.53,904.43,-54.58,0.72,0.82,0.5,0,none,10.0
1789892818.4263182,Firewall,1506.77,0.0,906.38,0.0,-53.9,133.9,0.26,0.65,22790.59,1506.59,904.93,-54.38,0.33,2.51,1.0,0,none,10.0
1789892818.4289591,Firewall,1507.04,0.0,906.8,0.0,-53.7,135.0,0.31,0.6,22796.07,1506.66,905.55,-54.14,0.35,3.09,1.2,0,none,10.0
1789892818.4316425,Firewall,1507.37,0.0,907.26,0.0,-53.5,131.3,0.28,0.44,22795.8,1506.91,906.18,-53.92,1.24,3.18,1.1,0,none,10.0
1789892818.4342418,Firewall,1507.48,0.0,908.14,0.0,-53.7,133.7,0.36,0.6,22795.83,1507.04,906.88,-53.78,0.63,3.46,0.7,0,none,10.0
1789892818.4368722,Firewall,1507.75,0.0,909.03,0.0,-54.0,134.8,0.34,0.39,22795.79,1507.28,907.52,-53.76,1.23,3.23,0.1,0,none,10.0
1789892818.4395106,Firewall,1507.47,0.0,909.5,0.0,-53.6,138.3,0.23,0.51,22791.49,1507.42,908.15,-53.7,0.7,3.12,0.3,0,none,10.0
1789892818.4421194,Firewall,1507.52,0.0,909.18,0.0,-54.0,141.1,0.13,0.33,22790.42,1507.52,908.62,-53.76,0.48,2.38,-0.3,0,none,10.0
1789892818.445259,Firewall,1508.22,0.0,908.14,0.0,-54.0,140.6,0.28,0.48,22790.67,1507.69,908.8,-53.86,0.85,0.88,-0.5,0,none,10.0
1789892818.447914,Firewall,1507.74,0.0,907.53,0.0,-53.7,144.6,0.27,0.31,22785.71,1507.74,908.68,-53.86,0.26,-0.61,0.0,0,none,10.0
1789892818.4505627,Firewall,1507.04,0.0,908.63,0.0,-54.1,145.2,0.39,0.36,22782.6,1507.6,908.6,-53.88,-0.71,-0.4,-0.1,0,none,10.0
1789892818.4529588,Firewall,1507.0,0.0,907.19,0.0,-54.4,142.8,0.45,0.47,22783.75,1507.5,908.13,-54.04,-0.47,-2.31,-0.8,0,none,10.0
1789892818.455556,Firewall,1507.06,0.0,908.01,0.0,-54.6,143.1,0.49,0.36,22783.42,1507.41,907.9,-54.16,-0.46,-1.17,-0.6,0,none,10.0
1789892818.4581664,Firewall,1507.76,0.0,906.88,0.0,-54.4,146.4,0.35,0.39,22782.09,1507.32,907.65,-54.24,-0.46,-1.26,-0.4,0,none,10.0
1789892818.461076,Firewall,1508.47,0.0,908.28,0.0,-54.5,149.4,0.57,0.58,22785.49,1507.47,907.8,-54.4,0.73,0.75,-0.8,0,none,10.0
1789892818.4634778,Firewall,1509.13,0.0,907.29,0.0,-54.6,151.6,0.82,0.37,22786.01,1507.88,907.53,-54.5,2.09,-1.34,-0.5,0,none,10.0
1789892818.466064,Firewall,1508.58,0.0,908.7,0.0,-54.8,149.0,0.72,0.27,22788.14,1508.2,907.83,-54.58,1.58,1.51,-0.4,0,none,10.0
1789892818.468675,Firewall,1507.83,0.0,909.47,0.0,-54.6,149.3,0.51,0.32,22784.86,1508.35,908.12,-54.58,0.77,1.46,0.0,0,none,10.0
1789892818.471308,Firewall,1507.82,0.0,908.25,0.0,-54.8,145.4,0.5,0.38,22783.97,1508.37,908.4,-54.66,0.06,1.37,-0.4,0,none,10.0
1789892818.474059,Firewall,1507.51,0.0,908.39,0.0,-54.6,144.2,0.59,0.31,22782.46,1508.17,908.42,-54.68,-0.96,0.11,-0.1,0,none,10.0
1789892818.4771185,Firewall,1507.51,0.0,907.53,0.0,-54.8,140.4,0.39,0.29,22782.27,1507.85,908.47,-54.72,-1.62,0.24,-0.2,0,none,10.0
1789892818.4792604,Firewall,1527.76,0.0,961.21,0.0,-54.8,136.5,8.04,0.46,23268.54,1511.69,918.97,-54.72,19.18,52.51,0.0,1,traffic_overload,0.0
1789892818.4814258,Firewall,1551.02,0.0,1105.32,0.0,-55.0,137.0,17.22,0.54,23681.08,1520.32,958.14,-54.8,43.19,195.85,-0.4,1,traffic_overload,0.0
1789892818.4843721,Firewall,1574.48,0.0,1193.37,0.0,-54.7,138.2,25.96,0.39,24073.55,1533.66,1015.16,-54.78,66.66,285.12,0.1,1,traffic_overload,0.0
1789892818.4870017,Firewall,1588.47,0.0,1271.23,0.0,-54.7,141.3,29.6,0.6,24370.78,1549.85,1087.73,-54.8,80.96,362.84,-0.1,1,traffic_overload,0.0
1789892818.4896379,Firewall,1622.07,0.0,1325.66,0.0,-54.6,139.9,32.18,0.69,24891.13,1572.76,1171.36,-54.76,114.56,418.13,0.2,1,traffic_overload,0.0
1789892818.4933019,Firewall,1638.44,0.0,1499.41,0.0,-54.7,143.5,31.68,0.7,25333.37,1594.9,1279.0,-54.74,110.68,538.2,0.1,1,traffic_overload,0.0
1789892818.495695,Firewall,1655.06,0.0,1626.56,0.0,-54.6,146.6,30.16,0.49,25700.08,1615.7,1383.25,-54.66,104.04,521.24,0.4,1,traffic_overload,0.0
1789892818.4983733,Firewall,1666.03,0.0,1689.22,0.0,-54.6,143.3,27.22,0.58,26113.63,1634.01,1482.42,-54.64,91.55,495.85,0.1,1,traffic_overload,0.0
1789892818.5011144,Firewall,1678.02,0.0,1744.53,0.0,-54.2,139.9,19.81,0.69,26638.24,1651.92,1577.08,-54.54,89.55,473.3,0.5,1,traffic_overload,0.0
1789892818.5039127,Firewall,1700.88,0.0,1813.61,0.0,-53.9,136.4,21.1,0.71,26976.12,1667.69,1674.67,-54.4,78.81,487.95,0.7,1,traffic_overload,0.0
1789892818.5065548,Firewall,1722.31,0.0,1990.57,0.0,-53.8,135.2,24.28,0.54,27482.05,1684.46,1772.9,-54.22,83.87,491.16,0.9,1,traffic_overload,0.0
1789892818.5092006,Firewall,1745.34,0.0,2033.57,0.0,-54.0,138.8,28.84,0.51,27774.08,1702.52,1854.3,-54.1,90.28,407.01,0.6,1,traffic_overload,0.0
1789892818.5118492,Firewall,1765.42,0.0,2184.22,0.0,-54.3,139.2,31.02,0.46,28222.97,1722.39,1953.3,-54.04,99.39,495.0,0.3,1,traffic_overload,0.0
1789892818.5144732,Firewall,1788.86,0.0,2266.93,0.0,-54.3,139.8,30.99,0.6,28776.78,1744.56,2057.78,-54.06,110.84,522.4,-0.1,1,traffic_overload,0.0
1789892818.5173783,Firewall,1803.65,0.0,2345.72,0.0,-54.4,139.8,29.23,0.68,29226.87,1765.12,2164.2,-54.16,102.77,532.11,-0.5,1,traffic_overload,0.0
1789892818.5200157,Firewall,1822.1,0.0,2443.73,0.0,-54.3,142.0,27.19,0.52,29500.77,1785.07,2254.83,-54.26,99.79,453.16,-0.5,1,traffic_overload,0.0
1789892818.5226429,Firewall,1855.07,0.0,2564.72,0.0,-54.5,138.6,30.36,0.44,29790.08,1807.02,2361.06,-54.36,109.73,531.15,-0.5,1,traffic_overload,0.0
1789892818.5254462,Firewall,1892.69,0.0,2724.1,0.0,-54.8,139.3,37.36,0.41,30237.45,1832.47,2469.04,-54.46,127.27,539.88,-0.5,1,,0.0
1789892818.528068,Firewall,1892.38,0.0,2724.96,0.0,-55.0,138.0,36.11,0.27,30236.31,1853.18,2560.65,-54.6,103.52,458.03,-0.7,1,none,0.5
1789892818.5307243,Firewall,1892.98,0.0,2725.16,0.0,-55.2,137.5,28.48,0.37,30232.01,1871.04,2636.53,-54.76,89.33,379.44,-0.8,1,none,0.33
1789892818.5336754,Firewall,1893.53,0.0,2724.02,0.0,-54.9,140.1,15.14,0.48,30233.53,1885.33,2692.59,-54.88,71.43,280.29,-0.6,1,none,0.2
1789892818.5358882,Firewall,1893.38,0.0,2723.58,0.0,-54.6,142.1,0.43,0.48,30237.94,1892.99,2724.36,-54.9,38.31,158.86,-0.1,1,none,0.2
1789892818.5381098,Firewall,1893.48,0.0,2722.77,0.0,-54.4,140.8,0.43,0.31,30239.19,1893.15,2724.1,-54.82,0.79,-1.33,0.4,0,none,10.0
1789892818.5403936,Firewall,1894.15,0.0,2723.75,0.0,-54.1,143.9,0.38,0.49,30233.63,1893.5,2723.86,-54.64,1.77,-1.21,0.9,0,none,10.0
1789892818.5428843,Firewall,1894.29,0.0,2723.45,0.0,-54.0,144.1,0.38,0.42,30228.57,1893.77,2723.51,-54.4,1.31,-1.71,1.2,0,none,10.0
1789892818.5453851,Firewall,1893.61,0.0,2722.21,0.0,-53.8,147.0,0.37,0.46,30222.61,1893.78,2723.15,-54.18,0.08,-1.81,1.1,0,none,10.0
1789892818.548071,Firewall,1893.13,0.0,2723.44,0.0,-53.8,150.1,0.43,0.49,30226.3,1893.73,2723.12,-54.02,-0.25,-0.14,0.8,0,none,10.0
1789892818.550493,Firewall,1893.16,0.0,2724.39,0.0,-53.7,148.4,0.48,0.5,30220.65,1893.67,2723.45,-53.88,-0.32,1.62,0.7,0,none,10.0
1789892818.5528944,Firewall,1892.53,0.0,2722.92,0.0,-53.3,147.6,0.58,0.62,30223.42,1893.34,2723.28,-53.72,-1.62,-0.83,0.8,0,none,10.0
1789892818.5551567,Firewall,1892.32,0.0,2721.5,0.0,-53.0,148.5,0.47,0.38,30219.89,1892.95,2722.89,-53.52,-1.97,-1.95,1.0,0,none,10.0
1789892818.5578184,Firewall,1892.0,0.0,2722.65,0.0,-53.4,150.9,0.46,0.53,30217.85,1892.63,2722.98,-53.44,-1.61,0.44,0.4,0,none,10.0
1789892818.5602014,Firewall,1892.07,0.0,2722.64,0.0,-53.6,154.0,0.42,0.69,30216.68,1892.42,2722.82,-53.4,-1.06,-0.8,0.2,0,none,10.0
1789892818.5626693,Firewall,1892.04,0.0,2721.51,0.0,-53.6,157.8,0.2,0.54,30211.33,1892.19,2722.24,-53.38,-1.12,-2.88,0.1,0,none,10.0
1789892818.565708,Firewall,1891.25,0.0,882.51,0.0,-53.9,154.4,0.36,0.41,30215.39,1891.94,2354.16,-53.5,-1.28,-1840.41,-0.6,1,dns_outage,0.0
1789892818.5685093,Firewall,1891.7,0.0,9999.0,12.5,-53.6,150.9,0.31,0.61,30212.25,1891.81,3809.66,-53.62,-0.62,7277.5,-0.6,1,dns_outage,0.0
1789892818.57132,Firewall,1892.21,0.0,1774.39,12.5,-53.9,151.2,0.34,0.58,30207.25,1891.85,3620.01,-53.72,0.21,-948.26,-0.5,1,dns_outage,0.0
1789892818.5740209,Firewall,1892.56,0.0,9999.0,25.0,-53.8,148.0,0.45,0.4,30209.39,1891.95,5075.28,-53.76,0.49,7276.36,-0.2,1,dns_outage,0.0
1789892818.5767953,Firewall,1891.94,0.0,1921.27,25.0,-54.1,151.4,0.45,0.39,30206.77,1891.93,4915.23,-53.86,-0.1,-800.24,-0.5,1,dns_outage,0.0
1789892818.5793211,Firewall,1891.82,0.0,1652.35,25.0,-54.0,152.1,0.31,0.47,30201.09,1892.05,5069.2,-53.88,0.57,769.84,-0.1,1,dns_outage,0.0
1789892818.5820189,Firewall,1891.44,0.0,9999.0,37.5,-53.7,151.0,0.38,0.63,30202.32,1891.99,5069.2,-53.9,-0.26,0.0,-0.1,1,dns_outage,0.0
1789892818.5848014,Firewall,1890.81,0.0,9999.0,50.0,-53.6,147.5,0.58,0.76,30208.17,1891.71,6714.12,-53.84,-1.4,8224.61,0.3,1,dns_outage,0.0
1789892818.5876117,Firewall,1890.05,0.0,9999.0,62.5,-53.9,150.8,0.7,0.7,30209.01,1891.21,6714.12,-53.86,-2.51,0.0,-0.1,1,dns_outage,0.0
1789892818.5900044,Firewall,1890.75,0.0,2476.81,50.0,-54.3,150.1,0.61,0.81,30214.88,1890.97,6825.23,-53.9,-1.19,555.54,-0.2,1,dns_outage,0.0
1789892818.5926332,Firewall,1890.82,0.0,1357.24,50.0,-54.1,150.3,0.44,0.83,30214.75,1890.77,6766.21,-53.92,-1.0,-295.11,-0.1,1,dns_outage,0.0
1789892818.5953054,Firewall,1890.74,0.0,1994.25,37.5,-54.1,148.8,0.29,0.87,30218.05,1890.63,5165.26,-54.0,-0.7,-8004.75,-0.4,1,dns_outage,0.0
1789892818.5976825,Firewall,1890.25,0.0,9999.0,50.0,-54.4,149.4,0.31,0.72,30221.07,1890.52,5165.26,-54.16,-0.56,0.0,-0.8,1,dns_outage,0.0
1789892818.6002731,Firewall,1889.6,0.0,9999.0,62.5,-54.5,147.0,0.46,0.57,30224.75,1890.43,5165.26,-54.28,-0.45,0.0,-0.6,1,dns_outage,0.0
1789892818.6030056,Firewall,1889.63,0.0,565.36,50.0,-54.4,146.8,0.52,0.56,30219.87,1890.21,4782.97,-54.3,-1.12,-1911.45,-0.1,1,dns_outage,0.0
1789892818.606078,Firewall,1889.65,0.0,9999.0,50.0,-54.2,147.9,0.45,0.46,30215.15,1889.97,6511.32,-54.32,-1.17,8641.76,-0.1,1,dns_outage,0.0
1789892818.6087518,Firewall,1889.96,0.0,9999.0,50.0,-54.0,145.5,0.25,0.48,30213.09,1889.82,8112.27,-54.3,-0.78,8004.75,0.1,1,dns_outage,0.0
1789892818.611581,Firewall,1889.98,0.0,2024.85,50.0,-53.6,147.8,0.17,0.32,30209.24,1889.76,6517.44,-54.14,-0.27,-7974.15,0.8,1,,0.0
1789892818.6142092,Firewall,1889.25,0.0,2025.11,50.0,-53.6,148.0,0.27,0.25,30213.64,1889.69,4922.66,-53.96,-0.35,-7973.89,0.9,0,none,10.0
1789892818.6171894,Firewall,1889.03,0.0,2026.16,50.0,-53.6,149.9,0.38,0.33,30211.68,1889.57,5214.82,-53.8,-0.6,1460.8,0.8,0,none,10.0
1789892818.6198313,Firewall,1889.73,0.0,2024.86,37.5,-53.3,146.5,0.39,0.59,30210.4,1889.59,3620.0,-53.62,0.08,-7974.14,0.9,0,none,10.0
1789892818.622658,Firewall,1889.55,0.0,2024.61,25.0,-53.1,144.4,0.34,0.75,30212.29,1889.51,2025.12,-53.44,-0.41,-7974.39,0.9,0,none,10.0
1789892818.6251228,Firewall,1890.27,0.0,2023.63,25.0,-52.8,144.5,0.43,0.57,30215.11,1889.57,2024.87,-53.28,0.29,-1.22,0.8,0,none,10.0
1789892818.6277947,Firewall,1890.62,0.0,2024.4,12.5,-52.7,146.1,0.55,0.35,30213.29,1889.84,2024.73,-53.1,1.37,-0.71,0.9,0,none,10.0
1789892818.6306005,Firewall,1891.05,0.0,2024.04,0.0,-52.8,143.4,0.55,0.53,30209.63,1890.24,2024.31,-52.94,2.02,-2.12,0.8,0,none,10.0
1789892818.633232,Firewall,1890.26,0.0,2023.3,0.0,-52.6,145.0,0.49,0.49,30211.04,1890.35,2024.0,-52.8,0.53,-1.56,0.7,0,none,10.0
1789892818.6356425,Firewall,1889.49,0.0,2023.29,0.0,-52.6,146.5,0.51,0.54,30208.58,1890.34,2023.73,-52.7,-0.06,-1.32,0.5,0,none,10.0
1789892818.638173,Firewall,1889.03,0.0,2024.03,0.0,-52.6,146.2,0.74,0.53,30205.97,1890.09,2023.81,-52.66,-1.24,0.4,0.2,0,none,10.0
1789892818.6408348,Firewall,1889.51,0.0,2024.81,0.0,-52.8,147.1,0.71,0.54,30211.11,1889.87,2023.89,-52.68,-1.11,0.41,-0.1,0,none,10.0
1789892818.643563,Firewall,1889.01,0.0,2025.87,0.0,-52.5,150.4,0.45,0.71,30216.12,1889.46,2024.26,-52.62,-2.04,1.83,0.3,0,none,10.0
1789892818.6463456,Firewall,1889.52,0.0,2025.95,0.0,-52.5,150.0,0.24,0.54,30212.98,1889.31,2024.79,-52.6,-0.74,2.65,0.1,0,none,10.0
1789892818.6489363,Firewall,1890.24,0.0,2024.69,0.0,-52.6,153.4,0.45,0.59,30212.13,1889.46,2025.07,-52.6,0.75,1.4,0.0,0,none,10.0
1789892818.6515853,Firewall,1890.82,0.0,2024.46,0.0,-52.3,154.0,0.64,0.49,30210.14,1889.82,2025.16,-52.54,1.79,0.43,0.3,0,none,10.0
1789892818.654117,Firewall,1890.05,0.0,2023.98,0.0,-52.4,150.0,0.62,0.69,30213.28,1889.93,2024.99,-52.46,0.54,-0.83,0.4,0,none,10.0
1789892818.6568663,Firewall,1889.6,0.0,2023.41,0.0,-52.6,151.3,0.47,0.53,30218.99,1890.05,2024.5,-52.48,0.59,-2.46,-0.1,0,none,10.0
1789892818.659292,Firewall,1889.43,0.0,2024.82,0.0,-52.7,155.2,0.49,0.42,30221.51,1890.03,2024.27,-52.52,-0.09,-1.13,-0.2,0,none,10.0
1789892818.6621225,Firewall,1888.8,0.0,2023.88,0.0,-52.7,157.7,0.67,0.4,30218.13,1889.74,2024.11,-52.54,-1.44,-0.81,-0.1,0,none,10.0
1789892818.6649165,Firewall,1889.3,0.0,2025.29,0.0,-53.1,157.2,0.41,0.46,30218.05,1889.44,2024.28,-52.7,-1.52,0.83,-0.8,0,none,10.0
1789892818.667544,Firewall,1889.91,0.0,2023.92,0.0,-53.0,154.3,0.37,0.52,30223.72,1889.41,2024.26,-52.82,-0.14,-0.06,-0.6,0,none,10.0
1789892818.6701615,Firewall,1889.34,0.0,2022.7,0.0,-53.1,150.8,0.35,0.62,30228.81,1889.36,2024.12,-52.92,-0.26,-0.71,-0.5,0,none,10.0
1789892818.6728137,Firewall,1902.05,0.0,2084.65,0.0,-52.8,153.6,5.1,0.37,30789.56,1891.88,2036.09,-52.94,12.62,59.83,-0.1,1,traffic_overload,0.0
1789892818.6754699,Firewall,1937.63,0.0,2147.43,0.0,-52.8,153.5,18.64,0.54,31092.32,1901.65,2060.8,-52.96,48.83,123.55,-0.1,1,traffic_overload,0.0
1789892818.6783478,Firewall,1966.96,0.0,2303.8,0.0,-52.7,155.9,30.48,0.63,31398.82,1917.18,2116.5,-52.88,77.66,278.51,0.4,1,traffic_overload,0.0
1789892818.6809893,Firewall,1999.87,0.0,2409.71,0.0,-52.9,155.1,40.79,0.69,31800.53,1939.17,2193.66,-52.86,109.96,385.79,0.1,1,traffic_overload,0.0
1789892818.683802,Firewall,2025.75,0.0,2457.6,0.0,-53.2,154.4,43.84,0.53,32359.71,1966.45,2280.64,-52.88,136.41,434.9,-0.1,1,traffic_overload,0.0
1789892818.6864362,Firewall,2046.07,0.0,2525.71,0.0,-52.9,152.9,39.13,0.63,32691.22,1995.26,2368.85,-52.9,144.02,441.06,-0.1,1,traffic_overload,0.0
1789892818.689063,Firewall,2081.28,0.0,2682.84,0.0,-53.1,156.0,39.01,0.41,32995.86,2023.99,2475.93,-52.96,143.65,535.41,-0.3,1,traffic_overload,0.0
1789892818.691816,Firewall,2106.92,0.0,2833.24,0.0,-53.3,152.9,38.25,0.55,33320.49,2051.98,2581.82,-53.08,139.96,529.44,-0.6,1,traffic_overload,0.0
1789892818.6948154,Firewall,2131.46,0.0,2987.14,0.0,-53.2,152.2,38.61,0.47,33788.33,2078.3,2697.31,-53.14,131.59,577.43,-0.3,1,traffic_overload,0.0
1789892818.6974566,Firewall,2147.42,0.0,3140.56,0.0,-53.0,155.4,36.09,0.39,34288.59,2102.63,2833.9,-53.1,121.67,682.96,0.2,1,traffic_overload,0.0
1789892818.7000785,Firewall,2173.9,0.0,3250.11,0.0,-53.0,158.8,32.01,0.38,34840.13,2128.2,2978.78,-53.12,127.83,724.4,-0.1,1,traffic_overload,0.0
1789892818.7028406,Firewall,2187.69,0.0,3403.61,0.0,-52.6,156.4,28.97,0.46,35311.06,2149.48,3122.93,-53.02,106.41,720.77,0.5,1,traffic_overload,0.0
1789892818.705466,Firewall,2214.87,0.0,3569.55,0.0,-52.5,158.3,29.43,0.45,35670.76,2171.07,3270.19,-52.86,107.95,736.31,0.8,1,traffic_overload,0.0
1789892818.7080853,Firewall,2226.6,0.0,3625.57,0.0,-52.2,159.1,28.41,0.35,36097.6,2190.1,3397.88,-52.66,95.14,638.43,1.0,1,traffic_overload,0.0
1789892818.7110624,Firewall,2246.34,0.0,3718.82,0.0,-52.2,157.9,26.16,0.34,36471.34,2209.88,3513.53,-52.5,98.92,578.26,0.8,1,,0.0
1789892818.713702,Firewall,2245.62,0.0,3719.89,0.0,-52.4,159.5,21.79,0.36,36471.17,2224.22,3607.49,-52.38,71.72,469.78,0.6,1,none,1.0
1789892818.7163365,Firewall,2245.17,0.0,3719.58,0.0,-52.6,155.5,12.79,0.44,36476.48,2235.72,3670.68,-52.38,57.48,315.97,0.0,1,none,0.83
1789892818.7189622,Firewall,2244.87,0.0,3720.68,0.0,-52.2,153.6,7.58,0.52,36476.65,2241.72,3700.91,-52.32,30.0,151.13,0.3,1,none,0.67
1789892818.7216072,Firewall,2245.49,0.0,3722.01,0.0,-51.8,156.2,0.5,0.55,36476.54,2245.5,3720.2,-52.24,18.89,96.44,0.4,1,none,0.5
1789892818.7242212,Firewall,2245.19,0.0,3720.86,0.0,-51.8,156.4,0.26,0.72,36476.46,2245.27,3720.6,-52.16,-1.15,2.04,0.4,1,none,0.33
1789892818.7272499,Firewall,2244.56,0.0,3720.97,0.0,-51.8,159.1,0.31,0.65,36481.47,2245.06,3720.82,-52.04,-1.06,1.08,0.6,1,none,0.2
1789892818.7296574,Firewall,2244.11,0.0,3719.77,0.0,-52.0,157.6,0.48,0.56,36477.69,2244.84,3720.86,-51.92,-1.06,0.19,0.6,1,none,0.2
1789892818.7322462,Firewall,2244.68,0.0,3719.45,0.0,-52.1,156.8,0.49,0.64,36483.14,2244.81,3720.61,-51.9,-0.19,-1.23,0.1,0,none,10.0
1789892818.7348619,Firewall,2244.69,0.0,3718.05,0.0,-52.3,153.2,0.34,0.44,36478.25,2244.65,3719.82,-52.0,-0.8,-3.96,-0.5,0,none,10.0
1789892818.7378953,Firewall,2245.45,0.0,3718.1,0.0,-52.6,155.5,0.43,0.46,36483.97,2244.7,3719.27,-52.16,0.26,-2.76,-0.8,0,none,10.0
1789892818.7409337,Firewall,2245.52,0.0,3717.83,0.0,-52.8,156.1,0.53,0.56,36485.81,2244.89,3718.64,-52.36,0.96,-3.14,-1.0,0,none,10.0
1789892818.743951,Firewall,2245.21,0.0,3716.59,0.0,-52.5,154.8,0.36,0.44,36482.03,2245.11,3718.0,-52.46,1.1,-3.18,-0.5,0,none,10.0
1789892818.7463694,Firewall,2245.1,0.0,3716.0,0.0,-52.6,156.7,0.3,0.28,36478.86,2245.19,3717.31,-52.56,0.42,-3.45,-0.5,0,none,10.0
1789892818.7489498,Firewall,2282.7,0.0,3798.34,0.0,-52.5,160.0,14.95,0.35,36940.84,2252.8,3733.37,-52.6,38.01,80.29,-0.2,1,traffic_overload,0.0
1789892818.7517748,Firewall,2315.88,0.0,3915.1,0.0,-52.3,158.4,28.47,0.6,37395.37,2266.88,3772.77,-52.54,70.43,197.0,0.3,1,traffic_overload,0.0
1789892818.754397,Firewall,2331.11,0.0,4023.75,0.0,-52.1,158.0,35.37,0.55,37799.2,2284.0,3833.96,-52.4,85.59,305.92,0.7,1,traffic_overload,0.0
1789892818.7572892,Firewall,2365.02,0.0,4142.39,0.0,-51.7,155.0,41.1,0.43,38340.03,2307.96,3919.12,-52.24,119.81,425.8,0.8,1,traffic_overload,0.0
1789892818.760277,Firewall,2400.29,0.0,4299.42,0.0,-51.5,151.4,40.5,0.53,38665.21,2339.0,4035.8,-52.02,155.19,583.42,1.1,1,traffic_overload,0.0
1789892818.7626863,Firewall,2411.94,0.0,4445.46,0.0,-51.8,150.9,37.44,0.44,39152.71,2364.85,4165.22,-51.88,129.24,647.12,0.7,1,traffic_overload,0.0
1789892818.7653039,Firewall,2434.07,0.0,4512.59,0.0,-52.1,153.1,36.36,0.56,39433.21,2388.49,4284.72,-51.84,118.19,597.49,0.2,1,traffic_overload,0.0
1789892818.7680395,Firewall,2444.15,0.0,4578.05,0.0,-52.0,151.6,27.79,0.51,39757.9,2411.09,4395.58,-51.82,113.04,554.3,0.1,1,traffic_overload,0.0
1789892818.7706597,Firewall,2458.72,0.0,4662.18,0.0,-52.1,154.8,21.21,0.48,40165.02,2429.83,4499.54,-51.9,93.7,519.79,-0.4,1,traffic_overload,0.0
1789892818.7735674,Firewall,2486.95,0.0,4826.27,0.0,-52.0,153.8,25.05,0.64,40708.5,2447.17,4604.91,-52.0,86.66,526.85,-0.5,1,traffic_overload,0.0
1789892818.7763708,Firewall,2520.71,0.0,4993.13,0.0,-51.7,152.2,31.43,0.72,41037.53,2468.92,4714.44,-51.98,108.77,547.67,0.1,1,traffic_overload,0.0
1789892818.7788224,Firewall,2557.63,0.0,5149.84,0.0,-51.7,154.0,41.33,0.7,41495.01,2493.63,4841.89,-51.9,123.56,637.25,0.4,1,traffic_overload,0.0
1789892818.7815483,Firewall,2586.42,0.0,5289.3,0.0,-51.4,150.2,46.16,0.8,41886.59,2522.09,4984.14,-51.78,142.27,711.25,0.6,1,traffic_overload,0.0
1789892818.7841966,Firewall,2604.69,0.0,5419.72,0.0,-51.3,146.7,42.9,0.53,42436.15,2551.28,5135.65,-51.62,145.97,757.54,0.8,1,traffic_overload,0.0
1789892818.7866683,Firewall,2621.47,0.0,5538.03,0.0,-50.9,145.4,35.69,0.37,42954.03,2578.18,5278.0,-51.4,134.52,711.76,1.1,1,,0.0
1789892818.7893772,Firewall,2620.99,0.0,5539.31,0.0,-50.7,142.3,24.03,0.45,42950.82,2598.24,5387.24,-51.2,100.28,546.18,1.0,0,none,10.0
1789892818.791868,Firewall,2620.54,0.0,5539.32,0.0,-50.7,145.3,13.74,0.4,42952.53,2610.82,5465.14,-51.0,62.91,389.48,1.0,0,none,10.0
1789892818.7945356,Firewall,2619.82,0.0,5539.15,0.0,-50.3,148.0,6.43,0.36,42951.91,2617.5,5515.11,-50.78,33.4,249.85,1.1,0,none,10.0
1789892818.796937,Firewall,2619.14,0.0,5539.22,0.0,-50.6,151.5,0.83,0.61,42946.69,2620.39,5539.01,-50.64,14.45,119.5,0.7,0,none,10.0
1789892818.7995737,Firewall,2619.55,0.0,5538.39,0.0,-50.8,150.8,0.67,0.77,42949.48,2620.01,5539.08,-50.62,-1.92,0.36,0.1,0,none,10.0
1789892818.802199,Firewall,2620.23,0.0,5539.68,0.0,-51.1,154.5,0.49,0.61,42952.73,2619.86,5539.15,-50.7,-0.76,0.37,-0.4,0,none,10.0
1789892818.804731,Firewall,2620.66,0.0,5539.5,0.0,-50.9,150.6,0.53,0.64,42949.94,2619.88,5539.19,-50.74,0.12,0.18,-0.2,0,none,10.0
1789892818.8071303,Firewall,2620.44,0.0,5540.72,0.0,-50.9,147.2,0.57,0.65,42949.75,2620.0,5539.5,-50.86,0.62,1.57,-0.6,0,none,10.0
1789892818.809404,Firewall,2620.16,0.0,5540.08,0.0,-50.8,145.2,0.37,0.75,42952.27,2620.21,5539.67,-50.9,1.02,0.86,-0.2,0,none,10.0
1789892818.8116786,Firewall,2619.55,0.0,5541.02,0.0,-50.5,147.5,0.37,0.64,42948.99,2620.21,5540.2,-50.84,0.0,2.63,0.3,0,none,10.0
1789892818.8139446,Firewall,2620.06,0.0,5540.99,0.0,-50.4,150.6,0.38,0.47,42950.98,2620.17,5540.46,-50.7,-0.17,1.31,0.7,0,none,10.0
1789892818.8162358,Firewall,2620.47,0.0,5540.16,0.0,-50.7,150.0,0.33,0.62,42950.51,2620.14,5540.59,-50.66,-0.19,0.66,0.2,0,none,10.0
1789892818.8185513,Firewall,2620.37,0.0,5538.75,0.0,-51.1,151.2,0.32,0.74,42950.36,2620.12,5540.2,-50.7,-0.07,-1.97,-0.2,0,none,10.0
1789892818.8208714,Firewall,2620.87,0.0,5538.29,0.0,-50.8,150.2,0.44,0.53,42951.66,2620.26,5539.84,-50.7,0.71,-1.79,0.0,0,none,10.0
1789892818.8236897,Firewall,2620.18,0.0,5537.1,0.0,-50.8,150.7,0.28,0.34,42954.87,2620.39,5539.06,-50.76,0.63,-3.92,-0.3,0,none,10.0
1789892818.8262935,Firewall,2620.14,0.0,5538.04,0.0,-50.5,148.5,0.26,0.56,42960.81,2620.41,5538.47,-50.78,0.08,-2.95,-0.1,0,none,10.0
1789892818.8288374,Firewall,2619.86,0.0,5536.67,0.0,-50.2,152.2,0.33,0.51,42965.0,2620.28,5537.77,-50.68,-0.61,-3.49,0.5,0,none,10.0
1789892818.8312414,Firewall,2619.34,0.0,5537.05,0.0,-50.2,156.2,0.5,0.36,42967.76,2620.08,5537.43,-50.5,-1.03,-1.7,0.9,0,none,10.0
1789892818.8339334,Firewall,2618.93,0.0,5537.74,0.0,-50.2,159.8,0.48,0.33,42965.23,2619.69,5537.32,-50.38,-1.94,-0.55,0.6,0,none,10.0
1789892818.8365362,Firewall,2619.66,0.0,5538.57,0.0,-49.8,163.7,0.42,0.55,42960.06,2619.59,5537.61,-50.18,-0.52,1.47,1.0,0,none,10.0
1789892818.8391201,Firewall,2643.73,0.0,5610.87,0.0,-49.5,162.9,9.72,0.34,43433.68,2624.3,5552.18,-49.98,23.59,72.83,1.0,1,traffic_overload,0.0
1789892818.8415406,Firewall,2673.14,0.0,5677.68,0.0,-49.4,165.8,21.31,0.6,43840.97,2634.96,5580.38,-49.82,53.28,141.01,0.8,1,traffic_overload,0.0
1789892818.8444412,Firewall,2687.24,0.0,5827.79,0.0,-49.3,163.4,27.7,0.4,44126.18,2648.54,5638.53,-49.64,67.9,290.74,0.9,1,traffic_overload,0.0
1789892818.8471022,Firewall,2698.78,0.0,5994.64,0.0,-49.1,161.1,29.01,0.24,44522.33,2664.51,5729.91,-49.42,79.85,456.9,1.1,1,traffic_overload,0.0
1789892818.849745,Firewall,2732.7,0.0,6037.65,0.0,-49.0,157.1,29.3,0.21,44903.25,2687.12,5829.73,-49.26,113.04,499.08,0.8,1,traffic_overload,0.0
1789892818.8524852,Firewall,2767.64,0.0,6189.71,0.0,-48.7,159.1,34.12,0.43,45355.4,2711.9,5945.49,-49.1,123.91,578.84,0.8,1,traffic_overload,0.0
1789892818.856026,Firewall,2787.39,0.0,6263.18,0.0,-48.5,155.9,38.49,0.63,45723.27,2734.75,6062.59,-48.92,114.25,585.5,0.9,1,traffic_overload,0.0
1789892818.8583722,Firewall,2804.69,0.0,6315.02,0.0,-48.4,153.5,38.17,0.45,46203.02,2758.24,6160.04,-48.74,117.45,487.23,0.9,1,traffic_overload,0.0
1789892818.8609717,Firewall,2823.29,0.0,6401.6,0.0,-48.0,155.1,31.24,0.58,46550.73,2783.14,6241.43,-48.52,124.51,406.96,1.1,1,traffic_overload,0.0
1789892818.8638039,Firewall,2858.92,0.0,6550.05,0.0,-48.3,155.3,31.28,0.64,47102.82,2808.39,6343.91,-48.38,126.22,512.4,0.7,1,traffic_overload,0.0
1789892818.8664188,Firewall,2882.11,0.0,6660.71,0.0,-48.0,152.7,34.77,0.55,47508.61,2831.28,6438.11,-48.24,114.47,471.0,0.7,1,,0.0
1789892818.8689427,Firewall,2882.01,0.0,6659.68,0.0,-47.8,151.4,31.31,0.62,47513.15,2850.2,6517.41,-48.1,94.62,396.5,0.7,1,none,0.5
1789892818.8714745,Firewall,2882.38,0.0,6658.71,0.0,-47.8,150.9,23.06,0.75,47518.48,2865.74,6586.15,-47.98,77.69,343.69,0.6,1,none,0.33
1789892818.8737223,Firewall,2882.07,0.0,6659.54,0.0,-47.8,152.2,9.29,0.62,47521.48,2877.5,6637.74,-47.94,58.78,257.94,0.2,1,none,0.2
1789892818.876361,Firewall,2882.67,0.0,6660.26,0.0,-47.6,152.7,0.25,0.76,47527.01,2882.25,6659.78,-47.8,23.75,110.21,0.7,1,none,0.2
1789892818.8789928,Firewall,2883.18,0.0,6660.13,0.0,-47.9,150.6,0.43,0.59,47526.61,2882.46,6659.66,-47.78,1.07,-0.58,0.1,0,none,10.0
1789892818.881387,Firewall,2883.41,0.0,6661.18,0.0,-48.3,150.5,0.5,0.59,47528.98,2882.74,6659.96,-47.88,1.4,1.5,-0.5,0,none,10.0
1789892818.8839936,Firewall,2883.18,0.0,6660.92,0.0,-48.3,152.6,0.48,0.72,47529.12,2882.9,6660.41,-47.98,0.8,2.21,-0.5,0,none,10.0
1789892818.886982,Firewall,2904.36,0.0,6709.54,0.0,-48.7,152.6,8.5,0.43,48085.56,2887.36,6670.41,-48.16,22.29,50.0,-0.9,1,traffic_overload,0.0
1789892818.8895006,Firewall,2941.15,0.0,6804.27,0.0,-48.7,149.2,22.58,0.48,48360.06,2899.06,6699.21,-48.38,58.48,144.01,-1.1,1,traffic_overload,0.0
1789892818.8917532,Firewall,2965.07,0.0,6886.51,0.0,-48.6,151.8,32.6,0.66,48658.37,2915.43,6744.48,-48.52,81.89,226.38,-0.7,1,traffic_overload,0.0
1789892818.893974,Firewall,2981.75,0.0,7047.26,0.0,-48.7,149.0,36.74,0.44,49026.1,2935.1,6821.7,-48.6,98.34,386.08,-0.4,1,traffic_overload,0.0
1789892818.8965876,Firewall,3000.94,0.0,7163.56,0.0,-48.6,150.6,33.51,0.34,49529.83,2958.65,6922.23,-48.66,117.76,502.64,-0.3,1,traffic_overload,0.0
1789892818.8992755,Firewall,3039.2,0.0,7268.46,0.0,-48.6,150.3,33.23,0.32,49896.54,2985.62,7034.01,-48.64,134.84,558.92,0.1,1,traffic_overload,0.0
1789892818.9016016,Firewall,3054.26,0.0,7416.06,0.0,-48.9,150.6,33.75,0.42,50431.01,3008.24,7156.37,-48.68,113.11,611.79,-0.2,1,traffic_overload,0.0
1789892818.9042065,Firewall,3086.88,0.0,7528.68,0.0,-48.6,153.2,37.54,0.53,50732.72,3032.61,7284.8,-48.68,121.81,642.17,0.0,1,traffic_overload,0.0
1789892818.9068606,Firewall,3097.46,0.0,7622.79,0.0,-48.6,154.6,34.61,0.56,51258.04,3055.75,7399.91,-48.66,115.71,575.53,0.1,1,traffic_overload,0.0
1789892818.9093668,Firewall,3112.29,0.0,7787.12,0.0,-49.0,156.5,27.21,0.6,51686.88,3078.02,7524.62,-48.74,111.35,623.56,-0.4,1,traffic_overload,0.0
1789892818.9119287,Firewall,3132.1,0.0,7860.04,0.0,-49.3,157.1,26.05,0.68,52026.69,3096.6,7642.94,-48.88,92.9,591.58,-0.7,1,traffic_overload,0.0
1789892818.9140992,Firewall,3155.32,0.0,8008.28,0.0,-49.2,154.9,24.52,0.43,52568.16,3116.81,7761.38,-48.94,101.06,592.22,-0.3,1,traffic_overload,0.0
1789892818.9162319,Firewall,3183.91,0.0,8088.46,0.0,-48.8,154.1,30.76,0.33,52952.92,3136.22,7873.34,-48.98,97.03,559.78,-0.2,1,traffic_overload,0.0
1789892818.9189265,Firewall,3197.08,0.0,8150.44,0.0,-48.5,156.3,31.46,0.44,53391.13,3156.14,7978.87,-48.96,99.62,527.65,0.1,1,traffic_overload,0.0
1789892818.9215803,Firewall,3214.35,0.0,8216.01,0.0,-48.7,160.3,29.43,0.56,53890.72,3176.55,8064.65,-48.9,102.06,428.89,0.3,1,,0.0
1789892818.9242525,Firewall,3214.9,0.0,8215.25,0.0,-48.7,159.8,22.16,0.49,53886.23,3193.11,8135.69,-48.78,82.8,355.21,0.6,0,none,10.0
1789892818.926544,Firewall,3215.04,0.0,8216.52,0.0,-48.4,156.5,12.6,0.58,53889.04,3205.06,8177.34,-48.62,59.72,208.24,0.8,0,none,10.0
1789892818.9291022,Firewall,3215.72,0.0,8215.41,0.0,-48.6,153.0,7.18,0.74,53893.18,3211.42,8202.73,-48.58,31.81,126.95,0.2,0,none,10.0
1789892818.9315808,Firewall,3215.98,0.0,8215.0,0.0,-48.9,150.0,0.59,0.82,53893.97,3215.2,8215.64,-48.66,18.9,64.56,-0.4,0,none,10.0
1789892818.9342332,Firewall,3216.01,0.0,8214.95,0.0,-48.6,147.2,0.47,0.5,53894.53,3215.53,8215.43,-48.64,1.66,-1.06,0.1,0,none,10.0
1789892818.9368834,Firewall,3215.99,0.0,8213.7,0.0,-49.0,150.3,0.37,0.67,53894.63,3215.75,8215.12,-48.7,1.09,-1.55,-0.3,0,none,10.0
1789892818.9395695,Firewall,3216.16,0.0,8212.26,0.0,-48.8,148.7,0.14,0.64,53897.89,3215.97,8214.26,-48.78,1.12,-4.26,-0.4,0,none,10.0
1789892818.942226,Firewall,3215.65,0.0,8211.43,0.0,-48.9,148.7,0.17,0.56,53901.61,3215.96,8213.47,-48.84,-0.07,-3.98,-0.3,0,none,10.0
1789892818.9447935,Firewall,3215.18,0.0,8211.4,0.0,-48.9,150.0,0.35,0.4,53906.04,3215.8,8212.75,-48.84,-0.8,-3.6,0.0,0,none,10.0
1789892818.947402,Firewall,3214.49,0.0,8212.29,0.0,-49.0,150.3,0.6,0.58,53904.2,3215.49,8212.22,-48.92,-1.52,-2.66,-0.4,0,none,10.0
1789892818.9499285,Firewall,3214.22,0.0,8210.81,0.0,-48.8,147.6,0.72,0.36,53903.75,3215.14,8211.64,-48.88,-1.77,-2.89,0.2,0,none,10.0
1789892818.9526138,Firewall,3214.56,0.0,8210.36,0.0,-48.7,146.0,0.52,0.49,53909.19,3214.82,8211.26,-48.86,-1.6,-1.9,0.1,0,none,10.0
1789892818.955264,Firewall,3214.13,0.0,8209.22,0.0,-48.5,144.7,0.37,0.44,53906.82,3214.52,8210.82,-48.78,-1.52,-2.21,0.4,0,none,10.0
1789892818.957974,Firewall,3213.43,0.0,8209.78,0.0,-48.6,146.2,0.4,0.65,53912.04,3214.17,8210.49,-48.72,-1.75,-1.62,0.3,0,none,10.0
1789892818.9607081,Firewall,3212.9,0.0,9999.0,12.5,-48.8,142.3,0.6,0.77,53910.71,3213.85,8567.83,-48.68,-1.59,1786.71,0.2,1,dns_outage,0.0
1789892818.9631007,Firewall,3213.21,0.0,9999.0,25.0,-49.1,142.4,0.61,0.73,53912.25,3213.65,8925.47,-48.74,-1.01,1788.19,-0.3,1,dns_outage,0.0
1789892818.9654973,Firewall,3212.49,0.0,9999.0,37.5,-48.8,145.5,0.55,0.77,53911.45,3213.23,9283.2,-48.76,-2.07,1788.64,-0.1,1,dns_outage,0.0
1789892818.967748,Firewall,3212.06,0.0,9999.0,50.0,-48.6,143.4,0.49,0.8,53915.66,3212.82,9641.16,-48.78,-2.07,1789.78,-0.1,1,dns_outage,0.0
1789892818.97002,Firewall,3212.8,0.0,1607.86,50.0,-48.2,147.1,0.39,0.64,53917.41,3212.69,8320.77,-48.7,-0.63,-6601.92,0.4,1,dns_outage,0.0
1789892818.972586,Firewall,3212.55,0.0,9999.0,62.5,-48.0,147.2,0.38,0.48,53913.34,3212.62,8320.77,-48.54,-0.35,0.0,0.8,1,dns_outage,0.0
1789892818.9751017,Firewall,3212.68,0.0,9999.0,75.0,-47.8,144.7,0.25,0.49,53910.82,3212.52,8320.77,-48.28,-0.53,0.0,1.3,1,dns_outage,0.0
1789892818.9779675,Firewall,3212.66,0.0,1862.33,75.0,-47.9,147.3,0.26,0.47,53912.53,3212.55,6693.44,-48.1,0.17,-8136.67,0.9,1,dns_outage,0.0
1789892818.9804018,Firewall,3213.03,0.0,9999.0,75.0,-47.7,144.5,0.16,0.35,53917.79,3212.74,6693.44,-47.92,0.97,0.0,0.9,1,dns_outage,0.0
1789892818.98303,Firewall,3212.74,0.0,9999.0,75.0,-48.1,146.6,0.16,0.35,53913.03,3212.73,8371.67,-47.9,-0.06,8391.14,0.1,1,dns_outage,0.0
1789892818.9854136,Firewall,3213.44,0.0,1243.0,62.5,-48.1,148.9,0.29,0.26,53916.17,3212.91,6620.47,-47.92,0.89,-8756.0,-0.1,1,dns_outage,0.0
1789892818.9879196,Firewall,3214.18,0.0,998.34,50.0,-47.7,151.2,0.56,0.36,53916.59,3213.21,4820.33,-47.9,1.5,-9000.66,0.1,1,dns_outage,0.0
1789892818.990519,Firewall,3213.77,0.0,9999.0,62.5,-47.7,152.6,0.51,0.6,53921.35,3213.43,6447.67,-47.86,1.11,8136.67,0.2,1,dns_outage,0.0
1789892818.993198,Firewall,3213.48,0.0,9999.0,62.5,-47.5,155.0,0.47,0.38,53926.77,3213.52,6447.67,-47.82,0.45,0.0,0.2,1,,0.0
1789892818.9959722,Firewall,3214.07,0.0,1010.17,50.0,-47.1,156.2,0.3,0.54,53931.55,3213.79,4649.9,-47.62,1.33,-8988.83,1.0,1,none,0.67
1789892818.9987144,Firewall,3214.16,0.0,1011.46,50.0,-47.4,152.8,0.27,0.57,53930.58,3213.93,4603.59,-47.48,0.72,-231.54,0.7,1,none,0.5
1789892819.0016737,Firewall,3213.9,0.0,1011.63,37.5,-47.3,151.2,0.24,0.46,53927.59,3213.88,4606.25,-47.4,-0.28,13.29,0.4,1,none,0.33
1789892819.0043485,Firewall,3214.65,0.0,1012.11,25.0,-47.1,154.3,0.38,0.49,53924.41,3214.05,2808.87,-47.28,0.88,-8986.89,0.6,1,none,0.2
1789892819.0075228,Firewall,3214.99,0.0,1011.46,25.0,-47.1,158.1,0.41,0.37,53920.99,3214.35,1011.37,-47.2,1.51,-8987.54,0.4,1,none,0.2
1789892819.0101445,Firewall,3214.19,0.0,1011.89,25.0,-47.4,160.7,0.39,0.46,53920.51,3214.38,1011.71,-47.26,0.12,1.72,-0.3,0,none,10.0
1789892819.0126808,Firewall,3214.31,0.0,1011.54,12.5,-47.1,163.1,0.38,0.33,53921.17,3214.41,1011.73,-47.2,0.15,0.08,0.3,0,none,10.0
1789892819.0152936,Firewall,3213.94,0.0,1012.89,0.0,-47.4,166.7,0.37,0.49,53918.63,3214.42,1011.98,-47.22,0.04,1.26,-0.1,0,none,10.0
1789892819.0179539,Firewall,3213.55,0.0,1012.48,0.0,-47.1,168.5,0.47,0.3,53917.24,3214.2,1012.05,-47.22,-1.1,0.37,0.0,0,none,10.0
1789892819.020711,Firewall,3213.31,0.0,1012.99,0.0,-47.1,170.9,0.38,0.22,53911.6,3213.86,1012.36,-47.22,-1.68,1.53,0.0,0,none,10.0
1789892819.0236812,Firewall,3213.76,0.0,1011.7,0.0,-47.2,168.9,0.34,0.39,53917.28,3213.77,1012.32,-47.18,-0.43,-0.19,0.2,0,none,10.0
1789892819.0263174,Firewall,3213.75,0.0,1010.31,0.0,-47.5,170.0,0.22,0.49,53916.91,3213.66,1012.07,-47.26,-0.56,-1.23,-0.4,0,none,10.0
1789892819.0287457,Firewall,3213.4,0.0,1011.12,0.0,-47.8,168.7,0.18,0.39,53919.51,3213.55,1011.72,-47.34,-0.54,-1.77,-0.4,0,none,10.0
1789892819.031408,Firewall,3213.83,0.0,1012.38,0.0,-48.0,167.2,0.21,0.48,53916.98,3213.61,1011.7,-47.52,0.28,-0.1,-0.9,0,none,10.0
1789892819.0340176,Firewall,3214.28,0.0,1011.34,0.0,-47.8,168.1,0.28,0.43,53920.74,3213.8,1011.37,-47.66,0.97,-1.65,-0.7,0,none,10.0
1789892819.0367334,Firewall,3214.57,0.0,1011.3,0.0,-48.0,164.7,0.41,0.41,53916.7,3213.97,1011.29,-47.82,0.81,-0.4,-0.8,0,none,10.0
1789892819.039074,Firewall,3214.92,0.0,1012.59,0.0,-48.0,164.2,0.53,0.48,53918.14,3214.2,1011.75,-47.92,1.17,2.28,-0.5,0,none,10.0
1789892819.04126,Firewall,3214.43,0.0,1012.4,0.0,-48.3,162.0,0.36,0.64,53923.63,3214.41,1012.0,-48.02,1.03,1.28,-0.5,0,none,10.0
1789892819.0438638,Firewall,3213.66,0.0,1012.93,0.0,-48.4,159.3,0.41,0.49,53920.32,3214.37,1012.11,-48.1,-0.17,0.55,-0.4,0,none,10.0
1789892819.0464072,Firewall,3242.39,0.0,1086.67,0.0,-48.0,160.1,11.21,0.3,54305.3,3219.99,1027.18,-48.14,28.11,75.33,-0.2,1,traffic_overload,0.0
1789892819.0489774,Firewall,3262.21,0.0,1175.33,0.0,-47.8,159.3,19.63,0.23,54598.95,3229.52,1059.98,-48.1,47.64,164.03,0.2,1,traffic_overload,0.0
1789892819.051548,Firewall,3272.88,0.0,1334.77,0.0,-47.5,157.3,24.17,0.16,55066.52,3241.11,1124.42,-48.0,57.96,322.18,0.5,1,traffic_overload,0.0
1789892819.0540087,Firewall,3288.26,0.0,1473.47,0.0,-47.6,159.6,25.86,0.29,55595.66,3255.88,1216.63,-47.86,73.83,461.07,0.7,1,traffic_overload,0.0
1789892819.0567367,Firewall,3301.09,0.0,1585.33,0.0,-47.5,155.8,20.37,0.36,55903.15,3273.37,1331.11,-47.68,87.43,572.4,0.9,1,traffic_overload,0.0
1789892819.0593855,Firewall,3318.3,0.0,1654.47,0.0,-47.7,155.3,19.91,0.49,56258.24,3288.55,1444.67,-47.62,75.91,567.8,0.3,1,traffic_overload,0.0
1789892819.0620363,Firewall,3338.27,0.0,1711.94,0.0,-48.0,155.7,22.82,0.63,56674.14,3303.76,1552.0,-47.66,76.06,536.61,-0.2,1,traffic_overload,0.0
1789892819.0644681,Firewall,3377.3,0.0,1830.97,0.0,-47.8,156.2,31.23,0.57,57082.78,3324.64,1651.24,-47.72,104.42,496.2,-0.3,1,traffic_overload,0.0
1789892819.0668905,Firewall,3396.42,0.0,2004.44,0.0,-48.2,155.3,35.68,0.66,57557.29,3346.28,1757.43,-47.84,108.16,530.97,-0.6,1,traffic_overload,0.0
1789892819.0693717,Firewall,3420.9,0.0,2162.87,0.0,-48.3,157.2,37.47,0.63,57993.92,3370.24,1872.94,-48.0,119.81,577.54,-0.8,1,traffic_overload,0.0
1789892819.0720127,Firewall,3447.24,0.0,2253.27,0.0,-48.0,159.3,37.22,0.7,58317.78,3396.03,1992.7,-48.06,128.94,598.8,-0.3,1,traffic_overload,0.0
1789892819.0741954,Firewall,3472.28,0.0,2372.32,0.0,-47.8,160.8,34.1,0.79,58765.54,3422.83,2124.77,-48.02,134.01,660.38,0.2,1,traffic_overload,0.0
1789892819.076517,Firewall,3503.46,0.0,2488.11,0.0,-47.7,163.4,37.58,0.73,59292.82,3448.06,2256.2,-48.0,126.16,657.14,0.1,1,traffic_overload,0.0
1789892819.0791407,Firewall,3526.46,0.0,2547.08,0.0,-47.7,160.3,37.84,0.66,59826.88,3474.07,2364.73,-47.9,130.04,542.64,0.5,1,traffic_overload,0.0
1789892819.081371,Firewall,3542.94,0.0,2648.24,0.0,-47.7,163.0,34.92,0.79,60235.82,3498.48,2461.8,-47.78,122.04,485.37,0.6,1,traffic_overload,0.0
1789892819.0837173,Firewall,3558.63,0.0,2699.66,0.0,-47.8,165.0,30.36,0.6,60744.56,3520.75,2551.08,-47.74,111.39,446.39,0.2,1,traffic_overload,0.0
1789892819.0860002,Firewall,3592.28,0.0,2752.09,0.0,-47.5,167.1,29.98,0.53,61155.51,3544.75,2627.04,-47.68,120.0,379.77,0.3,1,,0.0
1789892819.0885203,Firewall,3591.52,0.0,2751.99,0.0,-47.2,168.7,26.17,0.52,61155.26,3562.37,2679.81,-47.58,88.06,263.88,0.5,0,none,10.0
1789892819.0912259,Firewall,3592.08,0.0,2752.11,0.0,-47.0,169.9,20.77,0.56,61156.15,3575.49,2720.82,-47.44,65.62,205.03,0.7,0,none,10.0
1789892819.0934267,Firewall,3591.87,0.0,2751.14,0.0,-46.6,168.2,13.32,0.49,61158.1,3585.28,2741.4,-47.22,48.93,102.9,1.1,0,none,10.0
1789892819.0961084,Firewall,3592.06,0.0,2751.43,0.0,-46.3,170.1,0.26,0.51,61158.08,3591.96,2751.75,-46.92,33.43,51.77,1.5,0,none,10.0
1789892819.0983205,Firewall,3592.17,0.0,2752.8,0.0,-46.2,173.3,0.23,0.55,61162.56,3591.94,2751.89,-46.66,-0.11,0.71,1.3,0,none,10.0
1789892819.100722,Firewall,3592.25,0.0,2753.61,0.0,-46.0,170.6,0.13,0.51,61158.12,3592.09,2752.22,-46.42,0.73,1.62,1.2,0,none,10.0
1789892819.103138,Firewall,3592.22,0.0,2752.62,0.0,-46.1,168.7,0.14,0.33,61158.74,3592.11,2752.32,-46.24,0.14,0.51,0.9,0,none,10.0
1789892819.1058908,Firewall,3592.24,0.0,2752.93,0.0,-46.5,165.3,0.07,0.57,61158.94,3592.19,2752.68,-46.22,0.37,1.79,0.1,0,none,10.0
1789892819.1086323,Firewall,3592.09,0.0,2751.71,0.0,-46.7,164.7,0.06,0.64,61153.14,3592.19,2752.73,-46.3,0.03,0.28,-0.4,0,none,10.0
1789892819.1113868,Firewall,3592.21,0.0,2752.08,0.0,-46.4,164.9,0.06,0.68,61152.29,3592.2,2752.59,-46.34,0.04,-0.72,-0.2,0,none,10.0
1789892819.1141303,Firewall,3592.55,0.0,2751.66,0.0,-46.2,162.1,0.15,0.8,61154.12,3592.26,2752.2,-46.38,0.3,-1.95,-0.2,0,none,10.0
1789892819.116925,Firewall,3592.82,0.0,2751.61,0.0,-46.1,159.0,0.27,0.54,61149.99,3592.38,2752.0,-46.38,0.6,-1.01,0.0,0,none,10.0
1789892819.1195698,Firewall,3593.51,0.0,9999.0,12.5,-45.9,155.6,0.51,0.33,61149.48,3592.64,4201.21,-46.26,1.27,7246.07,0.6,1,dns_outage,0.0
1789892819.1218235,Firewall,3593.08,0.0,9999.0,25.0,-45.8,159.3,0.44,0.39,61153.0,3592.83,5650.67,-46.08,0.99,7247.29,0.9,1,dns_outage,0.0
1789892819.1245203,Firewall,3592.9,0.0,1968.98,25.0,-45.9,156.3,0.32,0.28,61153.72,3592.97,5494.05,-45.98,0.69,-783.1,0.5,1,dns_outage,0.0
1789892819.1271641,Firewall,3593.63,0.0,9999.0,37.5,-45.7,153.9,0.32,0.19,61158.47,3593.19,6943.52,-45.88,1.08,7247.34,0.5,1,dns_outage,0.0
1789892819.1294277,Firewall,3592.98,0.0,1463.22,37.5,-45.9,152.2,0.29,0.47,61160.18,3593.22,6685.84,-45.84,0.16,-1288.39,0.2,1,dns_outage,0.0
1789892819.1318789,Firewall,3593.68,0.0,1933.38,37.5,-46.0,151.0,0.33,0.29,61154.6,3593.25,5072.72,-45.86,0.17,-8065.62,-0.1,1,dns_outage,0.0
1789892819.1341019,Firewall,3593.02,0.0,9999.0,50.0,-46.0,149.0,0.34,0.53,61159.22,3593.24,5072.72,-45.9,-0.06,0.0,-0.2,1,dns_outage,0.0
1789892819.1365662,Firewall,3593.79,0.0,9999.0,62.5,-46.0,148.1,0.35,0.38,61157.43,3593.42,6678.72,-45.92,0.89,8030.02,-0.1,1,dns_outage,0.0
1789892819.1387331,Firewall,3593.81,0.0,9999.0,62.5,-46.0,146.4,0.38,0.55,61158.06,3593.46,6678.72,-45.98,0.18,0.0,-0.3,1,dns_outage,0.0
1789892819.141177,Firewall,3593.12,0.0,9999.0,62.5,-46.2,147.0,0.34,0.38,61154.51,3593.48,8385.88,-46.04,0.14,8535.78,-0.3,1,dns_outage,0.0
1789892819.1438475,Firewall,3593.1,0.0,483.42,62.5,-46.2,145.0,0.35,0.43,61154.64,3593.37,8095.88,-46.08,-0.58,-1449.96,-0.2,1,dns_outage,0.0
1789892819.1466002,Firewall,3592.95,0.0,895.17,50.0,-46.3,143.1,0.37,0.3,61148.92,3593.35,6275.12,-46.14,-0.07,-9103.83,-0.3,1,dns_outage,0.0
1789892819.1490712,Firewall,3593.44,0.0,2298.56,50.0,-46.3,139.7,0.31,0.4,61151.95,3593.28,4735.03,-46.2,-0.35,-7700.44,-0.3,1,dns_outage,0.0
1789892819.1512444,Firewall,3592.64,0.0,1499.21,50.0,-46.5,139.0,0.26,0.3,61148.25,3593.05,3035.07,-46.3,-1.17,-8499.79,-0.5,1,dns_outage,0.0
1789892819.1534646,Firewall,3592.54,0.0,1797.03,37.5,-46.8,141.1,0.32,0.27,61150.86,3592.93,1394.68,-46.42,-0.58,-8201.97,-0.6,1,dns_outage,0.0
1789892819.1559062,Firewall,3592.44,0.0,1125.52,25.0,-47.0,138.1,0.36,0.53,61154.32,3592.8,1523.1,-46.58,-0.66,642.1,-0.8,1,dns_outage,0.0
1789892819.1587315,Firewall,3591.81,0.0,737.14,12.5,-47.0,138.7,0.52,0.61,61153.31,3592.57,1491.49,-46.72,-1.14,-158.03,-0.7,1,dns_outage,0.0
1789892819.1613402,Firewall,3591.8,0.0,9999.0,12.5,-46.8,142.0,0.37,0.41,61154.04,3592.25,3031.58,-46.82,-1.64,7700.44,-0.5,1,,0.0
1789892819.163894,Firewall,3591.27,0.0,740.48,12.5,-46.6,145.8,0.47,0.35,61152.55,3591.97,2879.83,-46.84,-1.37,-758.73,-0.1,1,none,0.33
1789892819.1667936,Firewall,3591.81,0.0,741.98,12.5,-47.0,149.2,0.37,0.34,61153.84,3591.83,2668.82,-46.88,-0.73,-1055.05,-0.2,1,none,0.2
1789892819.1694093,Firewall,3591.06,0.0,741.29,12.5,-46.7,145.7,0.32,0.37,61152.22,3591.55,2591.98,-46.82,-1.38,-384.23,0.3,1,none,0.2
1789892819.1719794,Firewall,3590.35,0.0,741.98,12.5,-46.3,149.5,0.54,0.51,61150.43,3591.26,2592.95,-46.68,-1.46,4.84,0.7,0,none,10.0
1789892819.1748276,Firewall,3590.22,0.0,741.72,12.5,-46.1,148.7,0.59,0.56,61148.5,3590.94,741.49,-46.54,-1.58,-9257.28,0.7,0,none,10.0
1789892819.1777594,Firewall,3589.86,0.0,742.39,12.5,-45.8,147.5,0.69,0.67,61145.53,3590.66,741.87,-46.38,-1.41,1.91,0.8,0,none,10.0
1789892819.1803703,Firewall,3590.52,0.0,742.23,12.5,-45.8,145.7,0.39,0.47,61144.72,3590.4,741.92,-46.14,-1.29,0.25,1.2,0,none,10.0
1789892819.1831622,Firewall,3590.78,0.0,741.75,0.0,-46.1,143.3,0.31,0.57,61140.29,3590.35,742.01,-46.02,-0.28,0.46,0.6,0,none,10.0
1789892819.1857917,Firewall,3591.02,0.0,743.15,0.0,-45.9,145.0,0.41,0.41,61142.82,3590.48,742.25,-45.94,0.67,1.17,0.4,0,none,10.0
1789892819.188404,Firewall,3591.16,0.0,742.6,0.0,-45.9,145.4,0.46,0.5,61138.68,3590.67,742.42,-45.9,0.94,0.88,0.2,0,none,10.0
1789892819.1912127,Firewall,3591.6,0.0,742.29,0.0,-45.7,148.0,0.36,0.39,61144.11,3591.02,742.4,-45.88,1.74,-0.1,0.1,0,none,10.0
1789892819.1941464,Firewall,3591.31,0.0,741.45,0.0,-45.4,147.8,0.27,0.59,61147.46,3591.17,742.25,-45.8,0.79,-0.78,0.4,0,none,10.0
1789892819.1965158,Firewall,3590.55,0.0,742.62,0.0,-45.1,145.3,0.35,0.65,61145.99,3591.13,742.42,-45.6,-0.23,0.87,1.0,0,none,10.0
1789892819.199231,Firewall,3591.01,0.0,742.4,0.0,-44.9,149.2,0.35,0.44,61141.1,3591.13,742.27,-45.4,-0.01,-0.75,1.0,0,none,10.0
1789892819.2018485,Firewall,3591.57,0.0,741.18,0.0,-45.1,149.4,0.39,0.36,61142.1,3591.21,741.99,-45.24,0.41,-1.42,0.8,0,none,10.0
1789892819.204458,Firewall,3592.32,0.0,740.27,0.0,-45.4,147.7,0.59,0.57,61141.62,3591.35,741.58,-45.18,0.72,-2.02,0.3,0,none,10.0
1789892819.2070653,Firewall,3591.81,0.0,740.27,0.0,-45.0,147.6,0.62,0.42,61144.71,3591.45,741.35,-45.1,0.5,-1.18,0.4,0,none,10.0
1789892819.2098389,Firewall,3591.13,0.0,738.95,0.0,-44.7,150.9,0.48,0.49,61139.23,3591.57,740.61,-45.02,0.58,-3.67,0.4,0,none,10.0
1789892819.2124772,Firewall,3591.38,0.0,739.2,0.0,-44.3,154.6,0.41,0.55,61140.87,3591.64,739.97,-44.9,0.37,-3.2,0.6,0,none,10.0
1789892819.2156274,Firewall,3590.77,0.0,737.8,0.0,-44.1,154.9,0.54,0.6,61143.35,3591.48,739.3,-44.7,-0.8,-3.38,1.0,0,none,10.0
1789892819.218014,Firewall,3590.09,0.0,738.59,0.0,-44.1,158.6,0.58,0.56,61137.57,3591.04,738.96,-44.44,-2.23,-1.68,1.3,0,none,10.0
1789892819.2206318,Firewall,3590.88,0.0,738.56,0.0,-44.5,159.9,0.43,0.63,61143.51,3590.85,738.62,-44.34,-0.93,-1.71,0.5,0,none,10.0
1789892819.2233887,Firewall,3590.39,0.0,737.43,0.0,-44.4,162.7,0.44,0.42,61138.53,3590.7,738.32,-44.28,-0.74,-1.52,0.3,0,none,10.0
1789892819.2259042,Firewall,3591.01,0.0,738.41,0.0,-44.2,161.0,0.34,0.33,61135.51,3590.63,738.16,-44.26,-0.37,-0.79,0.1,0,none,10.0
1789892819.2285619,Firewall,3591.7,0.0,739.25,0.0,-44.1,161.1,0.55,0.4,61138.22,3590.81,738.45,-44.26,0.93,1.45,0.0,0,none,10.0
1789892819.232203,Firewall,3591.72,0.0,740.26,0.0,-44.5,160.8,0.51,0.4,61135.1,3591.14,738.78,-44.34,1.63,1.67,-0.4,0,none,10.0
1789892819.2349622,Firewall,3592.47,0.0,740.42,0.0,-44.3,162.8,0.71,0.27,61131.03,3591.46,739.15,-44.3,1.59,1.86,0.2,0,none,10.0
1789892819.237604,Firewall,3593.1,0.0,740.66,0.0,-44.3,164.3,0.72,0.33,61132.47,3592.0,739.8,-44.28,2.71,3.23,0.1,0,none,10.0
1789892819.2402198,Firewall,3593.85,0.0,741.38,0.0,-44.4,165.1,0.82,0.34,61133.08,3592.57,740.39,-44.32,2.84,2.97,-0.2,0,none,10.0
1789892819.242971,Firewall,3593.85,0.0,742.54,0.0,-44.6,161.6,0.82,0.45,61135.05,3593.0,741.05,-44.42,2.15,3.29,-0.5,0,none,10.0
1789892819.2455926,Firewall,3594.31,0.0,743.19,0.0,-44.9,160.2,0.65,0.45,61136.13,3593.52,741.64,-44.5,2.59,2.93,-0.4,0,none,10.0
1789892819.2482114,Firewall,3593.55,0.0,741.74,0.0,-45.3,164.1,0.4,0.49,61132.21,3593.73,741.9,-44.7,1.08,1.32,-1.0,0,none,10.0
1789892819.250373,Firewall,3593.02,0.0,740.65,0.0,-45.5,162.5,0.43,0.55,61131.83,3593.72,741.9,-44.94,-0.08,-0.01,-1.2,0,none,10.0
1789892819.2529118,Firewall,3592.45,0.0,740.09,0.0,-45.8,166.1,0.65,0.54,61128.48,3593.44,741.64,-45.22,-1.4,-1.29,-1.4,0,none,10.0
1789892819.2556946,Firewall,3592.95,0.0,741.49,0.0,-45.7,162.2,0.63,0.57,61127.73,3593.26,741.43,-45.44,-0.9,-1.05,-1.1,0,none,10.0
1789892819.2586846,Firewall,3593.19,0.0,742.85,0.0,-45.7,159.4,0.36,0.53,61127.54,3593.03,741.36,-45.6,-1.12,-0.34,-0.8,0,none,10.0
1789892819.2613754,Firewall,3593.75,0.0,741.63,0.0,-45.5,159.0,0.42,0.69,61128.02,3593.07,741.34,-45.64,0.2,-0.11,-0.2,0,none,10.0
1789892819.2641423,Firewall,3593.08,0.0,741.04,0.0,-45.3,159.4,0.42,0.67,61128.39,3593.08,741.42,-45.6,0.06,0.39,0.2,0,none,10.0
1789892819.266729,Firewall,3592.7,0.0,739.76,0.0,-45.1,157.9,0.35,0.71,61126.37,3593.13,741.35,-45.46,0.25,-0.33,0.7,0,none,10.0
1789892819.2693467,Firewall,3592.54,0.0,740.19,0.0,-44.9,158.8,0.42,0.71,61125.26,3593.05,741.09,-45.3,-0.41,-1.3,0.8,0,none,10.0
1789892819.2720392,Firewall,3593.22,0.0,739.11,0.0,-44.5,159.2,0.42,0.6,61129.44,3593.06,740.35,-45.06,0.03,-3.74,1.2,0,none,10.0
1789892819.2746806,Firewall,3592.52,0.0,738.33,0.0,-44.4,160.6,0.29,0.39,61134.56,3592.81,739.69,-44.84,-1.23,-3.3,1.1,0,none,10.0
1789892819.2775795,Firewall,3592.3,0.0,737.65,0.0,-44.6,160.5,0.31,0.4,61131.33,3592.66,739.01,-44.7,-0.78,-3.39,0.7,0,none,10.0
1789892819.280099,Firewall,3591.75,0.0,737.94,0.0,-44.8,160.5,0.47,0.44,61126.76,3592.47,738.64,-44.64,-0.95,-1.82,0.3,0,none,10.0
1789892819.2824821,Firewall,3591.45,0.0,737.59,0.0,-45.1,160.5,0.62,0.62,61126.71,3592.25,738.12,-44.68,-1.09,-2.6,-0.2,0,none,10.0
1789892819.2850952,Firewall,3591.22,0.0,739.01,0.0,-45.5,160.7,0.49,0.72,61128.29,3591.85,738.1,-44.88,-2.0,-0.1,-1.0,0,none,10.0
1789892819.287922,Firewall,3591.97,0.0,738.13,0.0,-45.2,157.9,0.38,0.7,61126.57,3591.74,738.06,-45.04,-0.55,-0.2,-0.8,0,none,10.0
1789892819.2905734,Firewall,3591.45,0.0,737.46,0.0,-44.9,154.6,0.26,0.62,61131.89,3591.57,738.03,-45.1,-0.85,-0.19,-0.3,0,none,10.0
1789892819.293187,Firewall,3592.12,0.0,738.57,0.0,-45.1,155.4,0.34,0.48,61129.34,3591.64,738.15,-45.16,0.37,0.63,-0.3,0,none,10.0
1789892819.2955909,Firewall,3592.36,0.0,739.4,0.0,-45.4,155.6,0.42,0.41,61126.65,3591.82,738.51,-45.22,0.91,1.81,-0.3,0,none,10.0
1789892819.2979972,Firewall,3592.6,0.0,739.46,0.0,-45.2,152.8,0.39,0.42,61122.9,3592.1,738.6,-45.16,1.38,0.45,0.3,0,none,10.0
1789892819.3009498,Firewall,3593.34,0.0,740.16,0.0,-45.0,149.2,0.62,0.56,61118.74,3592.37,739.01,-45.12,1.37,2.03,0.2,0,none,10.0
1789892819.3032362,Firewall,3593.01,0.0,738.71,0.0,-44.7,150.1,0.44,0.68,61115.64,3592.69,739.26,-45.08,1.56,1.25,0.2,0,none,10.0
1789892819.3059146,Firewall,3593.79,0.0,737.63,0.0,-44.4,149.7,0.51,0.51,61116.49,3593.02,739.07,-44.94,1.67,-0.94,0.7,0,none,10.0
1789892819.3086386,Firewall,3593.02,0.0,737.47,0.0,-44.7,146.5,0.4,0.4,61111.98,3593.15,738.69,-44.8,0.66,-1.93,0.7,0,none,10.0
1789892819.3110106,Firewall,3592.3,0.0,737.31,0.0,-44.8,148.6,0.49,0.37,61110.1,3593.09,738.26,-44.72,-0.3,-2.15,0.4,0,none,10.0
1789892819.3140287,Firewall,3592.69,0.0,737.32,0.0,-44.9,145.6,0.49,0.53,61108.68,3592.96,737.69,-44.7,-0.65,-2.84,0.1,0,none,10.0
1789892819.3167417,Firewall,3591.93,0.0,738.81,0.0,-44.8,145.3,0.64,0.35,61107.79,3592.75,737.71,-44.72,-1.08,0.1,-0.1,0,none,10.0
1789892819.3196666,Firewall,3592.63,0.0,739.22,0.0,-45.1,147.7,0.37,0.4,61105.9,3592.51,738.03,-44.86,-1.16,1.59,-0.7,0,none,10.0
1789892819.322378,Firewall,3593.38,0.0,740.14,0.0,-44.9,144.0,0.48,0.48,61102.75,3592.59,738.56,-44.9,0.36,2.67,-0.2,0,none,10.0
1789892819.325254,Firewall,3594.08,0.0,738.82,0.0,-44.7,143.0,0.73,0.4,61105.05,3592.94,738.86,-44.88,1.78,1.51,0.1,0,none,10.0
1789892819.3279786,Firewall,3594.13,0.0,738.26,0.0,-44.6,139.9,0.85,0.34,61099.27,3593.23,739.05,-44.82,1.44,0.94,0.3,0,none,10.0
1789892819.3306525,Firewall,3594.27,0.0,739.17,0.0,-44.9,136.8,0.62,0.37,61096.95,3593.7,739.12,-44.84,2.34,0.36,-0.1,0,none,10.0
1789892819.3332827,Firewall,3594.84,0.0,1970.05,0.0,-45.0,133.5,0.47,0.46,61093.72,3594.14,985.29,-44.82,2.21,1230.83,0.1,1,dns_outage,0.0
1789892819.336019,Firewall,3594.06,0.0,9999.0,12.5,-45.3,132.8,0.29,0.65,61089.51,3594.28,2837.06,-44.9,0.68,9258.86,-0.4,1,dns_outage,0.0
1789892819.3387501,Firewall,3594.59,0.0,1738.58,12.5,-45.6,129.3,0.29,0.54,61089.39,3594.38,3037.01,-45.08,0.51,999.76,-0.9,1,dns_outage,0.0
1789892819.3415015,Firewall,3595.09,0.0,1272.17,12.5,-45.5,130.6,0.37,0.38,61088.25,3594.57,3143.79,-45.26,0.96,533.91,-0.9,1,dns_outage,0.0
1789892819.3443758,Firewall,3594.95,0.0,935.25,12.5,-45.8,129.2,0.36,0.61,61085.83,3594.71,3183.01,-45.44,0.68,196.08,-0.9,1,dns_outage,0.0
1789892819.3473716,Firewall,3595.41,0.0,9999.0,25.0,-45.8,131.5,0.46,0.65,61089.37,3594.82,4788.8,-45.6,0.57,8028.95,-0.8,1,dns_outage,0.0
1789892819.3501523,Firewall,3594.63,0.0,1023.64,25.0,-45.7,133.6,0.3,0.66,61091.11,3594.93,2993.73,-45.68,0.57,-8975.36,-0.4,1,dns_outage,0.0
1789892819.3528078,Firewall,3594.47,0.0,2166.01,25.0,-45.7,137.3,0.33,0.54,61085.83,3594.91,3079.21,-45.7,-0.12,427.43,-0.1,1,dns_outage,0.0
1789892819.3554451,Firewall,3594.56,0.0,2449.18,25.0,-45.4,136.4,0.34,0.4,61090.0,3594.8,3314.62,-45.68,-0.53,1177.01,0.1,1,dns_outage,0.0
1789892819.3580766,Firewall,3595.12,0.0,9999.0,25.0,-45.2,132.7,0.36,0.42,61093.88,3594.84,5127.37,-45.56,0.17,9063.75,0.6,1,dns_outage,0.0
1789892819.360499,Firewall,3595.29,0.0,9999.0,37.5,-44.8,132.0,0.33,0.49,61097.31,3594.81,5127.37,-45.36,-0.12,0.0,1.0,1,dns_outage,0.0
1789892819.3631284,Firewall,3595.42,0.0,1508.93,37.5,-45.0,128.5,0.38,0.62,61094.8,3594.97,5224.42,-45.22,0.79,485.29,0.7,1,dns_outage,0.0
1789892819.3659544,Firewall,3596.2,0.0,9999.0,50.0,-45.0,130.3,0.53,0.49,61100.04,3595.32,6791.02,-45.08,1.73,7832.99,0.7,1,dns_outage,0.0
1789892819.368581,Firewall,3596.87,0.0,9999.0,50.0,-45.2,128.0,0.66,0.42,61100.79,3595.78,8300.99,-45.04,2.31,7549.82,0.2,1,dns_outage,0.0
1789892819.3712175,Firewall,3597.1,0.0,900.01,50.0,-45.1,129.8,0.73,0.33,61103.06,3596.18,6481.19,-45.02,1.98,-9098.99,0.1,1,dns_outage,0.0
1789892819.3739994,Firewall,3596.6,0.0,9999.0,62.5,-44.7,133.1,0.59,0.4,61098.6,3596.44,6481.19,-45.0,1.31,0.0,0.1,1,dns_outage,0.0
1789892819.376627,Firewall,3596.18,0.0,9999.0,75.0,-44.6,131.5,0.36,0.3,61095.95,3596.59,8179.2,-44.92,0.76,8490.07,0.4,1,dns_outage,0.0
1789892819.379268,Firewall,3596.6,0.0,9999.0,75.0,-44.8,129.4,0.31,0.3,61095.03,3596.67,8179.2,-44.88,0.4,0.0,0.2,1,,0.0
1789892819.3819063,Firewall,3596.49,0.0,1961.22,62.5,-44.7,132.5,0.3,0.5,61095.94,3596.59,6571.65,-44.78,-0.38,-8037.78,0.5,1,dns_outage,0.0
1789892819.3845518,Firewall,3596.46,0.0,1319.3,62.5,-44.8,130.5,0.16,0.48,61093.73,3596.47,6655.5,-44.72,-0.64,419.29,0.3,1,dns_outage,0.0
1789892819.3871968,Firewall,3596.84,0.0,1918.3,50.0,-45.2,132.3,0.22,0.42,61093.49,3596.51,5039.36,-44.82,0.24,-8080.7,-0.5,1,dns_outage,0.0
1789892819.3901384,Firewall,3596.77,0.0,1056.04,37.5,-45.0,134.2,0.15,0.51,61093.82,3596.63,3250.77,-44.9,0.59,-8942.96,-0.4,1,dns_outage,0.0
1789892819.3928835,Firewall,3596.68,0.0,9999.0,50.0,-45.4,136.9,0.15,0.64,61090.79,3596.65,3250.77,-45.02,0.08,0.0,-0.6,1,dns_outage,0.0
1789892819.395759,Firewall,3595.88,0.0,9999.0,50.0,-45.1,140.2,0.35,0.72,61095.02,3596.53,4858.33,-45.1,-0.61,8037.78,-0.4,1,dns_outage,0.0
1789892819.3979263,Firewall,3595.43,0.0,456.2,37.5,-45.4,140.4,0.56,0.72,61093.02,3596.32,4685.71,-45.22,-1.03,-863.1,-0.6,1,dns_outage,0.0
1789892819.4004493,Firewall,3595.86,0.0,602.24,25.0,-45.2,143.8,0.51,0.72,61097.91,3596.12,4422.5,-45.22,-0.98,-1316.06,0.0,1,dns_outage,0.0
1789892819.4029763,Firewall,3595.31,0.0,2250.46,25.0,-45.2,147.4,0.48,0.76,61094.83,3595.83,4661.38,-45.26,-1.46,1194.42,-0.2,1,dns_outage,0.0
1789892819.4054947,Firewall,3595.15,0.0,9999.0,37.5,-44.8,148.0,0.3,0.68,61095.58,3595.53,4661.38,-45.14,-1.53,0.0,0.6,1,dns_outage,0.0
1789892819.4079382,Firewall,3595.47,0.0,2409.51,37.5,-44.6,146.4,0.24,0.53,61097.04,3595.44,3143.48,-45.04,-0.41,-7589.49,0.5,1,dns_outage,0.0
1789892819.410499,Firewall,3595.14,0.0,2067.22,37.5,-45.0,146.6,0.27,0.66,61097.29,3595.39,3465.69,-44.96,-0.29,1611.02,0.4,1,,0.0
1789892819.413045,Firewall,3594.43,0.0,2066.07,25.0,-44.9,150.6,0.36,0.74,61099.35,3595.1,3758.45,-44.9,-1.43,1463.83,0.3,1,none,1.17
1789892819.4155633,Firewall,3593.86,0.0,2067.46,12.5,-45.2,147.1,0.59,0.67,61100.44,3594.81,3721.85,-44.9,-1.45,-183.0,0.0,1,none,1.0
1789892819.4180832,Firewall,3593.88,0.0,2067.41,12.5,-45.4,143.1,0.65,0.51,61101.29,3594.56,2135.53,-45.02,-1.27,-7931.59,-0.6,1,none,0.83
1789892819.4206033,Firewall,3594.53,0.0,2068.33,12.5,-45.3,140.0,0.47,0.65,61103.62,3594.37,2067.3,-45.16,-0.94,-341.18,-0.7,1,none,0.67
1789892819.4231243,Firewall,3594.2,0.0,2067.3,12.5,-45.3,136.7,0.28,0.42,61102.57,3594.18,2067.31,-45.22,-0.94,0.08,-0.3,1,none,0.5
1789892819.4256432,Firewall,3594.98,0.0,2066.64,0.0,-45.3,137.3,0.42,0.62,61097.54,3594.29,2067.43,-45.3,0.55,0.57,-0.4,1,none,0.33
1789892819.428163,Firewall,3595.0,0.0,2067.39,0.0,-45.2,138.9,0.44,0.69,61096.61,3594.52,2067.41,-45.3,1.14,-0.07,0.0,1,none,0.2
1789892819.4306867,Firewall,3594.95,0.0,2067.11,0.0,-45.3,136.6,0.32,0.53,61102.2,3594.73,2067.35,-45.28,1.07,-0.3,0.1,1,none,0.2
1789892819.4332187,Firewall,3594.29,0.0,2067.64,0.0,-45.1,134.6,0.36,0.58,61102.13,3594.68,2067.22,-45.24,-0.24,-0.69,0.2,0,none,10.0
1789892819.4357398,Firewall,3593.94,0.0,2067.91,0.0,-45.0,132.8,0.44,0.61,61099.76,3594.63,2067.34,-45.18,-0.26,0.61,0.3,0,none,10.0
1789892819.4382603,Firewall,3593.58,0.0,2069.03,0.0,-45.3,136.7,0.56,0.63,61098.86,3594.35,2067.82,-45.18,-1.4,2.39,0.0,0,none,10.0
1789892819.4407806,Firewall,3593.13,0.0,2067.72,0.0,-45.2,133.5,0.62,0.76,61099.05,3593.98,2067.88,-45.18,-1.87,0.33,0.0,0,none,10.0
1789892819.443301,Firewall,3593.55,0.0,2066.24,0.0,-45.5,135.7,0.39,0.67,61093.23,3593.7,2067.71,-45.22,-1.4,-0.87,-0.2,0,none,10.0
1789892819.4458377,Firewall,3593.65,0.0,2067.46,0.0,-45.9,131.8,0.26,0.54,61093.14,3593.57,2067.67,-45.38,-0.64,-0.18,-0.8,0,none,10.0
1789892819.448358,Firewall,3594.45,0.0,2068.16,0.0,-45.7,130.4,0.43,0.43,61091.35,3593.67,2067.72,-45.52,0.51,0.25,-0.7,0,none,10.0
1789892819.4508777,Firewall,3594.24,0.0,2069.59,0.0,-45.4,132.2,0.48,0.52,61085.88,3593.8,2067.83,-45.54,0.66,0.56,-0.1,0,none,10.0
1789892819.4533975,Firewall,3595.01,0.0,2069.59,0.0,-45.1,136.1,0.54,0.58,61080.93,3594.18,2068.21,-45.52,1.88,1.87,0.1,0,none,10.0
1789892819.455917,Firewall,3595.34,0.0,2070.48,0.0,-44.8,133.3,0.59,0.54,61078.33,3594.54,2069.06,-45.38,1.79,4.24,0.7,0,none,10.0
1789892819.458624,Firewall,3595.27,0.0,2071.03,0.0,-45.1,130.2,0.44,0.59,61072.6,3594.86,2069.77,-45.22,1.62,3.57,0.8,0,none,10.0
1789892819.4612117,Firewall,3594.96,0.0,2069.74,0.0,-45.4,132.3,0.39,0.54,61073.35,3594.96,2070.09,-45.16,0.51,1.58,0.3,0,none,10.0
1789892819.4638486,Firewall,3623.73,0.0,2232.19,0.0,-45.5,131.6,11.43,0.66,61537.37,3600.86,2102.61,-45.18,29.49,162.6,-0.1,1,traffic_overload,0.0
1789892819.4663792,Firewall,3640.16,0.0,2353.82,0.0,-45.4,135.5,18.74,0.44,62073.6,3609.89,2159.45,-45.24,45.15,284.23,-0.3,1,traffic_overload,0.0
1789892819.4689212,Firewall,3672.85,0.0,2419.55,0.0,-45.4,138.1,29.35,0.64,62502.44,3625.39,2229.27,-45.36,77.51,349.07,-0.6,1,traffic_overload,0.0
1789892819.4710777,Firewall,3708.43,0.0,2535.63,0.0,-45.6,136.4,39.33,0.74,63025.24,3648.03,2322.19,-45.46,113.16,464.6,-0.5,1,traffic_overload,0.0
1789892819.4734817,Firewall,3732.95,0.0,2697.32,0.0,-45.3,134.7,40.79,0.5,63333.79,3675.62,2447.7,-45.44,137.99,627.58,0.1,1,traffic_overload,0.0
1789892819.4760163,Firewall,3758.07,0.0,2846.53,0.0,-44.9,132.5,41.99,0.66,63750.24,3702.49,2570.57,-45.32,134.34,614.34,0.6,1,traffic_overload,0.0
1789892819.4782197,Firewall,3779.72,0.0,2993.05,0.0,-45.0,131.0,37.41,0.47,64280.93,3730.4,2698.42,-45.24,139.56,639.23,0.4,1,traffic_overload,0.0
1789892819.4805808,Firewall,3815.93,0.0,3127.01,0.0,-44.8,133.9,37.17,0.36,64709.59,3759.02,2839.91,-45.12,143.08,707.46,0.6,1,traffic_overload,0.0
1789892819.482764,Firewall,3838.84,0.0,3307.77,0.0,-44.4,136.3,38.25,0.47,65139.36,3785.1,2994.34,-44.88,130.41,772.14,1.2,1,traffic_overload,0.0
1789892819.4851828,Firewall,3853.74,0.0,3476.87,0.0,-44.0,135.6,35.75,0.58,65668.09,3809.26,3150.25,-44.62,120.79,779.55,1.3,1,traffic_overload,0.0
1789892819.4876988,Firewall,3867.36,0.0,3632.84,0.0,-43.8,138.2,30.84,0.42,66146.28,3831.12,3307.51,-44.4,109.29,786.31,1.1,1,traffic_overload,0.0
1789892819.4902136,Firewall,3880.37,0.0,3749.82,0.0,-43.4,142.0,22.43,0.31,66655.47,3851.25,3458.86,-44.08,100.65,756.77,1.6,1,traffic_overload,0.0
1789892819.4927342,Firewall,3893.2,0.0,3809.04,0.0,-43.5,139.6,19.15,0.28,67153.54,3866.7,3595.27,-43.82,77.27,682.03,1.3,1,,0.0
1789892819.494928,Firewall,3893.98,0.0,3808.88,0.0,-43.3,142.5,15.45,0.52,67156.47,3877.73,3695.49,-43.6,55.14,501.11,1.1,1,none,1.0
1789892819.4970636,Firewall,3894.68,0.0,3807.72,0.0,-43.3,143.4,10.67,0.52,67161.96,3885.92,3761.66,-43.46,40.94,330.85,0.7,1,none,0.83
1789892819.4995382,Firewall,3894.67,0.0,3807.43,0.0,-43.3,143.3,5.53,0.65,67158.41,3891.38,3796.58,-43.36,27.31,174.59,0.5,1,none,0.67
1789892819.501796,Firewall,3894.71,0.0,3808.18,0.0,-43.6,140.6,0.59,0.56,67157.63,3894.25,3808.25,-43.4,14.34,58.36,-0.2,1,none,0.5
1789892819.5039887,Firewall,3894.62,0.0,3808.56,0.0,-43.6,142.5,0.28,0.52,67154.88,3894.53,3808.15,-43.42,1.42,-0.48,-0.1,1,none,0.33
1789892819.506512,Firewall,3894.09,0.0,3807.81,0.0,-43.7,143.0,0.23,0.38,67154.7,3894.55,3807.94,-43.5,0.11,-1.07,-0.4,1,none,0.2
1789892819.5090454,Firewall,3894.46,0.0,3807.43,0.0,-43.5,145.3,0.23,0.36,67151.36,3894.51,3807.88,-43.54,-0.22,-0.29,-0.2,1,none,0.2
1789892819.5111985,Firewall,3895.13,0.0,3807.75,0.0,-43.9,145.7,0.34,0.33,67147.84,3894.6,3807.95,-43.66,0.46,0.32,-0.6,0,none,10.0
1789892819.5135071,Firewall,3895.31,0.0,3808.96,0.0,-43.6,141.8,0.45,0.4,67152.7,3894.72,3808.1,-43.66,0.6,0.78,0.0,0,none,10.0
1789892819.5158308,Firewall,3894.58,0.0,3809.61,0.0,-43.5,145.6,0.45,0.62,67149.19,3894.71,3808.31,-43.64,-0.04,1.05,0.1,0,none,10.0
1789892819.5182054,Firewall,3894.35,0.0,3808.26,0.0,-43.6,147.1,0.38,0.6,67149.66,3894.77,3808.4,-43.62,0.26,0.45,0.1,0,none,10.0
1789892819.5207517,Firewall,3894.35,0.0,3808.32,0.0,-43.8,150.2,0.4,0.44,67147.78,3894.74,3808.58,-43.68,-0.11,0.89,-0.3,0,none,10.0
1789892819.5230033,Firewall,3894.19,0.0,3808.95,0.0,-44.1,151.0,0.4,0.53,67151.92,3894.56,3808.82,-43.72,-0.94,1.2,-0.2,0,none,10.0
1789892819.52525,Firewall,3894.34,0.0,3807.87,0.0,-43.9,150.3,0.13,0.49,67147.91,3894.36,3808.6,-43.78,-0.97,-1.09,-0.3,0,none,10.0
1789892819.5276177,Firewall,3894.78,0.0,3808.72,0.0,-43.6,146.6,0.2,0.29,67152.38,3894.4,3808.42,-43.8,0.2,-0.89,-0.1,0,none,10.0
1789892819.5299976,Firewall,3894.64,0.0,3809.05,0.0,-43.6,149.9,0.22,0.4,67148.41,3894.46,3808.58,-43.8,0.29,0.79,0.0,0,none,10.0
1789892819.5323446,Firewall,3895.36,0.0,3810.45,0.0,-43.8,146.8,0.41,0.47,67152.33,3894.66,3809.01,-43.8,1.01,2.13,0.0,0,none,10.0
1789892819.5346267,Firewall,3894.75,0.0,3810.1,0.0,-43.6,149.2,0.33,0.29,67156.47,3894.77,3809.24,-43.7,0.56,1.15,0.5,0,none,10.0
1789892819.537147,Firewall,3894.07,0.0,3808.76,0.0,-43.4,151.8,0.41,0.53,67153.24,3894.72,3809.42,-43.6,-0.27,0.89,0.5,0,none,10.0
1789892819.539419,Firewall,3893.73,0.0,3807.34,0.0,-43.5,154.0,0.56,0.68,67152.98,3894.51,3809.14,-43.58,-1.05,-1.38,0.1,0,none,10.0
1789892819.5417674,Firewall,3893.22,0.0,3806.63,0.0,-43.8,157.2,0.75,0.58,67158.43,3894.23,3808.66,-43.62,-1.42,-2.42,-0.2,0,none,10.0
1789892819.544183,Firewall,3893.3,0.0,3805.46,0.0,-44.0,157.5,0.56,0.63,67153.17,3893.81,3807.66,-43.66,-2.06,-4.99,-0.2,0,none,10.0
1789892819.5471087,Firewall,3893.75,0.0,3804.46,0.0,-43.8,155.8,0.31,0.62,67158.8,3893.61,3806.53,-43.7,-1.0,-5.64,-0.2,0,none,10.0
1789892819.5499182,Firewall,3892.95,0.0,3804.1,0.0,-44.1,153.9,0.31,0.69,67163.25,3893.39,3805.6,-43.84,-1.12,-4.66,-0.7,0,none,10.0
1789892819.552542,Firewall,3893.21,0.0,3803.38,0.0,-44.3,153.9,0.26,0.61,67166.54,3893.29,3804.81,-44.0,-0.52,-3.96,-0.8,0,none,10.0
1789892819.5550685,Firewall,3892.54,0.0,3803.81,0.0,-44.0,152.9,0.4,0.42,67160.6,3893.15,3804.24,-44.04,-0.68,-2.82,-0.2,0,none,10.0
1789892819.5575457,Firewall,3893.3,0.0,1358.4,0.0,-43.7,150.4,0.4,0.33,67166.02,3893.15,3314.83,-43.98,0.0,-2447.06,0.3,1,dns_outage,0.0
1789892819.560141,Firewall,3893.25,0.0,9999.0,12.5,-43.3,151.2,0.28,0.59,67162.28,3893.05,4553.74,-43.88,-0.5,6194.54,0.5,1,dns_outage,0.0
1789892819.5629952,Firewall,3892.81,0.0,654.93,12.5,-43.3,148.2,0.3,0.38,67162.45,3893.02,3923.9,-43.72,-0.14,-3149.17,0.8,1,dns_outage,0.0
1789892819.5661292,Firewall,3892.27,0.0,1461.31,12.5,-43.4,148.9,0.4,0.55,67158.13,3892.83,3455.49,-43.54,-0.94,-2342.07,0.9,1,dns_outage,0.0
1789892819.5688305,Firewall,3891.66,0.0,1203.3,12.5,-43.3,151.4,0.62,0.65,67161.63,3892.66,2935.39,-43.4,-0.88,-2600.51,0.7,1,dns_outage,0.0
1789892819.5715096,Firewall,3891.06,0.0,871.1,12.5,-43.6,148.3,0.79,0.5,67156.69,3892.21,2837.93,-43.38,-2.24,-487.3,0.1,1,dns_outage,0.0
1789892819.5741174,Firewall,3890.94,0.0,9999.0,25.0,-43.6,150.1,0.71,0.67,67152.8,3891.75,2837.93,-43.44,-2.31,0.0,-0.3,1,dns_outage,0.0
1789892819.5767255,Firewall,3891.31,0.0,1070.89,25.0,-43.9,149.7,0.48,0.67,67152.48,3891.45,2921.12,-43.56,-1.5,415.96,-0.6,1,dns_outage,0.0
1789892819.5791273,Firewall,3891.71,0.0,1648.89,25.0,-43.8,145.9,0.31,0.52,67148.42,3891.34,2958.64,-43.64,-0.56,187.58,-0.4,1,dns_outage,0.0
1789892819.5822783,Firewall,3891.65,0.0,9999.0,25.0,-43.5,144.8,0.31,0.52,67153.87,3891.33,4717.78,-43.68,-0.01,8795.7,-0.2,1,dns_outage,0.0
1789892819.5848134,Firewall,3891.64,0.0,1323.76,25.0,-43.2,142.1,0.29,0.48,67147.95,3891.45,4808.31,-43.6,0.58,452.66,0.4,1,dns_outage,0.0
1789892819.58753,Firewall,3891.97,0.0,1743.29,25.0,-43.0,142.6,0.21,0.42,67151.59,3891.66,3157.17,-43.48,1.03,-8255.71,0.6,1,dns_outage,0.0
1789892819.5901709,Firewall,3891.59,0.0,9999.0,37.5,-42.9,141.1,0.13,0.51,67156.29,3891.71,4942.79,-43.28,0.28,8928.11,1.0,1,dns_outage,0.0
1789892819.5927787,Firewall,3891.48,0.0,622.1,37.5,-43.0,140.4,0.16,0.64,67158.51,3891.67,4737.43,-43.12,-0.23,-1026.79,0.8,1,,0.0
1789892819.5952737,Firewall,3892.16,0.0,621.96,25.0,-42.8,143.1,0.26,0.62,67156.79,3891.77,2862.02,-42.98,0.51,-9377.04,0.7,1,none,1.17
1789892819.597916,Firewall,3892.77,0.0,623.1,25.0,-42.5,145.8,0.46,0.53,67161.71,3891.99,2721.89,-42.84,1.13,-700.66,0.7,1,none,1.0
1789892819.601211,Firewall,3892.07,0.0,623.06,25.0,-42.8,149.5,0.46,0.59,67162.43,3892.01,2497.84,-42.8,0.1,-1120.23,0.2,1,none,0.83
1789892819.6042254,Firewall,3892.23,0.0,622.13,12.5,-42.8,147.8,0.41,0.51,67158.88,3892.14,622.47,-42.78,0.64,-9376.87,0.1,1,none,0.67
1789892819.6072237,Firewall,3891.46,0.0,621.36,12.5,-42.8,149.6,0.41,0.63,67163.72,3892.14,622.32,-42.74,-0.02,-0.74,0.2,1,none,0.5
1789892819.610228,Firewall,3891.81,0.0,620.93,12.5,-42.9,149.7,0.43,0.52,67166.41,3892.07,622.12,-42.76,-0.35,-1.03,-0.1,1,none,0.33
1789892819.6130114,Firewall,3892.17,0.0,620.07,0.0,-43.2,148.7,0.28,0.64,67168.78,3891.95,621.51,-42.9,-0.6,-3.03,-0.7,1,none,0.2
1789892819.615543,Firewall,3892.66,0.0,619.22,0.0,-42.8,149.5,0.4,0.43,67164.2,3892.07,620.74,-42.9,0.59,-3.84,0.0,1,none,0.2
1789892819.617833,Firewall,3893.03,0.0,620.45,0.0,-43.1,151.7,0.56,0.5,67163.48,3892.23,620.41,-42.96,0.8,-1.68,-0.3,0,none,10.0
1789892819.6205845,Firewall,3892.28,0.0,619.96,0.0,-43.4,150.2,0.42,0.52,67157.76,3892.39,620.13,-43.08,0.82,-1.4,-0.6,0,none,10.0
1789892819.623034,Firewall,3892.62,0.0,618.54,0.0,-43.3,152.5,0.31,0.59,67154.18,3892.55,619.65,-43.16,0.81,-2.39,-0.4,0,none,10.0
1789892819.6252964,Firewall,3893.02,0.0,617.45,0.0,-43.7,152.4,0.28,0.41,67154.21,3892.72,619.12,-43.26,0.85,-2.62,-0.5,0,none,10.0
1789892819.627778,Firewall,3892.69,0.0,616.39,0.0,-43.9,151.5,0.28,0.58,67154.41,3892.73,618.56,-43.48,0.03,-2.83,-1.1,0,none,10.0
1789892819.6302814,Firewall,3893.16,0.0,615.95,0.0,-44.0,148.8,0.31,0.74,67153.98,3892.75,617.66,-43.66,0.13,-4.5,-0.9,0,none,10.0
1789892819.6327388,Firewall,3893.53,0.0,615.26,0.0,-44.3,147.2,0.33,0.53,67155.22,3893.0,616.72,-43.84,1.25,-4.7,-0.9,0,none,10.0
1789892819.6352,Firewall,3893.02,0.0,614.06,0.0,-44.1,148.0,0.27,0.32,67155.38,3893.08,615.82,-44.0,0.4,-4.48,-0.8,0,none,10.0
1789892819.6377072,Firewall,3893.64,0.0,615.04,0.0,-44.0,145.2,0.34,0.29,67159.59,3893.21,615.34,-44.06,0.62,-2.41,-0.3,0,none,10.0
1789892819.6402125,Firewall,3893.3,0.0,614.8,0.0,-44.1,145.1,0.23,0.23,67160.42,3893.33,615.02,-44.1,0.61,-1.59,-0.2,0,none,10.0
1789892819.6431017,Firewall,3892.93,0.0,615.0,0.0,-43.9,142.2,0.28,0.32,67161.2,3893.28,614.83,-44.08,-0.23,-0.95,0.1,0,none,10.0
1789892819.6459165,Firewall,3892.72,0.0,615.18,0.0,-44.1,145.5,0.32,0.33,67162.7,3893.12,614.82,-44.04,-0.81,-0.08,0.2,0,none,10.0
1789892819.6487505,Firewall,3892.13,0.0,614.17,0.0,-44.0,146.1,0.51,0.48,67161.94,3892.94,614.84,-44.02,-0.89,0.11,0.1,0,none,10.0
1789892819.651323,Firewall,3892.83,0.0,615.52,0.0,-43.7,142.7,0.38,0.36,67166.12,3892.78,614.93,-43.96,-0.81,0.48,0.3,0,none,10.0
1789892819.6542509,Firewall,3892.68,0.0,616.79,0.0,-43.8,139.6,0.28,0.53,67161.37,3892.66,615.33,-43.9,-0.62,1.99,0.3,0,none,10.0
1789892819.6568258,Firewall,3892.41,0.0,617.84,0.0,-43.5,143.4,0.25,0.6,67159.92,3892.55,615.9,-43.82,-0.52,2.84,0.4,0,none,10.0
1789892819.6594274,Firewall,3893.09,0.0,617.7,0.0,-43.1,145.0,0.33,0.56,67161.89,3892.63,616.4,-43.62,0.37,2.52,1.0,0,none,10.0
1789892819.6622925,Firewall,3893.36,0.0,617.43,0.0,-42.8,148.4,0.33,0.44,67164.82,3892.87,617.06,-43.38,1.23,3.26,1.2,0,none,10.0
1789892819.664811,Firewall,3894.02,0.0,618.78,0.0,-43.1,151.6,0.56,0.53,67164.42,3893.11,617.71,-43.26,1.19,3.26,0.6,0,none,10.0
1789892819.667326,Firewall,3893.64,0.0,619.09,0.0,-42.9,150.9,0.54,0.7,67158.68,3893.3,618.17,-43.08,0.96,2.3,0.9,0,none,10.0
1789892819.6697323,Firewall,3893.04,0.0,618.98,0.0,-42.6,150.3,0.36,0.45,67158.81,3893.43,618.4,-42.9,0.63,1.14,0.9,0,none,10.0
1789892819.6723316,Firewall,3893.78,0.0,619.38,0.0,-42.7,152.6,0.34,0.54,67164.16,3893.57,618.73,-42.82,0.69,1.68,0.4,0,none,10.0
1789892819.6749425,Firewall,3893.28,0.0,617.99,0.0,-42.4,149.5,0.35,0.46,67163.46,3893.55,618.84,-42.74,-0.08,0.56,0.4,0,none,10.0
1789892819.6777818,Firewall,3893.32,0.0,619.48,0.0,-42.3,151.8,0.27,0.44,67163.87,3893.41,618.98,-42.58,-0.7,0.7,0.8,0,none,10.0
1789892819.6803167,Firewall,3893.57,0.0,619.8,0.0,-42.3,148.3,0.26,0.53,67163.66,3893.4,619.13,-42.46,-0.07,0.71,0.6,0,none,10.0
1789892819.6829262,Firewall,3893.96,0.0,620.29,0.0,-42.1,148.4,0.26,0.5,67169.11,3893.58,619.39,-42.36,0.92,1.31,0.5,0,none,10.0
1789892819.6855304,Firewall,3894.69,0.0,621.35,0.0,-42.4,147.2,0.52,0.36,67172.12,3893.76,619.78,-42.3,0.91,1.97,0.3,0,none,10.0
1789892819.688235,Firewall,3895.47,0.0,622.34,0.0,-42.6,149.2,0.78,0.28,67175.37,3894.2,620.65,-42.34,2.19,4.35,-0.2,0,none,10.0
1789892819.6908534,Firewall,3896.17,0.0,622.87,0.0,-42.3,149.9,0.95,0.26,67179.49,3894.77,621.33,-42.34,2.85,3.39,0.0,0,none,10.0
1789892819.6936924,Firewall,3896.06,0.0,623.69,0.0,-42.5,146.9,0.84,0.54,67180.14,3895.27,622.11,-42.38,2.49,3.89,-0.2,0,none,10.0
1789892819.6962519,Firewall,3896.52,0.0,622.87,0.0,-42.1,144.0,0.64,0.39,67182.16,3895.78,622.62,-42.38,2.56,2.58,0.0,0,none,10.0
1789892819.6988566,Firewall,3896.56,0.0,623.53,0.0,-42.0,145.6,0.39,0.41,67184.31,3896.16,623.06,-42.3,1.87,2.18,0.4,0,none,10.0
1789892819.7014768,Firewall,3896.3,0.0,622.95,0.0,-41.9,146.8,0.2,0.62,67181.21,3896.32,623.18,-42.16,0.83,0.61,0.7,0,none,10.0
1789892819.7044659,Firewall,3896.91,0.0,623.88,0.0,-41.6,143.2,0.28,0.73,67187.13,3896.47,623.38,-42.02,0.74,1.01,0.7,0,none,10.0
1789892819.7069812,Firewall,3896.73,0.0,624.81,0.0,-41.7,146.4,0.2,0.69,67187.81,3896.6,623.61,-41.86,0.67,1.12,0.8,0,none,10.0
1789892819.7100253,Firewall,3897.07,0.0,624.32,0.0,-41.5,145.1,0.27,0.53,67183.45,3896.71,623.9,-41.74,0.55,1.45,0.6,0,none,10.0
1789892819.7126331,Firewall,3896.99,0.0,625.21,0.0,-41.8,141.5,0.28,0.66,67185.84,3896.8,624.23,-41.7,0.43,1.68,0.2,0,none,10.0
1789892819.7152622,Firewall,3897.09,0.0,626.48,0.0,-41.7,137.6,0.13,0.4,67185.13,3896.96,624.94,-41.66,0.79,3.53,0.2,0,none,10.0
1789892819.717869,Firewall,3897.51,0.0,626.99,0.0,-42.0,140.7,0.25,0.54,67189.11,3897.08,625.56,-41.74,0.6,3.11,-0.4,0,none,10.0
1789892819.720895,Firewall,3897.74,0.0,626.79,0.0,-42.3,141.8,0.29,0.42,67183.69,3897.28,625.96,-41.86,1.01,1.98,-0.6,0,none,10.0
1789892819.7237055,Firewall,3898.19,0.0,626.97,0.0,-42.5,143.8,0.44,0.52,67182.52,3897.5,626.49,-42.06,1.12,2.65,-1.0,0,none,10.0
1789892819.726511,Firewall,3898.3,0.0,627.82,0.0,-42.4,146.0,0.44,0.65,67186.61,3897.77,627.01,-42.18,1.31,2.61,-0.6,0,none,10.0
1789892819.7288663,Firewall,3898.37,0.0,627.76,0.0,-42.8,143.1,0.34,0.53,67187.0,3898.02,627.27,-42.4,1.28,1.28,-1.1,0,none,10.0
1789892819.7315602,Firewall,3898.87,0.0,628.6,0.0,-42.4,141.9,0.36,0.49,67184.07,3898.29,627.59,-42.48,1.36,1.61,-0.4,0,none,10.0
1789892819.7343097,Firewall,3898.71,0.0,627.45,0.0,-42.3,141.4,0.26,0.37,67183.12,3898.49,627.72,-42.48,0.97,0.66,0.0,0,none,10.0
1789892819.7369835,Firewall,3899.28,0.0,627.31,0.0,-42.3,142.6,0.36,0.42,67187.0,3898.71,627.79,-42.44,1.09,0.34,0.2,0,none,10.0
1789892819.7395685,Firewall,3899.55,0.0,628.49,0.0,-42.5,139.3,0.42,0.52,67189.14,3898.96,627.92,-42.46,1.25,0.67,-0.1,0,none,10.0
1789892819.7423265,Firewall,3900.11,0.0,629.24,0.0,-42.9,142.0,0.5,0.44,67187.8,3899.3,628.22,-42.48,1.74,1.48,-0.1,0,none,10.0
1789892819.744927,Firewall,3900.15,0.0,628.13,0.0,-42.6,139.2,0.54,0.6,67183.69,3899.56,628.12,-42.52,1.28,-0.47,-0.2,0,none,10.0
1789892819.7475097,Firewall,3899.43,0.0,629.39,0.0,-42.2,136.3,0.36,0.55,67182.65,3899.7,628.51,-42.5,0.72,1.94,0.1,0,none,10.0
1789892819.750091,Firewall,3899.96,0.0,630.38,0.0,-42.0,140.2,0.3,0.62,67177.59,3899.84,629.13,-42.44,0.68,3.07,0.3,0,none,10.0
1789892819.7526767,Firewall,3900.63,0.0,630.77,0.0,-41.9,140.8,0.39,0.38,67174.36,3900.06,629.58,-42.32,1.08,2.28,0.6,0,none,10.0
1789892819.7556531,Firewall,3900.05,0.0,630.92,0.0,-42.2,140.2,0.39,0.58,67174.15,3900.04,629.92,-42.18,-0.06,1.68,0.7,0,none,10.0
1789892819.7582858,Firewall,3900.83,0.0,629.9,0.0,-41.9,139.6,0.5,0.6,67169.04,3900.18,630.27,-42.04,0.68,1.77,0.7,0,none,10.0
1789892819.7608685,Firewall,3901.05,0.0,630.95,0.0,-41.8,143.0,0.43,0.36,67173.86,3900.5,630.58,-41.96,1.62,1.56,0.4,0,none,10.0
1789892819.7632608,Firewall,3901.13,0.0,631.64,0.0,-41.8,147.0,0.39,0.61,67170.26,3900.74,630.84,-41.92,1.17,1.26,0.2,0,none,10.0
1789892819.7658772,Firewall,3900.9,0.0,632.81,0.0,-42.2,144.0,0.39,0.54,67169.55,3900.79,631.24,-41.98,0.27,2.04,-0.3,0,none,10.0
1789892819.7685854,Firewall,3901.23,0.0,632.77,0.0,-42.4,146.9,0.15,0.72,67169.44,3901.03,631.61,-42.02,1.18,1.85,-0.2,0,none,10.0
1789892819.7717068,Firewall,3901.93,0.0,633.05,0.0,-42.6,145.7,0.36,0.77,67164.06,3901.25,632.24,-42.16,1.1,3.15,-0.7,0,none,10.0
1789892819.774189,Firewall,3901.63,0.0,632.72,0.0,-42.6,147.8,0.37,0.74,67160.9,3901.36,632.6,-42.32,0.58,1.77,-0.8,0,none,10.0
1789892819.7772045,Firewall,3901.37,0.0,633.02,0.0,-42.4,145.3,0.35,0.52,67158.95,3901.41,632.87,-42.44,0.24,1.38,-0.6,0,none,10.0
1789892819.7799342,Firewall,3901.75,0.0,632.82,0.0,-42.1,141.5,0.25,0.6,67160.33,3901.58,632.88,-42.42,0.85,0.01,0.1,0,none,10.0
1789892819.7822454,Firewall,3901.85,0.0,632.93,0.0,-42.0,137.6,0.2,0.75,67165.52,3901.71,632.91,-42.34,0.62,0.16,0.4,0,none,10.0
1789892819.7848034,Firewall,3901.43,0.0,634.09,0.0,-41.9,137.8,0.18,0.63,67170.63,3901.61,633.12,-42.2,-0.5,1.04,0.7,0,none,10.0
1789892819.7872267,Firewall,3900.79,0.0,633.98,0.0,-42.2,134.7,0.37,0.56,67176.17,3901.44,633.37,-42.12,-0.84,1.26,0.4,0,none,10.0
1789892819.7897613,Firewall,3901.27,0.0,634.05,0.0,-42.2,138.5,0.38,0.39,67171.83,3901.42,633.57,-42.08,-0.1,1.03,0.2,0,none,10.0
1789892819.7923203,Firewall,3901.06,0.0,634.56,0.0,-42.6,140.3,0.36,0.52,67168.83,3901.28,633.92,-42.18,-0.69,1.74,-0.5,0,none,10.0
1789892819.7956848,Firewall,3900.34,0.0,633.21,0.0,-42.9,142.8,0.38,0.35,67164.54,3900.98,633.98,-42.36,-1.51,0.28,-0.9,0,none,10.0
1789892819.7980988,Firewall,3899.69,0.0,632.25,0.0,-42.8,141.1,0.56,0.25,67166.02,3900.63,633.61,-42.54,-1.74,-1.84,-0.9,0,none,10.0
1789892819.8009007,Firewall,3900.33,0.0,632.0,0.0,-42.5,139.1,0.56,0.23,67164.22,3900.54,633.21,-42.6,-0.46,-1.98,-0.3,0,none,10.0
1789892819.8036067,Firewall,3900.99,0.0,633.32,0.0,-42.6,140.8,0.5,0.48,67168.95,3900.48,633.07,-42.68,-0.28,-0.73,-0.4,0,none,10.0
1789892819.806221,Firewall,3901.47,0.0,633.35,0.0,-42.4,143.3,0.61,0.61,67174.07,3900.56,632.83,-42.64,0.41,-1.21,0.2,0,none,10.0
1789892819.8088334,Firewall,3901.37,0.0,634.26,0.0,-42.7,140.4,0.67,0.37,67173.26,3900.77,633.04,-42.6,1.03,1.05,0.2,0,none,10.0
1789892819.8114805,Firewall,3900.91,0.0,633.32,0.0,-42.4,137.3,0.4,0.41,67174.16,3901.01,633.25,-42.52,1.22,1.07,0.4,0,none,10.0
1789892819.8140938,Firewall,3900.19,0.0,632.06,0.0,-42.2,137.1,0.45,0.26,67175.55,3900.99,633.26,-42.46,-0.14,0.06,0.3,0,none,10.0
1789892819.8169098,Firewall,3899.71,0.0,633.26,0.0,-41.9,140.5,0.68,0.33,67178.69,3900.73,633.25,-42.32,-1.28,-0.06,0.7,0,none,10.0
1789892819.819498,Firewall,3900.36,0.0,632.26,0.0,-42.3,137.5,0.58,0.49,67178.76,3900.51,633.03,-42.3,-1.11,-1.09,0.1,0,none,10.0
1789892819.822081,Firewall,3900.0,0.0,631.74,0.0,-42.4,134.1,0.4,0.49,67179.91,3900.23,632.53,-42.24,-1.37,-2.52,0.3,0,none,10.0
1789892819.8247933,Firewall,3900.14,0.0,632.44,0.0,-42.6,137.1,0.22,0.34,67183.98,3900.08,632.35,-42.28,-0.77,-0.88,-0.2,0,none,10.0
1789892819.827084,Firewall,3900.57,0.0,632.24,0.0,-42.4,137.6,0.3,0.56,67187.6,3900.16,632.39,-42.32,0.38,0.18,-0.2,0,none,10.0
1789892819.829633,Firewall,3900.81,0.0,631.59,0.0,-42.1,138.1,0.29,0.49,67181.83,3900.38,632.05,-42.36,1.1,-1.67,-0.2,0,none,10.0
1789892819.8317997,Firewall,3901.22,0.0,631.91,0.0,-42.4,141.5,0.45,0.36,67186.85,3900.55,631.98,-42.38,0.86,-0.35,-0.1,0,none,10.0
1789892819.8343184,Firewall,3901.29,0.0,630.81,0.0,-42.1,139.3,0.43,0.46,67190.28,3900.81,631.8,-42.32,1.29,-0.93,0.3,0,none,10.0
1789892819.8368511,Firewall,3901.23,0.0,631.13,0.0,-41.8,139.3,0.29,0.32,67191.09,3901.02,631.54,-42.16,1.09,-1.31,0.8,0,none,10.0
1789892819.8396482,Firewall,3901.54,0.0,632.42,0.0,-41.6,139.8,0.23,0.4,67190.79,3901.22,631.57,-42.0,0.97,0.18,0.8,0,none,10.0
1789892819.842203,Firewall,3901.96,0.0,633.74,0.0,-41.5,139.0,0.28,0.55,67186.57,3901.45,632.0,-41.88,1.15,2.15,0.6,0,none,10.0
1789892819.8447957,Firewall,3902.07,0.0,634.99,0.0,-41.6,141.8,0.34,0.66,67189.39,3901.62,632.62,-41.72,0.85,3.08,0.8,0,none,10.0
1789892819.8473933,Firewall,3901.55,0.0,634.09,0.0,-41.3,145.8,0.3,0.44,67194.46,3901.67,633.27,-41.56,0.26,3.28,0.8,0,none,10.0
1789892819.8496213,Firewall,3902.14,0.0,634.2,0.0,-41.0,146.9,0.26,0.61,67195.44,3901.85,633.89,-41.4,0.91,3.07,0.8,0,none,10.0
1789892819.8517904,Firewall,3902.7,0.0,633.79,0.0,-41.3,147.6,0.37,0.62,67199.49,3902.08,634.16,-41.34,1.16,1.37,0.3,0,none,10.0
1789892819.8542528,Firewall,3902.17,0.0,635.1,0.0,-41.0,144.3,0.37,0.76,67198.31,3902.13,634.43,-41.24,0.21,1.36,0.5,0,none,10.0
1789892819.856717,Firewall,3902.26,0.0,634.73,0.0,-41.0,141.4,0.37,0.81,67194.45,3902.16,634.38,-41.12,0.19,-0.26,0.6,0,none,10.0
1789892819.859644,Firewall,3902.51,0.0,635.5,0.0,-41.0,138.7,0.21,0.59,67193.93,3902.36,634.66,-41.06,0.96,1.41,0.3,0,none,10.0
1789892819.8628588,Firewall,3902.33,0.0,636.12,0.0,-41.0,137.0,0.19,0.72,67193.65,3902.39,635.05,-41.06,0.19,1.92,0.0,0,none,10.0
1789892819.8653631,Firewall,3902.4,0.0,634.74,0.0,-41.3,135.4,0.12,0.52,67188.79,3902.33,635.24,-41.06,-0.3,0.95,0.0,0,none,10.0
1789892819.8680367,Firewall,3901.61,0.0,634.59,0.0,-41.4,132.0,0.32,0.45,67193.14,3902.22,635.14,-41.14,-0.56,-0.51,-0.4,0,none,10.0
1789892819.8708382,Firewall,3901.54,0.0,635.67,0.0,-41.1,130.5,0.42,0.39,67187.83,3902.08,635.32,-41.16,-0.72,0.94,-0.1,0,none,10.0
1789892819.8738244,Firewall,3901.61,0.0,635.72,0.0,-41.3,130.0,0.38,0.44,67191.59,3901.9,635.37,-41.22,-0.9,0.22,-0.3,0,none,10.0
1789892819.8768618,Firewall,3901.17,0.0,635.13,0.0,-41.3,128.3,0.4,0.38,67194.54,3901.67,635.17,-41.28,-1.16,-0.99,-0.3,0,none,10.0
1789892819.8795118,Firewall,3901.41,0.0,634.51,0.0,-41.2,132.1,0.16,0.26,67189.04,3901.47,635.12,-41.26,-0.99,-0.23,0.1,0,none,10.0
1789892819.8818555,Firewall,3902.05,0.0,633.17,0.0,-41.3,133.0,0.29,0.37,67184.92,3901.56,634.84,-41.24,0.44,-1.42,0.1,0,none,10.0
1789892819.8843806,Firewall,3901.9,0.0,634.6,0.0,-41.0,132.8,0.32,0.58,67187.29,3901.63,634.63,-41.22,0.36,-1.07,0.1,0,none,10.0
1789892819.8869874,Firewall,3901.99,0.0,635.99,0.0,-41.1,132.7,0.35,0.6,67192.83,3901.7,634.68,-41.18,0.38,0.27,0.2,0,none,10.0
1789892819.8894382,Firewall,3901.89,0.0,637.47,0.0,-41.5,135.4,0.23,0.51,67190.32,3901.85,635.15,-41.22,0.72,2.34,-0.2,0,none,10.0
1789892819.892059,Firewall,3901.47,0.0,638.25,0.0,-41.6,138.6,0.2,0.63,67191.89,3901.86,635.9,-41.3,0.06,3.74,-0.4,0,none,10.0
1789892819.8947074,Firewall,3901.03,0.0,637.68,0.0,-41.4,139.3,0.36,0.58,67193.28,3901.66,636.8,-41.32,-1.02,4.51,-0.1,0,none,10.0
1789892819.897417,Firewall,3901.45,0.0,637.34,0.0,-41.4,143.3,0.34,0.38,67197.05,3901.57,637.35,-41.4,-0.45,2.74,-0.4,0,none,10.0
1789892819.8997722,Firewall,3900.67,0.0,638.09,0.0,-41.5,141.2,0.42,0.3,67198.83,3901.3,637.77,-41.48,-1.32,2.1,-0.4,0,none,10.0
1789892819.9024072,Firewall,3900.55,0.0,637.29,0.0,-41.5,139.1,0.38,0.4,67201.97,3901.03,637.73,-41.48,-1.34,-0.18,0.0,0,none,10.0
1789892819.9050155,Firewall,3900.16,0.0,637.28,0.0,-41.2,138.8,0.44,0.46,67201.16,3900.77,637.54,-41.4,-1.31,-0.97,0.4,0,none,10.0
1789892819.9077306,Firewall,3900.1,0.0,636.75,0.0,-40.9,140.1,0.49,0.56,67206.52,3900.59,637.35,-41.3,-0.93,-0.93,0.5,0,none,10.0
1789892819.9103296,Firewall,3900.61,0.0,636.65,0.0,-41.3,141.9,0.24,0.42,67208.94,3900.42,637.21,-41.28,-0.84,-0.69,0.1,0,none,10.0
1789892819.9134657,Firewall,3901.07,0.0,636.89,0.0,-41.4,143.0,0.35,0.46,67205.02,3900.5,636.97,-41.26,0.4,-1.2,0.1,0,none,10.0
1789892819.9164019,Firewall,3900.34,0.0,637.71,0.0,-41.6,146.9,0.36,0.34,67208.19,3900.46,637.06,-41.28,-0.21,0.42,-0.1,0,none,10.0
1789892819.9190319,Firewall,3899.94,0.0,636.24,0.0,-41.5,143.5,0.4,0.27,67210.92,3900.41,636.85,-41.34,-0.22,-1.04,-0.3,0,none,10.0
1789892819.921605,Firewall,3900.65,0.0,636.85,0.0,-41.8,146.0,0.37,0.28,67213.06,3900.52,636.87,-41.52,0.55,0.1,-0.9,0,none,10.0
1789892819.9242413,Firewall,3900.27,0.0,636.27,0.0,-41.9,147.4,0.38,0.25,67209.89,3900.45,636.79,-41.64,-0.34,-0.38,-0.6,0,none,10.0
1789892819.927052,Firewall,3900.82,0.0,636.32,0.0,-41.6,146.1,0.3,0.25,67213.68,3900.4,636.68,-41.68,-0.25,-0.57,-0.2,0,none,10.0
1789892819.929683,Firewall,3901.3,0.0,636.25,0.0,-41.3,147.9,0.47,0.46,67217.32,3900.6,636.39,-41.62,0.96,-1.46,0.3,0,none,10.0
1789892819.9322565,Firewall,3902.01,0.0,637.22,0.0,-41.4,144.6,0.6,0.62,67212.67,3901.01,636.58,-41.6,2.07,0.98,0.1,0,none,10.0
1789892819.9346797,Firewall,3902.07,0.0,638.47,0.0,-41.4,144.6,0.69,0.6,67214.49,3901.29,636.91,-41.52,1.42,1.62,0.4,0,none,10.0
1789892819.9376009,Firewall,3901.8,0.0,639.0,0.0,-41.8,144.2,0.47,0.63,67211.98,3901.6,637.45,-41.5,1.53,2.73,0.1,0,none,10.0
1789892819.9400609,Firewall,3902.21,0.0,637.83,0.0,-41.6,141.0,0.31,0.78,67206.83,3901.88,637.75,-41.5,1.39,1.51,0.0,0,none,10.0
1789892819.9425585,Firewall,3901.9,0.0,638.32,0.0,-42.0,145.0,0.14,0.5,67211.91,3902.0,638.17,-41.64,0.6,2.07,-0.7,0,none,10.0
1789892819.9447773,Firewall,3902.32,0.0,639.18,0.0,-42.1,144.6,0.19,0.33,67215.01,3902.06,638.56,-41.78,0.31,1.96,-0.7,0,none,10.0
1789892819.9473603,Firewall,3902.86,0.0,640.44,0.0,-42.5,144.7,0.37,0.26,67215.18,3902.22,638.95,-42.0,0.79,1.97,-1.1,0,none,10.0
1789892819.9499676,Firewall,3903.62,0.0,640.76,0.0,-42.6,141.4,0.6,0.46,67219.92,3902.58,639.31,-42.16,1.82,1.76,-0.8,0,none,10.0
1789892819.9526455,Firewall,3903.2,0.0,640.49,0.0,-42.2,144.0,0.61,0.44,67214.19,3902.78,639.84,-42.28,0.99,2.66,-0.6,0,none,10.0
1789892819.9552336,Firewall,3902.97,0.0,639.74,0.0,-42.6,142.1,0.42,0.42,67216.62,3902.99,640.12,-42.4,1.07,1.42,-0.6,0,none,10.0
1789892819.9577887,Firewall,3903.29,0.0,638.89,0.0,-42.4,143.2,0.27,0.4,67215.99,3903.19,640.06,-42.46,0.97,-0.29,-0.3,0,none,10.0
1789892819.9599838,Firewall,3902.51,0.0,640.16,0.0,-42.3,146.3,0.37,0.56,67212.13,3903.12,640.01,-42.42,-0.35,-0.28,0.2,0,none,10.0
1789892819.9625604,Firewall,3902.53,0.0,640.06,0.0,-42.4,149.1,0.33,0.68,67211.4,3902.9,639.87,-42.38,-1.09,-0.7,0.2,0,none,10.0
1789892819.9651456,Firewall,3902.16,0.0,638.84,0.0,-42.7,149.1,0.39,0.47,67211.82,3902.69,639.54,-42.48,-1.04,-1.65,-0.5,0,none,10.0
1789892819.967783,Firewall,3902.34,0.0,639.3,0.0,-42.8,150.8,0.38,0.5,67212.09,3902.57,639.45,-42.52,-0.63,-0.44,-0.2,0,none,10.0
1789892819.9702659,Firewall,3902.41,0.0,639.79,0.0,-43.1,148.4,0.13,0.45,67209.13,3902.39,639.63,-42.66,-0.88,0.9,-0.7,0,none,10.0
1789892819.972863,Firewall,3902.18,0.0,639.57,0.0,-42.9,149.2,0.14,0.27,67205.75,3902.32,639.51,-42.78,-0.33,-0.59,-0.6,0,none,10.0
1789892819.9753973,Firewall,3902.72,0.0,639.56,0.0,-42.8,147.4,0.2,0.49,67205.02,3902.36,639.41,-42.86,0.19,-0.5,-0.4,0,none,10.0
1789892819.9779325,Firewall,3903.23,0.0,640.88,0.0,-43.0,148.3,0.37,0.32,67204.22,3902.58,639.82,-42.92,1.07,2.04,-0.3,0,none,10.0
1789892819.9804678,Firewall,3903.47,0.0,640.26,0.0,-43.3,146.3,0.48,0.45,67208.96,3902.8,640.01,-43.02,1.13,0.96,-0.5,0,none,10.0
1789892819.983003,Firewall,3903.31,0.0,639.31,0.0,-43.5,146.1,0.47,0.28,67213.99,3902.98,639.92,-43.1,0.9,-0.48,-0.4,0,none,10.0
1789892819.985538,Firewall,3902.83,0.0,638.91,0.0,-43.7,142.9,0.29,0.19,67208.85,3903.11,639.78,-43.26,0.65,-0.66,-0.8,0,none,10.0
1789892819.9880729,Firewall,3902.97,0.0,639.27,0.0,-43.9,139.6,0.23,0.34,67214.36,3903.16,639.73,-43.48,0.25,-0.29,-1.1,0,none,10.0
1789892819.9906068,Firewall,3903.04,0.0,2256.24,0.0,-43.8,139.2,0.23,0.31,67216.22,3903.12,962.8,-43.64,-0.19,1615.36,-0.8,1,dns_outage,0.0
1789892819.9931424,Firewall,3903.21,0.0,9999.0,12.5,-43.8,141.3,0.17,0.25,67217.83,3903.07,2834.55,-43.74,-0.26,9358.74,-0.5,1,dns_outage,0.0
1789892819.995677,Firewall,3902.7,0.0,1229.32,12.5,-43.8,145.2,0.18,0.35,67218.03,3902.95,2952.55,-43.8,-0.61,590.01,-0.3,1,dns_outage,0.0
1789892819.9982123,Firewall,3903.41,0.0,1954.94,12.5,-43.8,147.8,0.24,0.43,67218.19,3903.07,3215.75,-43.82,0.58,1316.03,-0.1,1,dns_outage,0.0
1789892820.0007477,Firewall,3902.88,0.0,2258.19,12.5,-43.7,151.4,0.25,0.58,67221.17,3903.05,3539.54,-43.78,-0.09,1618.92,0.2,1,dns_outage,0.0
1789892820.0032644,Firewall,3902.26,0.0,9999.0,25.0,-43.6,153.1,0.4,0.37,67224.79,3902.89,5088.09,-43.74,-0.78,7742.76,0.2,1,dns_outage,0.0
1789892820.0073056,Firewall,3901.58,0.0,9999.0,37.5,-44.0,154.0,0.62,0.48,67224.5,3902.57,5088.09,-43.78,-1.63,0.0,-0.2,1,dns_outage,0.0
1789892820.0118346,Firewall,3901.67,0.0,9999.0,50.0,-43.7,156.2,0.7,0.41,67228.43,3902.36,6842.03,-43.76,-1.03,8769.68,0.1,1,dns_outage,0.0
1789892820.0144343,Firewall,3902.1,0.0,969.23,50.0,-43.7,158.8,0.47,0.38,67225.96,3902.1,6644.88,-43.74,-1.31,-985.71,0.1,1,dns_outage,0.0
1789892820.0169458,Firewall,3902.29,0.0,9999.0,50.0,-43.4,161.5,0.3,0.42,67223.49,3901.98,8193.05,-43.68,-0.59,7740.81,0.3,1,dns_outage,0.0
1789892820.0194583,Firewall,3902.79,0.0,598.44,50.0,-43.6,162.3,0.44,0.64,67223.66,3902.09,6312.93,-43.68,0.53,-9400.56,0.0,1,dns_outage,0.0
1789892820.021982,Firewall,3903.27,0.0,9999.0,62.5,-43.2,158.8,0.56,0.74,67222.73,3902.42,6312.93,-43.52,1.69,0.0,0.8,1,dns_outage,0.0
1789892820.0244963,Firewall,3903.9,0.0,1895.01,62.5,-43.1,160.5,0.66,0.69,67217.31,3902.87,4692.14,-43.4,2.23,-8103.99,0.6,1,dns_outage,0.0
1789892820.027011,Firewall,3903.52,0.0,707.61,50.0,-43.2,160.8,0.56,0.58,67218.49,3903.15,4639.81,-43.3,1.42,-261.62,0.5,1,dns_outage,0.0
1789892820.0292659,Firewall,3902.95,0.0,9999.0,50.0,-43.0,164.0,0.39,0.43,67224.46,3903.29,4639.81,-43.22,0.66,0.0,0.4,1,dns_outage,0.0
1789892820.0318532,Firewall,3903.3,0.0,9999.0,50.0,-43.0,162.1,0.31,0.49,67230.28,3903.39,6519.92,-43.1,0.51,9400.56,0.6,1,,0.0
1789892820.0343804,Firewall,3903.55,0.0,714.22,50.0,-43.0,163.4,0.31,0.54,67227.13,3903.44,4662.97,-43.06,0.28,-9284.78,0.2,1,none,0.5
1789892820.0365798,Firewall,3903.8,0.0,715.39,37.5,-43.3,160.8,0.28,0.62,67225.15,3903.42,4427.04,-43.1,-0.1,-1179.62,-0.2,1,none,0.33
1789892820.03884,Firewall,3903.27,0.0,716.03,37.5,-43.3,162.4,0.29,0.56,67222.86,3903.37,4428.73,-43.12,-0.25,8.42,-0.1,1,none,0.2
1789892820.0414178,Firewall,3903.02,0.0,715.75,25.0,-43.2,163.2,0.27,0.66,67218.76,3903.39,2572.08,-43.16,0.07,-9283.25,-0.2,1,none,0.2
1789892820.0440323,Firewall,3903.67,0.0,717.05,25.0,-43.4,161.2,0.28,0.4,67219.52,3903.46,715.69,-43.24,0.37,-9281.95,-0.4,0,none,10.0
1789892820.0467677,Firewall,3903.82,0.0,716.54,25.0,-43.3,164.8,0.32,0.35,67214.88,3903.52,716.15,-43.3,0.27,2.32,-0.3,0,none,10.0
1789892820.0495367,Firewall,3903.15,0.0,717.47,12.5,-43.6,162.7,0.31,0.31,67219.79,3903.39,716.57,-43.36,-0.65,2.08,-0.3,0,none,10.0
1789892820.0521333,Firewall,3902.57,0.0,716.85,0.0,-43.2,161.4,0.45,0.52,67220.82,3903.25,716.73,-43.34,-0.7,0.82,0.1,0,none,10.0
1789892820.0547094,Firewall,3903.33,0.0,715.94,0.0,-43.6,158.0,0.44,0.45,67216.76,3903.31,716.77,-43.42,0.31,0.19,-0.4,0,none,10.0
1789892820.0573435,Firewall,3903.24,0.0,716.87,0.0,-43.5,157.9,0.4,0.39,67216.51,3903.22,716.73,-43.44,-0.43,-0.18,-0.1,0,none,10.0
1789892820.059946,Firewall,3903.6,0.0,715.39,0.0,-43.8,157.0,0.34,0.61,67214.48,3903.18,716.5,-43.54,-0.22,-1.15,-0.5,0,none,10.0
1789892820.0627162,Firewall,3903.95,0.0,716.81,0.0,-43.5,153.4,0.46,0.62,67210.76,3903.34,716.37,-43.52,0.8,-0.66,0.1,0,none,10.0
1789892820.0652928,Firewall,3904.12,0.0,718.22,0.0,-43.2,150.4,0.34,0.43,67212.43,3903.65,716.65,-43.52,1.55,1.37,0.0,0,none,10.0
1789892820.0680802,Firewall,3903.4,0.0,718.26,0.0,-42.9,149.3,0.33,0.58,67207.67,3903.66,717.11,-43.38,0.07,2.32,0.7,0,none,10.0
1789892820.0708354,Firewall,3903.24,0.0,718.25,0.0,-43.1,148.7,0.33,0.55,67202.66,3903.66,717.39,-43.3,0.0,1.38,0.4,0,none,10.0
1789892820.0738723,Firewall,3903.55,0.0,718.91,0.0,-43.4,151.3,0.33,0.42,67198.49,3903.65,718.09,-43.22,-0.05,3.52,0.4,0,none,10.0
1789892820.0769079,Firewall,3903.55,0.0,719.56,0.0,-43.1,149.7,0.29,0.4,67195.6,3903.57,718.64,-43.14,-0.4,2.75,0.4,0,none,10.0
1789892820.0797346,Firewall,3916.0,0.0,800.21,0.0,-43.0,152.3,5.03,0.48,67732.4,3905.95,735.04,-43.1,11.88,81.99,0.2,1,traffic_overload,0.0
1789892820.0827668,Firewall,3956.49,0.0,844.68,0.0,-42.9,155.1,20.55,0.35,68272.95,3916.57,760.32,-43.1,53.09,126.42,0.0,1,traffic_overload,0.0
1789892820.0851507,Firewall,3971.67,0.0,892.08,0.0,-42.6,152.9,28.4,0.33,68762.2,3930.25,795.09,-43.0,68.43,173.83,0.5,1,traffic_overload,0.0
1789892820.087868,Firewall,3987.44,0.0,1025.53,0.0,-42.6,150.6,32.2,0.32,69277.55,3947.03,856.41,-42.84,83.89,306.62,0.8,1,traffic_overload,0.0
1789892820.090336,Firewall,4012.31,0.0,1148.75,0.0,-42.6,149.2,32.21,0.41,69793.59,3968.78,942.25,-42.74,108.76,429.19,0.5,1,traffic_overload,0.0
1789892820.0932992,Firewall,4025.63,0.0,1244.09,0.0,-42.9,150.7,25.42,0.34,70191.71,3990.71,1031.03,-42.72,109.63,443.88,0.1,1,traffic_overload,0.0
1789892820.0956862,Firewall,4055.13,0.0,1332.58,0.0,-43.3,152.5,29.2,0.38,70538.25,4010.44,1128.61,-42.8,98.64,487.9,-0.4,1,traffic_overload,0.0
1789892820.098271,Firewall,4079.28,0.0,1423.55,0.0,-43.2,150.4,32.2,0.32,70944.85,4031.96,1234.9,-42.92,107.61,531.47,-0.6,1,traffic_overload,0.0
1789892820.1005185,Firewall,4109.96,0.0,1555.5,0.0,-43.3,148.4,35.45,0.5,71346.38,4056.46,1340.89,-43.06,122.52,529.97,-0.7,1,traffic_overload,0.0
1789892820.1029265,Firewall,4122.79,0.0,1635.47,0.0,-43.1,150.7,35.48,0.61,71674.12,4078.56,1438.24,-43.16,110.48,486.72,-0.5,1,traffic_overload,0.0
1789892820.1056013,Firewall,4149.31,0.0,1721.3,0.0,-42.7,151.6,32.98,0.45,72155.53,4103.29,1533.68,-43.12,123.68,477.21,0.2,1,traffic_overload,0.0
1789892820.1081564,Firewall,4178.49,0.0,1764.81,0.0,-43.1,149.1,33.85,0.45,72600.3,4127.97,1620.13,-43.08,123.36,432.23,0.2,1,traffic_overload,0.0
1789892820.1112616,Firewall,4214.71,0.0,1844.51,0.0,-43.0,150.2,37.99,0.36,72948.92,4155.05,1704.32,-43.04,135.43,420.96,0.2,1,traffic_overload,0.0
1789892820.1138666,Firewall,4241.46,0.0,1952.57,0.0,-42.7,146.6,42.87,0.42,73362.7,4181.35,1783.73,-42.92,131.5,397.07,0.6,1,traffic_overload,0.0
1789892820.116658,Firewall,4256.23,0.0,2011.11,0.0,-42.5,148.6,39.51,0.5,73832.42,4208.04,1858.86,-42.8,133.44,375.64,0.6,1,traffic_overload,0.0
1789892820.1191735,Firewall,4282.38,0.0,2109.3,0.0,-42.3,150.7,35.61,0.52,74336.01,4234.65,1936.46,-42.72,133.07,388.0,0.4,1,traffic_overload,0.0
1789892820.1215541,Firewall,4317.33,0.0,2252.06,0.0,-42.0,152.2,35.12,0.59,74851.46,4262.42,2033.91,-42.5,138.84,487.25,1.1,1,,0.0
1789892820.1245134,Firewall,4317.67,0.0,2251.12,0.0,-42.3,148.3,31.06,0.44,74854.8,4283.01,2115.23,-42.36,102.96,406.61,0.7,0,none,10.0
1789892820.1273139,Firewall,4318.36,0.0,2250.51,0.0,-42.1,151.1,25.15,0.39,74852.87,4298.39,2174.82,-42.24,76.9,297.94,0.6,0,none,10.0
1789892820.1297965,Firewall,4318.16,0.0,2252.0,0.0,-42.2,153.5,14.21,0.31,74850.05,4310.78,2223.0,-42.18,61.93,240.89,0.3,0,none,10.0
1789892820.1323757,Firewall,4318.43,0.0,2251.61,0.0,-41.9,152.7,0.42,0.3,74849.68,4317.99,2251.46,-42.1,36.05,142.31,0.4,0,none,10.0
1789892820.1349928,Firewall,4319.02,0.0,2252.52,0.0,-41.8,152.7,0.43,0.45,74847.4,4318.33,2251.55,-42.06,1.69,0.46,0.2,0,none,10.0
1789892820.1376104,Firewall,4318.73,0.0,2251.91,0.0,-42.0,150.6,0.3,0.28,74846.94,4318.54,2251.71,-42.0,1.06,0.79,0.3,0,none,10.0
1789892820.1402068,Firewall,4318.18,0.0,2251.98,0.0,-42.2,148.0,0.33,0.35,74844.84,4318.5,2252.0,-42.02,-0.18,1.47,-0.1,0,none,10.0
1789892820.1430154,Firewall,4317.64,0.0,2252.78,0.0,-42.4,148.2,0.47,0.29,74846.49,4318.4,2252.16,-42.06,-0.52,0.78,-0.2,0,none,10.0
1789892820.1453476,Firewall,4318.16,0.0,2252.79,0.0,-42.3,145.1,0.48,0.38,74851.57,4318.35,2252.4,-42.14,-0.27,1.18,-0.4,0,none,10.0
1789892820.1479523,Firewall,4317.84,0.0,2253.79,0.0,-42.6,144.9,0.37,0.23,74847.67,4318.11,2252.65,-42.3,-1.18,1.27,-0.8,0,none,10.0
1789892820.1510017,Firewall,4318.32,0.0,2254.67,0.0,-42.3,146.1,0.25,0.23,74847.09,4318.03,2253.2,-42.36,-0.41,2.76,-0.3,0,none,10.0
1789892820.1541562,Firewall,4318.91,0.0,2253.95,0.0,-42.0,145.9,0.44,0.37,74849.99,4318.17,2253.6,-42.32,0.73,1.97,0.2,0,none,10.0
1789892820.1571798,Firewall,4319.4,0.0,2253.93,0.0,-41.7,147.5,0.56,0.33,74854.27,4318.53,2253.83,-42.18,1.76,1.15,0.7,0,none,10.0
1789892820.1598647,Firewall,4320.02,0.0,2255.0,0.0,-41.8,145.0,0.77,0.56,74856.17,4318.9,2254.27,-42.08,1.86,2.21,0.5,0,none,10.0
1789892820.1628366,Firewall,4320.72,0.0,2254.38,0.0,-42.0,148.2,0.84,0.58,74852.76,4319.47,2254.39,-41.96,2.88,0.59,0.6,0,none,10.0
1789892820.1654813,Firewall,4320.92,0.0,2255.06,0.0,-42.2,150.2,0.76,0.37,74858.54,4319.99,2254.46,-41.94,2.6,0.39,0.1,0,none,10.0
1789892820.1679986,Firewall,4320.3,0.0,2255.14,0.0,-42.4,152.1,0.54,0.28,74864.13,4320.27,2254.7,-42.02,1.39,1.19,-0.4,0,none,10.0
1789892820.1710389,Firewall,4320.48,0.0,2254.97,0.0,-42.1,148.4,0.31,0.52,74858.6,4320.49,2254.91,-42.1,1.08,1.04,-0.4,0,none,10.0
1789892820.1736104,Firewall,4319.72,0.0,2255.57,0.0,-41.8,145.5,0.41,0.51,74855.2,4320.43,2255.02,-42.1,-0.3,0.57,0.0,0,none,10.0
1789892820.1761692,Firewall,4319.43,0.0,2255.16,0.0,-41.8,143.2,0.54,0.31,74852.44,4320.17,2255.18,-42.06,-1.29,0.78,0.2,0,none,10.0
1789892820.1784482,Firewall,4318.77,0.0,2256.3,0.0,-42.2,139.9,0.62,0.21,74857.59,4319.74,2255.43,-42.06,-2.15,1.24,0.0,0,none,10.0
1789892820.1815548,Firewall,4318.09,0.0,2256.97,0.0,-41.8,140.0,0.81,0.15,74862.94,4319.3,2255.79,-41.94,-2.21,1.83,0.6,0,none,10.0
1789892820.184444,Firewall,4317.67,0.0,2256.49,0.0,-41.7,137.5,0.77,0.18,74864.72,4318.74,2256.1,-41.86,-2.81,1.52,0.4,0,none,10.0
1789892820.187008,Firewall,4317.08,0.0,2257.19,0.0,-41.8,135.7,0.82,0.26,74865.81,4318.21,2256.42,-41.86,-2.64,1.62,0.0,0,none,10.0
1789892820.1906276,Firewall,4316.55,0.0,2257.15,0.0,-42.0,133.9,0.77,0.16,74869.87,4317.63,2256.82,-41.9,-2.88,1.99,-0.2,0,none,10.0
1789892820.1931863,Firewall,4316.71,0.0,2256.33,0.0,-42.0,131.7,0.58,0.15,74873.73,4317.22,2256.83,-41.86,-2.06,0.03,0.2,0,none,10.0
1789892820.195653,Firewall,4316.57,0.0,2255.32,0.0,-42.1,128.6,0.42,0.25,74871.56,4316.92,2256.5,-41.92,-1.52,-1.65,-0.3,0,none,10.0
1789892820.1982324,Firewall,4316.37,0.0,2256.0,0.0,-42.4,129.7,0.24,0.45,74871.17,4316.66,2256.4,-42.06,-1.3,-0.49,-0.7,0,none,10.0
1789892820.2009063,Firewall,4315.82,0.0,2256.93,0.0,-42.6,127.5,0.31,0.51,74872.81,4316.4,2256.35,-42.22,-1.26,-0.26,-0.8,0,none,10.0
1789892820.203507,Firewall,4315.14,0.0,2257.78,0.0,-42.6,127.0,0.58,0.6,74876.54,4316.12,2256.47,-42.34,-1.41,0.63,-0.6,0,none,10.0
1789892820.2062864,Firewall,4314.64,0.0,2258.53,0.0,-42.6,124.5,0.73,0.75,74871.61,4315.71,2256.91,-42.46,-2.07,2.2,-0.6,0,none,10.0
1789892820.2087245,Firewall,4315.08,0.0,2259.89,0.0,-42.7,124.4,0.61,0.6,74871.15,4315.41,2257.83,-42.58,-1.49,4.57,-0.6,0,none,10.0
1789892820.2113242,Firewall,4315.59,0.0,2259.98,0.0,-43.1,125.8,0.42,0.47,74873.46,4315.25,2258.62,-42.72,-0.78,3.98,-0.7,0,none,10.0
1789892820.2141774,Firewall,4315.85,0.0,2261.24,0.0,-43.4,123.4,0.42,0.32,74876.98,4315.26,2259.48,-42.88,0.03,4.31,-0.8,0,none,10.0
1789892820.2167711,Firewall,4315.27,0.0,2260.9,0.0,-43.0,124.0,0.42,0.21,74878.83,4315.29,2260.11,-42.96,0.13,3.12,-0.4,0,none,10.0
1789892820.2195349,Firewall,4314.66,0.0,2259.62,0.0,-43.4,125.8,0.41,0.17,74873.84,4315.29,2260.33,-43.12,0.02,1.09,-0.8,0,none,10.0
1789892820.2221165,Firewall,4314.51,0.0,2258.13,0.0,-43.4,125.2,0.52,0.44,74874.88,4315.18,2259.97,-43.26,-0.57,-1.76,-0.7,0,none,10.0
1789892820.2246695,Firewall,4314.45,0.0,2258.21,0.0,-43.4,127.3,0.54,0.37,74876.62,4314.95,2259.62,-43.32,-1.14,-1.77,-0.3,0,none,10.0
1789892820.2272618,Firewall,4313.87,0.0,2256.94,0.0,-43.3,123.6,0.45,0.6,74878.23,4314.55,2258.76,-43.3,-1.98,-4.3,0.1,0,none,10.0
1789892820.2298589,Firewall,4313.11,0.0,2257.59,0.0,-43.2,126.7,0.57,0.68,74881.51,4314.12,2258.1,-43.34,-2.16,-3.31,-0.2,0,none,10.0
1789892820.2325656,Firewall,4312.61,0.0,2258.39,0.0,-43.1,126.0,0.75,0.6,74875.98,4313.71,2257.85,-43.28,-2.05,-1.23,0.3,0,none,10.0
1789892820.2352176,Firewall,4312.19,0.0,2257.31,0.0,-43.2,125.0,0.82,0.5,74873.26,4313.25,2257.69,-43.24,-2.32,-0.82,0.2,0,none,10.0
1789892820.2382138,Firewall,4311.72,0.0,2257.55,0.0,-43.4,121.3,0.75,0.65,74877.11,4312.7,2257.56,-43.24,-2.73,-0.66,0.0,0,none,10.0
1789892820.2408347,Firewall,4311.22,0.0,2256.22,0.0,-43.5,119.2,0.66,0.44,74881.33,4312.17,2257.41,-43.28,-2.65,-0.72,-0.2,0,none,10.0
1789892820.243583,Firewall,4311.39,0.0,2255.24,0.0,-43.1,116.8,0.51,0.44,74879.91,4311.83,2256.94,-43.26,-1.72,-2.35,0.1,0,none,10.0
1789892820.2462132,Firewall,4312.02,0.0,2254.46,0.0,-43.4,118.2,0.37,0.35,74876.94,4311.71,2256.16,-43.32,-0.59,-3.93,-0.3,0,none,10.0
1789892820.248816,Firewall,4311.96,0.0,2255.06,0.0,-43.5,119.5,0.31,0.23,74878.69,4311.66,2255.71,-43.38,-0.23,-2.25,-0.3,0,none,10.0
1789892820.2514143,Firewall,4312.49,0.0,2256.55,0.0,-43.1,121.9,0.46,0.31,74881.59,4311.82,2255.51,-43.32,0.77,-1.0,0.3,0,none,10.0
1789892820.2543921,Firewall,4312.72,0.0,2256.98,0.0,-43.2,122.4,0.46,0.54,74880.31,4312.12,2255.66,-43.26,1.5,0.76,0.3,0,none,10.0
1789892820.256998,Firewall,4313.41,0.0,2256.61,0.0,-43.2,123.0,0.53,0.47,74878.48,4312.52,2255.93,-43.28,2.02,1.37,-0.1,0,none,10.0
1789892820.259602,Firewall,4312.63,0.0,2257.73,0.0,-42.9,120.9,0.46,0.65,74879.6,4312.64,2256.59,-43.18,0.61,3.27,0.5,0,none,10.0
1789892820.2622297,Firewall,4311.83,0.0,2256.26,0.0,-42.9,121.1,0.51,0.44,74874.53,4312.62,2256.83,-43.06,-0.13,1.2,0.6,0,none,10.0
1789892820.2648458,Firewall,4311.9,0.0,2255.77,0.0,-42.8,122.0,0.58,0.47,74874.6,4312.5,2256.67,-43.0,-0.59,-0.78,0.3,0,none,10.0
1789892820.267634,Firewall,4311.73,0.0,2256.21,0.0,-42.9,120.6,0.64,0.62,74874.59,4312.3,2256.52,-42.94,-0.99,-0.77,0.3,0,none,10.0
1789892820.2706335,Firewall,4311.69,0.0,2256.72,0.0,-42.7,122.4,0.34,0.4,74869.59,4311.96,2256.54,-42.84,-1.72,0.11,0.5,0,none,10.0
1789892820.2735484,Firewall,4311.41,0.0,2255.55,0.0,-43.0,126.0,0.17,0.32,74873.72,4311.71,2256.1,-42.86,-1.22,-2.18,-0.1,0,none,10.0
1789892820.2765589,Firewall,4311.9,0.0,2254.46,0.0,-43.2,128.5,0.18,0.56,74871.36,4311.73,2255.74,-42.92,0.07,-1.8,-0.3,0,none,10.0
1789892820.2793217,Firewall,4312.67,0.0,2253.07,0.0,-43.4,128.0,0.42,0.54,74875.51,4311.88,2255.2,-43.04,0.77,-2.7,-0.6,0,none,10.0
1789892820.282342,Firewall,4313.35,0.0,2252.32,0.0,-43.3,131.9,0.71,0.67,74874.82,4312.2,2254.42,-43.12,1.62,-3.89,-0.4,0,none,10.0
1789892820.28489,Firewall,4314.07,0.0,2252.29,0.0,-43.2,135.1,0.96,0.67,74878.23,4312.68,2253.54,-43.22,2.38,-4.43,-0.5,0,none,10.0
1789892820.2870414,Firewall,4313.46,0.0,2252.23,0.0,-42.9,136.0,0.74,0.48,74881.35,4313.09,2252.87,-43.2,2.05,-3.32,0.1,0,none,10.0
1789892820.289633,Firewall,4313.97,0.0,2253.28,0.0,-42.5,139.1,0.5,0.52,74883.36,4313.5,2252.64,-43.06,2.07,-1.18,0.7,0,none,10.0
1789892820.2923057,Firewall,4313.72,0.0,2253.83,0.0,-42.8,140.1,0.28,0.38,74888.3,4313.71,2252.79,-42.94,1.05,0.76,0.6,0,none,10.0
1789892820.2949166,Firewall,4313.46,0.0,2254.5,0.0,-42.5,141.9,0.25,0.6,74890.71,4313.74,2253.23,-42.78,0.11,2.18,0.8,0,none,10.0
1789892820.2975435,Firewall,4312.87,0.0,2255.52,0.0,-42.8,139.0,0.37,0.64,74893.43,4313.5,2253.87,-42.7,-1.2,3.23,0.4,0,none,10.0
1789892820.3003752,Firewall,4313.39,0.0,2254.56,0.0,-43.1,136.4,0.37,0.68,74897.38,4313.48,2254.34,-42.74,-0.07,2.33,-0.2,0,none,10.0
1789892820.3026772,Firewall,4312.88,0.0,2254.68,0.0,-42.9,137.3,0.34,0.6,74897.65,4313.26,2254.62,-42.82,-1.09,1.4,-0.4,0,none,10.0
1789892820.3051305,Firewall,4312.38,0.0,2254.35,0.0,-43.3,136.9,0.4,0.36,74900.07,4313.0,2254.72,-42.92,-1.34,0.52,-0.5,0,none,10.0
1789892820.307693,Firewall,4312.63,0.0,2254.87,0.0,-43.3,136.3,0.34,0.44,74895.03,4312.83,2254.8,-43.08,-0.83,0.37,-0.8,0,none,10.0
1789892820.3104463,Firewall,4312.89,0.0,2256.36,0.0,-43.0,132.8,0.34,0.6,74889.7,4312.83,2254.96,-43.12,0.02,0.84,-0.2,0,none,10.0
1789892820.3128252,Firewall,4312.21,0.0,2256.25,0.0,-43.1,131.2,0.27,0.63,74891.19,4312.6,2255.3,-43.12,-1.18,1.69,0.0,0,none,10.0
1789892820.3154883,Firewall,4312.34,0.0,2255.28,0.0,-43.5,128.2,0.24,0.59,74895.62,4312.49,2255.42,-43.24,-0.54,0.6,-0.6,0,none,10.0
1789892820.3180614,Firewall,4312.71,0.0,2256.38,0.0,-43.3,129.2,0.25,0.59,74890.59,4312.56,2255.83,-43.24,0.33,2.03,0.0,0,none,10.0
1789892820.3205714,Firewall,4313.39,0.0,2255.53,0.0,-43.3,128.1,0.42,0.54,74887.75,4312.71,2255.96,-43.24,0.76,0.66,0.0,0,none,10.0
1789892820.3231666,Firewall,4343.82,0.0,2300.29,0.0,-43.2,129.7,12.47,0.55,75335.66,4318.89,2264.75,-43.28,30.93,43.93,-0.2,1,traffic_overload,0.0
1789892820.326026,Firewall,4381.04,0.0,2402.8,0.0,-43.1,129.6,27.01,0.55,75619.35,4332.66,2294.06,-43.28,68.83,146.55,0.0,1,traffic_overload,0.0
1789892820.3284736,Firewall,4416.61,0.0,2473.9,0.0,-43.1,130.5,40.27,0.37,76130.25,4353.51,2337.78,-43.2,104.27,218.62,0.4,1,traffic_overload,0.0
1789892820.3308265,Firewall,4442.73,0.0,2561.99,0.0,-43.2,128.1,46.95,0.57,76549.8,4379.52,2398.9,-43.18,130.02,305.61,0.1,1,traffic_overload,0.0
1789892820.3340688,Firewall,4466.07,0.0,2617.85,0.0,-43.4,125.5,43.54,0.59,76934.51,4410.05,2471.37,-43.2,152.68,362.32,-0.1,1,traffic_overload,0.0
1789892820.3368866,Firewall,4484.97,0.0,2727.88,0.0,-43.4,128.1,36.66,0.45,77252.9,4438.28,2556.88,-43.24,141.15,427.59,-0.2,1,traffic_overload,0.0
1789892820.3397648,Firewall,4505.49,0.0,2830.33,0.0,-43.4,127.8,31.18,0.52,77536.72,4463.17,2642.39,-43.3,124.45,427.53,-0.3,1,traffic_overload,0.0
1789892820.342571,Firewall,4536.39,0.0,2932.86,0.0,-43.2,126.1,32.2,0.48,77962.84,4487.13,2734.18,-43.32,119.78,458.96,-0.1,1,traffic_overload,0.0
1789892820.3453608,Firewall,4574.73,0.0,3029.56,0.0,-43.4,127.2,38.48,0.66,78487.27,4513.53,2827.7,-43.36,132.0,467.57,-0.2,1,traffic_overload,0.0
1789892820.3481197,Firewall,4592.9,0.0,3111.09,0.0,-43.4,123.4,40.57,0.53,78756.78,4538.9,2926.34,-43.36,126.83,493.24,0.0,1,traffic_overload,0.0
1789892820.3504677,Firewall,4611.26,0.0,3245.0,0.0,-43.4,125.0,38.39,0.41,79293.56,4564.15,3029.77,-43.36,126.29,517.12,0.0,1,traffic_overload,0.0
1789892820.353068,Firewall,4628.15,0.0,3303.33,0.0,-43.2,122.0,31.67,0.56,79629.06,4588.69,3124.37,-43.32,122.66,473.0,0.2,1,,0.0
1789892820.3556755,Firewall,4628.9,0.0,3303.0,0.0,-42.9,118.2,20.9,0.37,79629.66,4607.19,3198.4,-43.26,92.51,370.14,0.3,1,none,0.83
1789892820.3582854,Firewall,4628.7,0.0,3303.23,0.0,-42.8,114.3,14.23,0.61,79625.01,4617.98,3253.13,-43.14,53.97,273.67,0.6,1,none,0.67
1789892820.3609152,Firewall,4629.36,0.0,3302.3,0.0,-42.8,117.6,7.02,0.39,79625.81,4625.27,3291.37,-43.02,36.46,191.21,0.6,1,none,0.5
1789892820.363501,Firewall,4629.49,0.0,3303.6,0.0,-42.7,120.7,0.48,0.3,79630.36,4628.92,3303.09,-42.88,18.23,58.6,0.7,1,none,0.33
1789892820.3660648,Firewall,4629.02,0.0,3302.87,0.0,-43.1,119.1,0.29,0.5,79628.45,4629.09,3303.0,-42.86,0.87,-0.46,0.1,1,none,0.2
1789892820.3686044,Firewall,4629.58,0.0,3302.55,0.0,-43.3,116.1,0.32,0.69,79630.76,4629.23,3302.91,-42.94,0.68,-0.45,-0.4,1,none,0.2
1789892820.3711467,Firewall,4629.3,0.0,3302.67,0.0,-43.5,119.4,0.19,0.74,79631.47,4629.35,3302.8,-43.08,0.6,-0.56,-0.7,0,none,10.0
1789892820.3737657,Firewall,4629.84,0.0,3302.35,0.0,-43.7,119.3,0.27,0.52,79630.42,4629.45,3302.81,-43.26,0.48,0.05,-0.9,0,none,10.0
1789892820.3763726,Firewall,4629.22,0.0,3301.03,0.0,-44.1,117.8,0.29,0.34,79624.5,4629.39,3302.29,-43.54,-0.27,-2.57,-1.4,0,none,10.0
1789892820.3791509,Firewall,4629.57,0.0,3301.34,0.0,-44.0,118.7,0.22,0.4,79618.84,4629.5,3301.99,-43.72,0.55,-1.53,-0.9,0,none,10.0
1789892820.3816447,Firewall,4629.69,0.0,3300.54,0.0,-44.2,119.8,0.23,0.28,79618.4,4629.52,3301.59,-43.9,0.11,-2.01,-0.9,0,none,10.0
1789892820.3843856,Firewall,4630.09,0.0,3300.77,0.0,-44.0,121.2,0.29,0.34,79621.06,4629.68,3301.21,-44.0,0.79,-1.9,-0.5,0,none,10.0
1789892820.3871176,Firewall,4629.42,0.0,3300.79,0.0,-44.1,124.0,0.29,0.2,79619.13,4629.6,3300.89,-44.08,-0.42,-1.56,-0.4,0,none,10.0
1789892820.389744,Firewall,4629.17,0.0,3299.3,0.0,-43.8,124.9,0.31,0.23,79618.0,4629.59,3300.55,-44.02,-0.05,-1.73,0.3,0,none,10.0
1789892820.3924315,Firewall,4662.9,0.0,3380.26,0.0,-44.0,125.3,13.33,0.2,80112.21,4636.25,3316.33,-44.02,33.33,78.92,0.0,1,traffic_overload,0.0
1789892820.395273,Firewall,4676.63,0.0,3434.47,0.0,-44.3,121.8,20.17,0.49,80591.73,4645.64,3343.12,-44.04,46.94,133.93,-0.1,1,traffic_overload,0.0
1789892820.398119,Firewall,4708.82,0.0,3526.89,0.0,-44.4,119.9,30.15,0.63,81103.81,4661.39,3388.34,-44.12,78.73,226.12,-0.4,1,traffic_overload,0.0
1789892820.4009244,Firewall,4729.06,0.0,3631.7,0.0,-44.3,116.2,34.98,0.7,81473.58,4681.32,3454.52,-44.16,99.64,330.91,-0.2,1,traffic_overload,0.0
1789892820.403798,Firewall,4756.7,0.0,3766.15,0.0,-44.4,116.2,34.14,0.54,81919.81,4706.82,3547.89,-44.28,127.53,466.85,-0.6,1,traffic_overload,0.0
1789892820.4066517,Firewall,4771.03,0.0,3946.27,0.0,-44.3,120.1,33.71,0.63,82465.93,4728.45,3661.1,-44.34,108.13,566.01,-0.3,1,traffic_overload,0.0
1789892820.4095495,Firewall,4782.31,0.0,4075.89,0.0,-44.4,122.9,27.07,0.69,82881.31,4749.58,3789.38,-44.36,105.68,641.42,-0.1,1,traffic_overload,0.0
1789892820.4120767,Firewall,4803.42,0.0,4129.41,0.0,-44.7,125.4,24.94,0.74,83392.99,4768.5,3909.88,-44.42,94.6,602.52,-0.3,1,traffic_overload,0.0
1789892820.414832,Firewall,4814.11,0.0,4304.59,0.0,-45.1,127.6,20.92,0.51,83874.29,4785.51,4044.46,-44.58,85.05,672.89,-0.8,1,traffic_overload,0.0
1789892820.4178658,Firewall,4845.08,0.0,4389.59,0.0,-44.8,129.9,25.86,0.43,84203.15,4803.19,4169.15,-44.66,88.38,623.44,-0.4,1,traffic_overload,0.0
1789892820.4209003,Firewall,4881.52,0.0,4560.42,0.0,-44.7,133.0,34.65,0.42,84480.2,4825.29,4291.98,-44.74,110.49,614.15,-0.4,1,traffic_overload,0.0
1789892820.423941,Firewall,4905.15,0.0,4661.91,0.0,-44.4,129.2,38.77,0.28,84908.58,4849.86,4409.18,-44.74,122.84,586.02,0.0,1,,0.0
1789892820.4267302,Firewall,4905.91,0.0,4661.22,0.0,-44.2,127.2,35.78,0.25,84913.51,4870.35,4515.55,-44.64,102.49,531.81,0.5,1,none,0.83
1789892820.4295092,Firewall,4906.25,0.0,4660.91,0.0,-44.0,128.3,23.79,0.44,84913.41,4888.78,4586.81,-44.42,92.14,356.32,1.1,1,none,0.67
1789892820.4318533,Firewall,4906.42,0.0,4660.8,0.0,-43.9,131.1,9.78,0.59,84910.94,4901.05,4641.05,-44.24,61.34,271.21,0.9,1,none,0.5
1789892820.4344506,Firewall,4906.17,0.0,4659.33,0.0,-44.1,134.9,0.45,0.58,84908.26,4905.98,4660.83,-44.12,24.65,98.91,0.6,1,none,0.33
1789892820.4372015,Firewall,4905.87,0.0,4660.75,0.0,-43.8,131.0,0.21,0.42,84912.16,4906.12,4660.6,-44.0,0.72,-1.16,0.6,1,none,0.2
1789892820.4398162,Firewall,4905.47,0.0,4662.16,0.0,-43.8,133.2,0.33,0.49,84906.68,4906.04,4660.79,-43.92,-0.44,0.94,0.4,1,none,0.2
1789892820.4427912,Firewall,4905.19,0.0,4662.29,0.0,-44.0,131.1,0.45,0.45,84911.44,4905.82,4661.07,-43.92,-1.06,1.38,0.0,0,none,10.0
1789892820.4453917,Firewall,4905.8,0.0,4663.44,0.0,-43.8,127.6,0.34,0.59,84912.93,4905.7,4661.59,-43.9,-0.62,2.64,0.1,0,none,10.0
1789892820.4480174,Firewall,4905.6,0.0,4663.85,0.0,-43.9,126.3,0.24,0.73,84911.38,4905.59,4662.5,-43.86,-0.57,4.52,0.2,0,none,10.0
1789892820.4506292,Firewall,4906.03,0.0,4662.52,0.0,-43.6,124.6,0.29,0.62,84910.58,4905.62,4662.85,-43.82,0.16,1.77,0.2,0,none,10.0
1789892820.4533203,Firewall,4906.23,0.0,4664.0,0.0,-43.6,122.3,0.36,0.46,84916.4,4905.77,4663.22,-43.78,0.76,1.84,0.2,0,none,10.0
1789892820.4559226,Firewall,4905.53,0.0,4664.98,0.0,-43.3,125.2,0.26,0.55,84913.82,4905.84,4663.76,-43.64,0.34,2.69,0.7,0,none,10.0
1789892820.45873,Firewall,4922.68,0.0,4709.96,0.0,-43.2,124.2,6.74,0.41,85333.1,4909.21,4673.06,-43.52,16.88,46.52,0.6,1,traffic_overload,0.0
1789892820.4613724,Firewall,4949.14,0.0,4874.41,0.0,-43.4,127.1,16.9,0.46,85647.21,4917.92,4715.17,-43.42,43.54,210.56,0.5,1,traffic_overload,0.0
1789892820.4639866,Firewall,4987.81,0.0,4917.59,0.0,-43.5,128.2,31.09,0.3,86124.53,4934.28,4766.19,-43.4,81.78,255.07,0.1,1,traffic_overload,0.0
1789892820.4666097,Firewall,5011.36,0.0,4961.92,0.0,-43.2,132.1,39.44,0.54,86567.35,4955.3,4825.77,-43.32,105.13,297.92,0.4,1,traffic_overload,0.0
1789892820.469628,Firewall,5036.38,0.0,5126.98,0.0,-43.0,136.1,41.11,0.52,86860.49,4981.47,4918.17,-43.26,130.85,462.0,0.3,1,traffic_overload,0.0
1789892820.4725366,Firewall,5062.98,0.0,5245.99,0.0,-42.9,132.8,39.24,0.53,87259.84,5009.53,5025.38,-43.2,140.3,536.03,0.3,1,traffic_overload,0.0
1789892820.4753077,Firewall,5095.28,0.0,5310.55,0.0,-43.1,129.3,37.77,0.67,87733.51,5038.76,5112.61,-43.14,146.14,436.14,0.3,1,traffic_overload,0.0
1789892820.4779856,Firewall,5105.45,0.0,5439.96,0.0,-43.5,132.5,35.26,0.53,88255.13,5062.29,5217.08,-43.14,117.64,522.37,0.0,1,traffic_overload,0.0
1789892820.4806516,Firewall,5139.23,0.0,5526.29,0.0,-43.1,129.4,35.42,0.69,88660.92,5087.86,5329.95,-43.12,127.87,564.37,0.1,1,traffic_overload,0.0
1789892820.4833636,Firewall,5162.4,0.0,5578.08,0.0,-43.0,128.0,34.64,0.81,89151.39,5113.07,5420.17,-43.12,126.02,451.1,0.0,1,traffic_overload,0.0
1789892820.486422,Firewall,5191.93,0.0,5621.01,0.0,-43.3,129.4,35.74,0.68,89632.51,5138.86,5495.18,-43.2,128.95,375.02,-0.4,1,traffic_overload,0.0
1789892820.4892442,Firewall,5208.74,0.0,5757.8,0.0,-43.3,132.6,36.87,0.66,90035.82,5161.55,5584.63,-43.24,113.46,447.25,-0.2,1,traffic_overload,0.0
1789892820.4917564,Firewall,5230.12,0.0,5825.5,0.0,-42.9,135.5,32.38,0.49,90330.46,5186.48,5661.74,-43.12,124.67,385.54,0.6,1,traffic_overload,0.0
1789892820.4943078,Firewall,5242.37,0.0,5915.45,0.0,-42.9,136.3,28.3,0.39,90774.9,5207.11,5739.57,-43.08,103.14,389.16,0.2,1,traffic_overload,0.0
1789892820.4968238,Firewall,5276.51,0.0,6016.63,0.0,-42.8,139.6,29.04,0.33,91182.83,5229.93,5827.28,-43.04,114.11,438.55,0.2,1,traffic_overload,0.0
1789892820.4993615,Firewall,5289.14,0.0,6166.44,0.0,-43.1,139.2,29.62,0.24,91631.44,5249.38,5936.36,-43.0,97.21,545.43,0.2,1,traffic_overload,0.0
1789892820.5019264,Firewall,5310.71,0.0,6255.46,0.0,-43.0,136.7,29.73,0.17,92135.48,5269.77,6035.9,-42.94,101.97,497.66,0.3,1,,0.0
1789892820.5044708,Firewall,5310.19,0.0,6254.7,0.0,-43.3,140.5,25.29,0.11,92130.4,5285.78,6121.74,-43.02,80.07,429.2,-0.4,0,none,10.0
1789892820.5070343,Firewall,5310.95,0.0,6255.98,0.0,-43.0,141.3,14.19,0.42,92129.03,5299.5,6189.84,-43.04,68.58,340.53,-0.1,0,none,10.0
1789892820.509611,Firewall,5311.45,0.0,6256.61,0.0,-43.2,145.1,8.68,0.51,92131.79,5306.49,6237.84,-43.12,34.94,239.98,-0.4,0,none,10.0
1789892820.5122352,Firewall,5310.75,0.0,6256.72,0.0,-42.9,146.3,0.41,0.44,92126.96,5310.81,6255.89,-43.08,21.61,90.28,0.2,0,none,10.0
1789892820.5149498,Firewall,5346.74,0.0,6361.0,0.0,-43.3,150.3,14.37,0.38,92619.47,5318.02,6277.0,-43.14,36.03,105.54,-0.3,1,traffic_overload,0.0
1789892820.5175865,Firewall,5363.04,0.0,6490.28,0.0,-43.0,146.9,22.09,0.26,93004.47,5328.59,6324.12,-43.08,52.85,235.58,0.3,1,traffic_overload,0.0
1789892820.5202148,Firewall,5396.47,0.0,6635.97,0.0,-43.0,146.1,32.48,0.37,93441.75,5345.69,6400.12,-43.08,85.52,379.99,0.0,1,traffic_overload,0.0
1789892820.522688,Firewall,5424.84,0.0,6746.13,0.0,-43.2,143.5,39.48,0.26,93920.49,5368.37,6498.02,-43.08,113.39,489.52,0.0,1,traffic_overload,0.0
1789892820.5252118,Firewall,5460.31,0.0,6865.99,0.0,-42.9,147.2,41.12,0.44,94323.17,5398.28,6619.87,-43.08,149.56,609.27,0.0,1,traffic_overload,0.0
1789892820.5277338,Firewall,5488.47,0.0,7001.2,0.0,-43.0,148.1,44.53,0.39,94717.46,5426.63,6747.91,-43.02,141.73,640.2,0.3,1,traffic_overload,0.0
1789892820.5302656,Firewall,5511.31,0.0,7173.98,0.0,-43.0,146.8,41.58,0.26,95128.9,5456.28,6884.65,-43.02,148.27,683.7,0.0,1,traffic_overload,0.0
1789892820.5327854,Firewall,5529.69,0.0,7302.35,0.0,-43.1,145.3,37.17,0.44,95566.52,5482.92,7017.93,-43.04,133.22,666.38,-0.1,1,traffic_overload,0.0
1789892820.5353036,Firewall,5563.46,0.0,7478.42,0.0,-42.7,145.6,35.15,0.44,95906.62,5510.65,7164.39,-42.94,138.62,732.29,0.5,1,traffic_overload,0.0
1789892820.53784,Firewall,5576.91,0.0,7570.25,0.0,-42.6,143.4,32.61,0.36,96324.81,5533.97,7305.24,-42.88,116.6,704.26,0.3,1,traffic_overload,0.0
1789892820.5403829,Firewall,5609.89,0.0,7750.41,0.0,-42.5,141.4,34.82,0.44,96824.56,5558.25,7455.08,-42.78,121.42,749.21,0.5,1,traffic_overload,0.0
1789892820.5429072,Firewall,5625.42,0.0,7863.36,0.0,-42.2,143.2,33.95,0.64,97161.72,5581.07,7592.96,-42.62,114.11,689.38,0.8,1,traffic_overload,0.0
1789892820.5454261,Firewall,5660.2,0.0,8002.65,0.0,-42.4,142.5,34.58,0.47,97671.43,5607.18,7733.02,-42.48,130.51,700.3,0.7,1,traffic_overload,0.0
1789892820.5476904,Firewall,5682.44,0.0,8159.59,0.0,-42.2,139.3,37.15,0.65,98128.44,5630.97,7869.25,-42.38,118.98,681.17,0.5,1,traffic_overload,0.0
1789892820.550516,Firewall,5701.6,0.0,8215.87,0.0,-41.9,136.8,34.23,0.42,98623.39,5655.91,7998.38,-42.24,124.69,645.62,0.7,1,traffic_overload,0.0
1789892820.5530934,Firewall,5731.63,0.0,8332.88,0.0,-42.3,140.7,36.08,0.59,98873.15,5680.26,8114.87,-42.2,121.74,582.47,0.2,1,traffic_overload,0.0
1789892820.5553162,Firewall,5766.24,0.0,8503.87,0.0,-42.0,137.2,37.23,0.68,99255.98,5708.42,8242.97,-42.16,140.82,640.51,0.2,1,traffic_overload,0.0
1789892820.5575297,Firewall,5806.31,0.0,8630.26,0.0,-41.6,138.7,44.53,0.52,99584.69,5737.64,8368.49,-42.0,146.11,627.61,0.8,1,,0.0
1789892820.559747,Firewall,5845.28,0.0,8736.69,0.0,-41.7,137.6,51.28,0.36,100017.62,5770.21,8483.91,-41.9,162.84,577.1,0.5,1,traffic_overload,0.0
1789892820.562014,Firewall,5855.03,0.0,8899.31,0.0,-41.8,137.1,46.75,0.41,100543.25,5800.9,8620.6,-41.88,153.43,683.44,0.1,1,traffic_overload,0.0
1789892820.5648558,Firewall,5879.19,0.0,8963.73,0.0,-41.8,136.9,39.76,0.5,101035.17,5830.41,8746.77,-41.78,147.56,630.85,0.5,1,traffic_overload,0.0
1789892820.5673099,Firewall,5901.56,0.0,9120.69,0.0,-42.1,133.9,32.21,0.7,101304.53,5857.47,8870.14,-41.8,135.32,616.82,-0.1,1,traffic_overload,0.0
1789892820.570261,Firewall,5917.42,0.0,9217.09,0.0,-42.5,136.7,27.18,0.49,101810.97,5879.7,8987.5,-41.98,111.11,586.83,-0.9,1,traffic_overload,0.0
1789892820.5729606,Firewall,5953.96,0.0,9297.54,0.0,-42.8,137.7,33.65,0.68,102171.95,5901.43,9099.67,-42.2,108.68,560.85,-1.1,1,traffic_overload,0.0
1789892820.575632,Firewall,5973.38,0.0,9356.56,0.0,-42.9,136.3,34.31,0.49,102690.46,5925.1,9191.12,-42.42,118.35,457.25,-1.1,1,traffic_overload,0.0
1789892820.5782542,Firewall,5989.77,0.0,9456.61,0.0,-43.1,139.8,33.2,0.33,102991.63,5947.22,9289.7,-42.68,110.58,492.88,-1.3,1,traffic_overload,0.0
1789892820.58087,Firewall,6006.7,0.0,9595.22,0.0,-43.4,143.0,30.84,0.28,103333.5,5968.25,9384.6,-42.94,105.14,474.53,-1.3,1,traffic_overload,0.0
1789892820.583422,Firewall,6036.48,0.0,9699.24,0.0,-43.4,142.2,28.26,0.2,103795.29,5992.06,9481.03,-43.12,119.06,482.15,-0.9,1,traffic_overload,0.0
1789892820.5860882,Firewall,6058.83,0.0,9803.89,0.0,-43.4,139.4,30.99,0.36,104306.08,6013.03,9582.3,-43.24,104.87,506.35,-0.6,1,traffic_overload,0.0
1789892820.5886993,Firewall,6083.58,0.0,9860.87,0.0,-43.2,142.3,33.99,0.26,104688.26,6035.07,9683.17,-43.3,110.2,504.31,-0.3,1,traffic_overload,0.0
1789892820.5913432,Firewall,6099.06,0.0,9958.83,0.0,-42.8,138.7,32.96,0.45,105199.14,6056.93,9783.61,-43.24,109.29,502.22,0.3,1,,0.0
1789892820.594081,Firewall,6099.83,0.0,9958.62,0.0,-43.1,136.5,24.55,0.64,105203.5,6075.56,9856.29,-43.18,93.13,363.4,0.3,1,none,0.2
1789892820.5970333,Firewall,6099.21,0.0,9959.86,0.0,-43.1,139.5,15.87,0.64,105208.1,6088.1,9908.41,-43.12,62.73,260.62,0.3,0,none,10.0
1789892820.5998373,Firewall,6098.97,0.0,9958.84,0.0,-42.9,136.7,6.28,0.69,105206.64,6096.13,9939.4,-43.02,40.14,154.95,0.5,0,none,10.0
1789892820.6024282,Firewall,6099.65,0.0,9957.91,0.0,-43.1,136.9,0.33,0.68,105202.1,6099.34,9958.81,-43.0,16.07,97.04,0.1,0,none,10.0
1789892820.605219,Firewall,6098.86,0.0,9958.64,0.0,-43.1,138.2,0.38,0.48,105200.81,6099.3,9958.77,-43.06,-0.2,-0.19,-0.3,0,none,10.0
1789892820.6080241,Firewall,6098.1,0.0,9959.45,0.0,-43.0,134.9,0.51,0.57,105195.47,6098.96,9958.94,-43.04,-1.73,0.83,0.1,0,none,10.0
1789892820.610897,Firewall,6098.07,0.0,9960.06,0.0,-42.9,134.1,0.59,0.58,105197.68,6098.73,9958.98,-43.0,-1.14,0.2,0.2,0,none,10.0
1789892820.6134906,Firewall,6098.73,0.0,9961.21,0.0,-42.9,133.7,0.58,0.45,105195.7,6098.68,9959.45,-43.0,-0.24,2.37,0.0,0,none,10.0
1789892820.6159484,Firewall,6097.96,0.0,9960.65,0.0,-42.8,131.8,0.37,0.6,105192.12,6098.34,9960.0,-42.94,-1.69,2.74,0.3,0,none,10.0
1789892820.6192307,Firewall,6097.72,0.0,9961.75,0.0,-42.6,135.0,0.34,0.6,105187.16,6098.12,9960.62,-42.84,-1.14,3.11,0.5,0,none,10.0
1789892820.6218472,Firewall,6098.45,0.0,9962.67,0.0,-42.4,132.9,0.36,0.73,105186.17,6098.19,9961.27,-42.72,0.35,3.22,0.6,0,none,10.0
1789892820.6257954,Firewall,6097.79,0.0,9963.59,0.0,-42.6,135.2,0.39,0.64,105188.61,6098.13,9961.97,-42.66,-0.28,3.53,0.3,0,none,10.0
1789892820.6281269,Firewall,6098.54,0.0,9965.04,0.0,-42.7,135.3,0.34,0.42,105193.92,6098.09,9962.74,-42.62,-0.19,3.83,0.2,0,none,10.0
1789892820.6306581,Firewall,6099.29,0.0,9965.49,0.0,-42.7,132.0,0.57,0.3,105192.31,6098.36,9963.71,-42.6,1.33,4.84,0.1,0,none,10.0
1789892820.633231,Firewall,6098.9,0.0,9966.74,0.0,-42.6,134.0,0.5,0.26,105189.96,6098.59,9964.71,-42.6,1.18,4.99,0.0,0,none,10.0
1789892820.6359909,Firewall,6099.0,0.0,9966.78,0.0,-42.8,136.2,0.52,0.38,105190.34,6098.7,9965.53,-42.68,0.55,4.11,-0.4,0,none,10.0
1789892820.6385593,Firewall,6098.26,0.0,9967.65,0.0,-42.8,134.0,0.36,0.5,105191.39,6098.8,9966.34,-42.72,0.47,4.06,-0.2,0,none,10.0
1789892820.6415977,Firewall,6098.68,0.0,9966.98,0.0,-42.5,136.5,0.34,0.41,105194.91,6098.83,9966.73,-42.68,0.14,1.94,0.2,0,none,10.0
1789892820.644635,Firewall,6098.65,0.0,9966.57,0.0,-42.2,139.7,0.26,0.5,105194.44,6098.7,9966.94,-42.58,-0.64,1.08,0.5,0,none,10.0
1789892820.647036,Firewall,6099.05,0.0,9966.31,0.0,-42.5,138.2,0.28,0.67,105192.14,6098.73,9966.86,-42.56,0.15,-0.43,0.1,0,none,10.0
1789892820.6496234,Firewall,6099.28,0.0,9965.51,0.0,-42.9,135.9,0.35,0.53,105195.2,6098.78,9966.6,-42.58,0.28,-1.27,-0.1,0,none,10.0
1789892820.6522143,Firewall,6099.34,0.0,9964.64,0.0,-43.2,138.2,0.29,0.47,105196.97,6099.0,9966.0,-42.66,1.08,-3.01,-0.4,0,none,10.0
1789892820.6548429,Firewall,6099.43,0.0,9964.96,0.0,-42.9,141.7,0.28,0.63,105200.13,6099.15,9965.6,-42.74,0.75,-2.02,-0.4,0,none,10.0
1789892820.6574702,Firewall,6099.24,0.0,9965.18,0.0,-43.0,140.5,0.13,0.72,105203.88,6099.27,9965.32,-42.9,0.59,-1.39,-0.8,0,none,10.0
1789892820.660372,Firewall,6099.74,0.0,9964.04,0.0,-43.2,137.4,0.18,0.64,105198.74,6099.41,9964.87,-43.04,0.69,-2.27,-0.7,0,none,10.0
1789892820.6631615,Firewall,6100.45,0.0,9962.91,0.0,-43.4,134.9,0.44,0.64,105197.24,6099.64,9964.35,-43.14,1.17,-2.6,-0.5,0,none,10.0
1789892820.6659296,Firewall,6100.55,0.0,9961.91,0.0,-43.7,134.9,0.53,0.5,105200.59,6099.88,9963.8,-43.24,1.21,-2.73,-0.5,0,none,10.0
1789892820.6690102,Firewall,6101.11,0.0,9962.1,0.0,-44.0,138.8,0.66,0.51,105205.87,6100.22,9963.23,-43.46,1.68,-2.86,-1.1,0,none,10.0
1789892820.6720386,Firewall,6100.38,0.0,9963.36,0.0,-43.8,136.9,0.44,0.35,105203.21,6100.45,9962.86,-43.62,1.14,-1.82,-0.8,0,none,10.0
1789892820.6748302,Firewall,6100.26,0.0,9964.57,0.0,-43.6,136.3,0.3,0.53,105198.05,6100.55,9962.97,-43.7,0.52,0.53,-0.4,0,none,10.0
1789892820.6770718,Firewall,6100.94,0.0,9965.05,0.0,-43.5,136.4,0.33,0.42,105200.68,6100.65,9963.4,-43.72,0.49,2.14,-0.1,0,none,10.0
1789892820.6797981,Firewall,6101.31,0.0,9963.79,0.0,-43.7,138.7,0.41,0.39,105200.13,6100.8,9963.77,-43.72,0.76,1.88,0.0,0,none,10.0
1789892820.6823761,Firewall,6100.83,0.0,9964.17,0.0,-43.6,136.2,0.38,0.46,105204.99,6100.74,9964.19,-43.64,-0.28,2.07,0.4,0,none,10.0
1789892820.6849806,Firewall,6101.61,0.0,9964.27,0.0,-43.2,139.7,0.46,0.52,105203.43,6100.99,9964.37,-43.52,1.23,0.91,0.6,0,none,10.0
1789892820.6875818,Firewall,6101.25,0.0,9962.86,0.0,-43.1,139.5,0.28,0.43,105202.05,6101.19,9964.03,-43.42,0.99,-1.71,0.5,0,none,10.0
1789892820.6904268,Firewall,6101.83,0.0,9961.65,0.0,-43.0,142.5,0.34,0.32,105201.57,6101.37,9963.35,-43.32,0.89,-3.4,0.5,0,none,10.0
1789892820.6934159,Firewall,6101.39,0.0,9962.47,0.0,-43.0,139.0,0.34,0.59,105201.65,6101.38,9963.08,-43.18,0.08,-1.32,0.7,0,none,10.0
1789892820.6960511,Firewall,6101.93,0.0,9963.08,0.0,-43.2,136.7,0.25,0.54,105199.08,6101.6,9962.87,-43.1,1.1,-1.09,0.4,0,none,10.0
1789892820.6989071,Firewall,6101.54,0.0,9963.07,0.0,-43.1,137.4,0.26,0.72,105194.97,6101.59,9962.63,-43.08,-0.07,-1.2,0.1,0,none,10.0
1789892820.7016203,Firewall,6102.19,0.0,9961.86,0.0,-43.4,135.0,0.28,0.44,105198.16,6101.78,9962.43,-43.14,0.94,-1.0,-0.3,0,none,10.0
1789892820.7047281,Firewall,6102.13,0.0,9961.45,0.0,-43.1,138.6,0.32,0.39,105200.82,6101.84,9962.39,-43.16,0.3,-0.2,-0.1,0,none,10.0
1789892820.7072523,Firewall,6101.41,0.0,9961.2,0.0,-42.8,141.4,0.31,0.58,105195.09,6101.84,9962.13,-43.12,0.02,-1.27,0.2,0,none,10.0
1789892820.7097638,Firewall,6101.34,0.0,9961.58,0.0,-42.6,141.1,0.36,0.46,105192.23,6101.72,9961.83,-43.0,-0.59,-1.5,0.6,0,none,10.0
1789892820.712714,Firewall,6101.17,0.0,9961.34,0.0,-42.9,140.8,0.43,0.3,105189.38,6101.65,9961.49,-42.96,-0.37,-1.73,0.2,0,none,10.0
1789892820.7153718,Firewall,6101.25,0.0,9960.31,0.0,-42.8,142.2,0.34,0.57,105186.47,6101.46,9961.18,-42.84,-0.94,-1.55,0.6,0,none,10.0
1789892820.7177684,Firewall,6100.53,0.0,9959.68,0.0,-42.5,142.5,0.32,0.69,105183.54,6101.14,9960.82,-42.72,-1.6,-1.77,0.6,0,none,10.0
1789892820.720405,Firewall,6099.94,0.0,9959.09,0.0,-42.2,146.3,0.54,0.69,105181.33,6100.85,9960.4,-42.6,-1.47,-2.11,0.6,0,none,10.0
1789892820.7230475,Firewall,6099.65,0.0,9958.24,0.0,-42.1,142.3,0.64,0.64,105178.36,6100.51,9959.73,-42.5,-1.69,-3.34,0.5,0,none,10.0
1789892820.7256668,Firewall,6099.51,0.0,9958.16,0.0,-42.2,139.5,0.64,0.71,105180.94,6100.18,9959.1,-42.36,-1.66,-3.18,0.7,0,none,10.0
1789892820.7278764,Firewall,6099.04,0.0,9958.99,0.0,-42.0,141.5,0.49,0.51,105179.95,6099.73,9958.83,-42.2,-2.21,-1.32,0.8,0,none,10.0
1789892820.7300797,Firewall,6099.75,0.0,9958.29,0.0,-41.8,142.1,0.3,0.58,105178.89,6099.58,9958.55,-42.06,-0.78,-1.39,0.7,0,none,10.0
1789892820.732412,Firewall,6100.05,0.0,9959.08,0.0,-41.9,139.9,0.33,0.44,105174.35,6099.6,9958.55,-42.0,0.11,-0.01,0.3,0,none,10.0
1789892820.7348893,Firewall,6100.03,0.0,9957.59,0.0,-41.6,141.4,0.37,0.61,105170.4,6099.68,9958.42,-41.9,0.38,-0.65,0.5,0,none,10.0
1789892820.7371745,Firewall,6100.7,0.0,9957.21,0.0,-41.8,139.5,0.54,0.74,105165.52,6099.91,9958.23,-41.82,1.19,-0.95,0.4,0,none,10.0
1789892820.7398765,Firewall,6101.05,0.0,9958.23,0.0,-41.8,138.5,0.48,0.45,105162.48,6100.32,9958.08,-41.78,2.01,-0.76,0.2,0,none,10.0
1789892820.7432244,Firewall,6101.29,0.0,9957.45,0.0,-41.6,141.8,0.51,0.63,105158.3,6100.62,9957.91,-41.74,1.54,-0.84,0.2,0,none,10.0
1789892820.7460122,Firewall,6100.88,0.0,9957.4,0.0,-42.0,138.7,0.43,0.62,105152.66,6100.79,9957.58,-41.76,0.83,-1.68,-0.1,0,none,10.0
1789892820.7491932,Firewall,6100.57,0.0,9958.83,0.0,-42.0,138.1,0.26,0.69,105155.69,6100.9,9957.82,-41.84,0.54,1.24,-0.4,0,none,10.0
1789892820.7522717,Firewall,6101.04,0.0,9957.41,0.0,-41.7,138.3,0.24,0.74,105154.72,6100.97,9957.86,-41.82,0.34,0.2,0.1,0,none,10.0
1789892820.7548678,Firewall,6101.3,0.0,9957.02,0.0,-41.9,140.2,0.28,0.68,105160.05,6101.02,9957.62,-41.84,0.25,-1.21,-0.1,0,none,10.0
1789892820.7574043,Firewall,6102.0,0.0,9958.12,0.0,-41.8,139.5,0.48,0.65,105164.38,6101.16,9957.76,-41.88,0.71,0.67,-0.2,0,none,10.0
1789892820.7597897,Firewall,6102.47,0.0,9957.48,0.0,-41.7,138.1,0.68,0.56,105159.35,6101.48,9957.77,-41.82,1.59,0.08,0.3,0,none,10.0
1789892820.7627509,Firewall,6103.12,0.0,9957.18,0.0,-41.4,139.2,0.76,0.65,105164.0,6101.99,9957.44,-41.7,2.55,-1.65,0.6,0,none,10.0
1789892820.7652874,Firewall,6103.4,0.0,9958.19,0.0,-41.7,140.5,0.76,0.45,105168.36,6102.46,9957.6,-41.7,2.36,0.78,0.0,0,none,10.0
1789892820.7677708,Firewall,6104.16,0.0,9958.57,0.0,-41.9,139.0,0.75,0.62,105165.41,6103.03,9957.91,-41.7,2.86,1.55,0.0,0,none,10.0
1789892820.7707818,Firewall,6103.87,0.0,9957.69,0.0,-41.7,141.0,0.59,0.75,105160.16,6103.4,9957.82,-41.68,1.87,-0.43,0.1,0,none,10.0
1789892820.7733643,Firewall,6103.94,0.0,9957.08,0.0,-41.5,138.8,0.38,0.6,105162.06,6103.7,9957.74,-41.64,1.47,-0.4,0.2,0,none,10.0
1789892820.7764132,Firewall,6104.0,0.0,9956.74,0.0,-41.2,140.8,0.26,0.41,105158.31,6103.87,9957.65,-41.6,0.88,-0.44,0.2,0,none,10.0
1789892820.7793565,Firewall,6103.83,0.0,9956.22,0.0,-41.3,143.4,0.12,0.51,105157.49,6103.96,9957.26,-41.52,0.43,-1.97,0.4,0,none,10.0
1789892820.7819364,Firewall,6104.1,0.0,9956.39,0.0,-41.2,145.2,0.1,0.43,105156.14,6103.95,9956.82,-41.38,-0.06,-2.18,0.7,0,none,10.0
1789892820.7848341,Firewall,6118.43,0.0,9999.0,0.0,-41.5,148.4,5.79,0.37,105652.17,6106.86,9965.09,-41.34,14.56,41.31,0.2,1,traffic_overload,0.0
1789892820.7873673,Firewall,6145.06,0.0,9999.0,0.0,-41.1,152.2,16.0,0.28,106169.39,6115.08,9973.47,-41.26,41.12,41.92,0.4,1,traffic_overload,0.0
1789892820.789787,Firewall,6159.83,0.0,9999.0,0.0,-40.9,152.4,22.52,0.21,106679.02,6126.25,9981.92,-41.2,55.83,42.26,0.3,1,traffic_overload,0.0
1789892820.7924306,Firewall,6192.19,0.0,9999.0,0.0,-41.0,152.5,31.05,0.32,107116.05,6143.92,9990.48,-41.14,88.36,42.78,0.3,1,traffic_overload,0.0
1789892820.7950478,Firewall,6203.5,0.0,9999.0,0.0,-41.2,155.7,31.01,0.42,107618.08,6163.8,9999.0,-41.14,99.4,42.61,0.0,1,traffic_overload,0.0
1789892820.7978365,Firewall,6226.87,0.0,9999.0,0.0,-40.9,154.9,29.58,0.46,108081.68,6185.49,9999.0,-41.02,108.44,0.0,0.6,1,traffic_overload,0.0
1789892820.8004642,Firewall,6254.96,0.0,9999.0,0.0,-41.0,155.5,32.09,0.35,108406.7,6207.47,9999.0,-41.0,109.9,0.0,0.1,1,traffic_overload,0.0
1789892820.8030305,Firewall,6275.26,0.0,9999.0,0.0,-41.4,151.5,31.02,0.46,108870.19,6230.56,9999.0,-41.1,115.43,0.0,-0.5,1,traffic_overload,0.0
1789892820.8056698,Firewall,6306.99,0.0,9999.0,0.0,-41.4,151.9,36.18,0.65,109383.69,6253.52,9999.0,-41.18,114.8,0.0,-0.4,1,traffic_overload,0.0
1789892820.8083124,Firewall,6319.61,0.0,9999.0,0.0,-41.5,150.8,33.81,0.46,109869.74,6276.74,9999.0,-41.24,116.11,0.0,-0.3,1,traffic_overload,0.0
1789892820.8109236,Firewall,6356.52,0.0,9999.0,0.0,-41.3,154.7,35.3,0.54,110228.98,6302.67,9999.0,-41.32,129.65,0.0,-0.4,1,traffic_overload,0.0
1789892820.8138773,Firewall,6367.34,0.0,9999.0,0.0,-41.3,156.7,33.5,0.57,110496.66,6325.14,9999.0,-41.38,112.38,0.0,-0.3,1,traffic_overload,0.0
1789892820.8166976,Firewall,6377.04,0.0,9999.0,0.0,-41.2,160.3,27.37,0.44,110779.32,6345.5,9999.0,-41.34,101.78,0.0,0.2,1,traffic_overload,0.0
1789892820.8192937,Firewall,6392.0,0.0,9999.0,0.0,-41.3,158.4,24.41,0.31,111233.72,6362.5,9999.0,-41.32,85.01,0.0,0.1,1,traffic_overload,0.0
1789892820.8223076,Firewall,6417.28,0.0,9999.0,0.0,-41.5,161.5,21.14,0.51,111599.62,6382.04,9999.0,-41.32,97.67,0.0,0.0,1,,0.0
1789892820.8252997,Firewall,6416.63,0.0,9998.43,0.0,-41.6,158.5,20.28,0.51,111604.17,6394.06,9998.89,-41.38,60.11,-0.57,-0.3,1,none,1.0
1789892820.8282905,Firewall,6416.1,0.0,9997.22,0.0,-41.8,156.8,16.45,0.65,111601.66,6403.81,9998.53,-41.48,48.76,-1.78,-0.5,1,none,0.83
1789892820.8312807,Firewall,6416.16,0.0,9996.69,0.0,-42.0,155.6,9.83,0.63,111600.41,6411.63,9998.07,-41.64,39.12,-2.31,-0.8,1,none,0.67
1789892820.8338792,Firewall,6416.07,0.0,9995.89,0.0,-42.2,155.3,0.46,0.49,111597.26,6416.45,9997.45,-41.82,24.07,-3.11,-0.9,1,none,0.5
1789892820.8364868,Firewall,6415.77,0.0,9997.32,0.0,-42.2,152.0,0.28,0.32,111600.05,6416.15,9997.11,-41.96,-1.51,-1.68,-0.7,1,none,0.33
1789892820.839046,Firewall,6415.55,0.0,9996.13,0.0,-42.5,149.7,0.24,0.25,111596.27,6415.93,9996.65,-42.14,-1.08,-2.3,-0.9,1,none,0.2
1789892820.84166,Firewall,6415.59,0.0,9995.43,0.0,-42.6,150.0,0.25,0.33,111602.27,6415.83,9996.29,-42.3,-0.51,-1.79,-0.8,1,none,0.2
1789892820.8443875,Firewall,6416.34,0.0,9995.65,0.0,-42.8,150.5,0.3,0.22,111596.53,6415.86,9996.08,-42.46,0.18,-1.04,-0.8,0,none,10.0
1789892820.8471036,Firewall,6416.36,0.0,9994.6,0.0,-43.0,153.0,0.36,0.35,111601.4,6415.92,9995.83,-42.62,0.29,-1.29,-0.8,0,none,10.0
1789892820.8506076,Firewall,6417.08,0.0,9994.8,0.0,-42.6,149.6,0.57,0.48,111595.6,6416.18,9995.32,-42.7,1.31,-2.52,-0.4,0,none,10.0
1789892820.8532667,Firewall,6417.01,0.0,9994.22,0.0,-43.0,148.9,0.54,0.38,111594.22,6416.48,9994.94,-42.8,1.46,-1.91,-0.5,0,none,10.0
1789892820.8558726,Firewall,6417.05,0.0,9995.04,0.0,-43.2,151.9,0.34,0.56,111598.95,6416.77,9994.86,-42.92,1.46,-0.39,-0.6,0,none,10.0
1789892820.8584845,Firewall,6416.43,0.0,9995.94,0.0,-43.0,155.7,0.32,0.34,111600.03,6416.79,9994.92,-42.96,0.09,0.29,-0.2,0,none,10.0
1789892820.8610883,Firewall,6417.04,0.0,9996.33,0.0,-42.6,157.5,0.25,0.56,111596.72,6416.92,9995.27,-42.88,0.68,1.73,0.4,0,none,10.0
1789892820.8638413,Firewall,6417.06,0.0,9997.36,0.0,-42.9,154.0,0.25,0.55,111602.13,6416.92,9995.78,-42.94,-0.02,2.56,-0.3,0,none,10.0
1789892820.8663545,Firewall,6417.64,0.0,9998.39,0.0,-42.5,152.2,0.38,0.56,111607.05,6417.04,9996.61,-42.84,0.63,4.17,0.5,0,none,10.0
1789892820.8688653,Firewall,6417.87,0.0,9997.63,0.0,-42.6,153.9,0.51,0.61,111605.03,6417.21,9997.13,-42.72,0.82,2.59,0.6,0,none,10.0
1789892820.871317,Firewall,6417.41,0.0,9997.98,0.0,-42.5,156.5,0.32,0.53,111600.14,6417.4,9997.54,-42.62,0.98,2.04,0.5,0,none,10.0
1789892820.8741148,Firewall,6417.14,0.0,9998.07,0.0,-42.5,157.5,0.3,0.57,111596.83,6417.42,9997.89,-42.6,0.1,1.74,0.1,0,none,10.0
1789892820.877223,Firewall,6417.02,0.0,9998.96,0.0,-42.5,154.1,0.31,0.63,111590.85,6417.42,9998.21,-42.52,-0.04,1.6,0.4,0,none,10.0
1789892820.8797832,Firewall,6417.8,0.0,9999.0,0.0,-42.2,156.5,0.34,0.47,111586.67,6417.45,9998.33,-42.46,0.16,0.61,0.3,0,none,10.0
1789892820.882075,Firewall,6417.28,0.0,9998.76,0.0,-42.6,155.2,0.27,0.55,111590.07,6417.33,9998.55,-42.46,-0.59,1.13,0.0,0,none,10.0
1789892820.8846445,Firewall,6416.73,0.0,9999.0,0.0,-42.9,152.7,0.35,0.7,111593.71,6417.19,9998.76,-42.54,-0.68,1.02,-0.4,0,none,10.0
1789892820.8873718,Firewall,6416.16,0.0,9999.0,0.0,-42.7,149.8,0.54,0.58,111594.93,6417.0,9998.94,-42.58,-0.98,0.93,-0.2,0,none,10.0
1789892820.8899698,Firewall,6416.09,0.0,9998.68,0.0,-42.8,152.2,0.65,0.38,111599.8,6416.81,9998.89,-42.64,-0.93,-0.28,-0.3,0,none,10.0
1789892820.8925734,Firewall,6416.63,0.0,9998.18,0.0,-42.6,149.3,0.43,0.58,111599.71,6416.58,9998.72,-42.72,-1.17,-0.82,-0.4,0,none,10.0
1789892820.8952022,Firewall,6416.4,0.0,9997.64,0.0,-42.2,149.8,0.25,0.67,111599.82,6416.4,9998.5,-42.64,-0.88,-1.12,0.4,0,none,10.0
1789892820.897896,Firewall,6416.02,0.0,9998.64,0.0,-42.0,146.1,0.23,0.61,111594.08,6416.26,9998.43,-42.46,-0.71,-0.36,0.9,0,none,10.0
1789892820.9005353,Firewall,6415.76,0.0,9997.16,0.0,-41.7,144.9,0.31,0.71,111593.06,6416.18,9998.06,-42.26,-0.4,-1.84,1.0,0,none,10.0
1789892820.903267,Firewall,6415.77,0.0,9997.39,0.0,-41.7,145.6,0.35,0.73,111587.79,6416.12,9997.8,-42.04,-0.32,-1.29,1.1,0,none,10.0
1789892820.9059825,Firewall,6416.19,0.0,9996.58,0.0,-41.5,148.4,0.25,0.45,111584.76,6416.03,9997.48,-41.82,-0.44,-1.6,1.1,0,none,10.0
1789892820.908617,Firewall,6416.08,0.0,9996.6,0.0,-41.4,147.6,0.17,0.46,111582.65,6415.96,9997.27,-41.66,-0.32,-1.04,0.8,0,none,10.0
1789892820.9116302,Firewall,6415.68,0.0,9996.68,0.0,-41.4,148.3,0.2,0.57,111577.07,6415.9,9996.88,-41.54,-0.34,-1.96,0.6,0,none,10.0
1789892820.9145393,Firewall,6415.49,0.0,9995.22,0.0,-41.2,146.0,0.26,0.7,111573.01,6415.84,9996.49,-41.44,-0.27,-1.94,0.5,0,none,10.0
1789892820.9171276,Firewall,6415.08,0.0,9994.93,0.0,-41.1,147.9,0.4,0.69,111568.76,6415.7,9996.0,-41.32,-0.69,-2.46,0.6,0,none,10.0
1789892820.919783,Firewall,6415.29,0.0,9996.34,0.0,-41.0,145.3,0.34,0.5,111566.28,6415.52,9995.95,-41.22,-0.9,-0.24,0.5,0,none,10.0
1789892820.9228065,Firewall,6414.81,0.0,9995.7,0.0,-40.8,144.8,0.31,0.53,111569.2,6415.27,9995.77,-41.1,-1.27,-0.9,0.6,0,none,10.0
1789892820.9257998,Firewall,6415.07,0.0,9995.66,0.0,-40.6,144.1,0.23,0.6,111566.6,6415.15,9995.57,-40.94,-0.61,-1.02,0.8,0,none,10.0
1789892820.9283862,Firewall,6415.01,0.0,9996.4,0.0,-40.8,143.7,0.16,0.47,111563.87,6415.05,9995.81,-40.86,-0.48,1.18,0.4,0,none,10.0
1789892820.931019,Firewall,6415.56,0.0,9996.84,0.0,-40.6,143.8,0.26,0.48,111565.8,6415.15,9996.19,-40.76,0.48,1.91,0.5,0,none,10.0
1789892820.9337323,Firewall,6415.87,0.0,9996.5,0.0,-40.7,144.0,0.39,0.58,111568.55,6415.26,9996.22,-40.7,0.58,0.16,0.3,0,none,10.0
1789892820.936358,Firewall,6416.0,0.0,9995.26,0.0,-40.4,146.2,0.41,0.55,111570.88,6415.5,9996.13,-40.62,1.19,-0.44,0.4,0,none,10.0
1789892820.9389756,Firewall,6415.45,0.0,9995.98,0.0,-40.0,143.1,0.35,0.41,111574.11,6415.58,9996.2,-40.5,0.38,0.32,0.6,0,none,10.0
1789892820.94204,Firewall,6415.12,0.0,9994.76,0.0,-40.2,146.9,0.31,0.36,111576.29,6415.6,9995.87,-40.38,0.11,-1.64,0.6,0,none,10.0
1789892820.9446986,Firewall,6414.45,0.0,9994.79,0.0,-40.3,143.1,0.56,0.48,111577.98,6415.38,9995.46,-40.32,-1.11,-2.05,0.3,0,none,10.0
1789892820.9473264,Firewall,6415.22,0.0,9994.78,0.0,-40.3,143.2,0.5,0.48,111578.87,6415.25,9995.11,-40.24,-0.65,-1.72,0.4,0,none,10.0
1789892820.9499373,Firewall,6415.04,0.0,9994.69,0.0,-40.4,141.8,0.33,0.29,111581.22,6415.06,9995.0,-40.24,-0.96,-0.57,0.0,0,none,10.0
1789892820.952571,Firewall,6415.34,0.0,9995.93,0.0,-40.0,141.2,0.31,0.28,111581.13,6415.03,9994.99,-40.24,-0.11,-0.05,0.0,0,none,10.0
1789892820.955182,Firewall,6415.14,0.0,9994.56,0.0,-40.4,141.2,0.31,0.47,111586.13,6415.04,9994.95,-40.28,0.02,-0.2,-0.2,0,none,10.0
1789892820.9581587,Firewall,6415.52,0.0,9995.53,0.0,-40.1,138.3,0.17,0.43,111584.23,6415.25,9995.1,-40.24,1.07,0.74,0.2,0,none,10.0
1789892820.960797,Firewall,6415.46,0.0,9996.6,0.0,-40.4,140.8,0.18,0.41,111588.0,6415.3,9995.46,-40.26,0.24,1.82,-0.1,0,none,10.0
1789892820.9635775,Firewall,6414.67,0.0,9995.2,0.0,-40.3,142.8,0.31,0.54,111584.86,6415.23,9995.56,-40.24,-0.37,0.51,0.1,0,none,10.0
1789892820.9663246,Firewall,6413.96,0.0,9994.99,0.0,-40.2,143.7,0.58,0.46,111584.75,6414.95,9995.38,-40.28,-1.38,-0.94,-0.2,0,none,10.0
1789892820.9690585,Firewall,6414.46,0.0,9994.32,0.0,-40.1,147.4,0.6,0.35,111580.84,6414.81,9995.33,-40.22,-0.68,-0.24,0.3,0,none,10.0
1789892820.971877,Firewall,6415.24,0.0,9994.29,0.0,-40.2,149.5,0.54,0.25,111575.78,6414.76,9995.08,-40.24,-0.28,-1.24,-0.1,0,none,10.0
1789892820.9745,Firewall,6414.74,0.0,9994.36,0.0,-40.1,150.7,0.41,0.52,111579.99,6414.61,9994.63,-40.18,-0.72,-2.24,0.3,0,none,10.0
1789892820.977541,Firewall,6414.74,0.0,9994.62,0.0,-39.7,147.5,0.42,0.33,111580.32,6414.63,9994.52,-40.06,0.07,-0.58,0.6,0,none,10.0
1789892820.9805293,Firewall,6415.5,0.0,9994.95,0.0,-40.1,151.4,0.38,0.58,111575.43,6414.94,9994.51,-40.04,1.54,-0.04,0.1,0,none,10.0
1789892820.983527,Firewall,6415.44,0.0,9995.58,0.0,-40.4,150.2,0.33,0.7,111581.27,6415.13,9994.76,-40.1,0.98,1.26,-0.3,0,none,10.0
1789892820.9864573,Firewall,6415.01,0.0,9994.39,0.0,-40.4,152.2,0.33,0.6,111582.25,6415.09,9994.78,-40.14,-0.23,0.1,-0.2,0,none,10.0
1789892820.989028,Firewall,6414.53,0.0,9994.65,0.0,-40.0,149.6,0.38,0.66,111585.08,6415.04,9994.84,-40.12,-0.21,0.29,0.1,0,none,10.0
1789892820.9915452,Firewall,6414.1,0.0,9995.46,0.0,-40.2,153.3,0.54,0.74,111579.85,6414.92,9995.01,-40.22,-0.64,0.84,-0.5,0,none,10.0
1789892820.9940553,Firewall,6414.67,0.0,9994.88,0.0,-40.0,149.5,0.45,0.76,111582.58,6414.75,9994.99,-40.2,-0.83,-0.07,0.1,0,none,10.0
1789892820.9965644,Firewall,6414.15,0.0,9993.8,0.0,-39.7,150.9,0.34,0.82,111580.9,6414.49,9994.64,-40.06,-1.29,-1.78,0.7,0,none,10.0
1789892820.9990737,Firewall,6414.57,0.0,9993.37,0.0,-39.6,149.1,0.23,0.58,111580.83,6414.4,9994.43,-39.9,-0.44,-1.02,0.8,0,none,10.0
1789892821.0015843,Firewall,6413.79,0.0,9993.16,0.0,-39.3,152.1,0.32,0.69,111582.95,6414.26,9994.13,-39.76,-0.74,-1.49,0.7,0,none,10.0
1789892821.0041013,Firewall,6414.44,0.0,9991.72,0.0,-39.2,152.7,0.32,0.54,111582.84,6414.32,9993.39,-39.56,0.34,-3.74,1.0,0,none,10.0
1789892821.0066159,Firewall,6414.5,0.0,9991.57,0.0,-39.5,153.9,0.29,0.44,111577.3,6414.29,9992.72,-39.46,-0.17,-3.31,0.5,0,none,10.0
1789892821.008838,Firewall,6414.04,0.0,9990.48,0.0,-39.8,155.9,0.3,0.27,111573.69,6414.27,9992.06,-39.48,-0.11,-3.32,-0.1,0,none,10.0
1789892821.0113811,Firewall,6414.54,0.0,9989.31,0.0,-39.5,152.0,0.3,0.53,111576.87,6414.26,9991.25,-39.46,-0.03,-4.06,0.1,0,none,10.0
1789892821.0137863,Firewall,6414.28,0.0,9989.08,0.0,-39.2,153.5,0.18,0.49,111582.07,6414.36,9990.43,-39.44,0.49,-4.08,0.1,0,none,10.0
1789892821.0163991,Firewall,6413.59,0.0,9989.04,0.0,-39.2,153.4,0.35,0.32,111579.28,6414.19,9989.9,-39.44,-0.85,-2.68,0.0,0,none,10.0
1789892821.0189621,Firewall,6413.45,0.0,9988.25,0.0,-39.4,153.0,0.41,0.26,111574.08,6413.98,9989.23,-39.42,-1.05,-3.32,0.1,0,none,10.0
1789892821.0214732,Firewall,6412.8,0.0,9987.12,0.0,-39.3,149.9,0.62,0.49,111575.73,6413.73,9988.56,-39.32,-1.24,-3.36,0.5,0,none,10.0
1789892821.0239847,Firewall,6413.33,0.0,1114.96,0.0,-39.4,148.7,0.47,0.33,111576.47,6413.49,8213.69,-39.3,-1.21,-8874.35,0.1,1,dns_outage,0.0
1789892821.026494,Firewall,6413.41,0.0,1232.12,0.0,-39.1,150.6,0.27,0.34,111575.65,6413.32,6462.3,-39.28,-0.87,-8756.96,0.1,1,dns_outage,0.0
1789892821.0290027,Firewall,6414.1,0.0,622.26,0.0,-39.2,152.3,0.41,0.31,111573.47,6413.42,4588.94,-39.28,0.51,-9366.78,0.0,1,dns_outage,0.0
1789892821.0315402,Firewall,6413.86,0.0,9999.0,12.5,-39.5,155.3,0.45,0.37,111568.52,6413.5,4591.09,-39.3,0.41,10.75,-0.1,1,dns_outage,0.0
1789892821.034015,Firewall,6413.74,0.0,1830.62,12.5,-39.8,156.1,0.28,0.39,111563.0,6413.69,2959.79,-39.4,0.94,-8156.5,-0.5,1,dns_outage,0.0
1789892821.0365067,Firewall,6413.22,0.0,9999.0,25.0,-39.9,156.9,0.32,0.25,111563.7,6413.67,4736.6,-39.5,-0.11,8884.04,-0.5,1,dns_outage,0.0
1789892821.0391026,Firewall,6412.75,0.0,9999.0,37.5,-39.8,155.0,0.49,0.5,111569.35,6413.53,6489.98,-39.64,-0.66,8766.88,-0.7,1,dns_outage,0.0
1789892821.0417464,Firewall,6413.3,0.0,9999.0,50.0,-39.6,151.7,0.4,0.49,111574.98,6413.37,8365.32,-39.72,-0.8,9376.74,-0.4,1,dns_outage,0.0
1789892821.0443463,Firewall,6413.21,0.0,9999.0,62.5,-39.3,151.3,0.31,0.44,111577.17,6413.24,8365.32,-39.68,-0.65,0.0,0.2,1,dns_outage,0.0
1789892821.0470226,Firewall,6413.27,0.0,863.08,62.5,-39.5,154.5,0.2,0.64,111575.61,6413.15,8171.82,-39.62,-0.47,-967.54,0.3,1,dns_outage,0.0
1789892821.0498493,Firewall,6413.43,0.0,9999.0,75.0,-39.5,154.8,0.23,0.72,111576.76,6413.19,8171.82,-39.54,0.21,0.0,0.4,1,dns_outage,0.0
1789892821.0522962,Firewall,6413.3,0.0,9999.0,75.0,-39.3,153.5,0.07,0.46,111579.33,6413.3,8171.82,-39.44,0.55,0.0,0.5,1,dns_outage,0.0
1789892821.0550568,Firewall,6413.54,0.0,2188.85,75.0,-39.3,155.6,0.12,0.63,111576.07,6413.35,6609.79,-39.38,0.24,-7810.15,0.3,1,dns_outage,0.0
1789892821.0576859,Firewall,6413.13,0.0,9999.0,75.0,-39.2,159.1,0.14,0.65,111581.89,6413.33,6609.79,-39.36,-0.08,0.0,0.1,1,dns_outage,0.0
1789892821.0602894,Firewall,6412.6,0.0,9999.0,75.0,-39.1,155.6,0.33,0.78,111577.04,6413.2,8436.97,-39.28,-0.67,9135.92,0.4,1,,0.0
1789892821.062901,Firewall,6411.83,0.0,2197.08,62.5,-39.2,158.2,0.61,0.78,111580.59,6412.88,6876.59,-39.22,-1.6,-7801.92,0.3,1,none,0.5
1789892821.0657167,Firewall,6411.66,0.0,2196.74,50.0,-39.6,155.2,0.73,0.58,111583.68,6412.55,5316.13,-39.28,-1.64,-7802.26,-0.3,1,none,0.33
1789892821.0681584,Firewall,6412.44,0.0,2198.14,50.0,-39.5,154.1,0.54,0.47,111579.6,6412.33,5317.99,-39.32,-1.1,9.29,-0.2,1,none,0.2
1789892821.0707655,Firewall,6412.36,0.0,2198.18,37.5,-39.6,157.9,0.37,0.38,111584.19,6412.18,3757.83,-39.4,-0.77,-7800.82,-0.4,1,none,0.2
1789892821.073389,Firewall,6412.18,0.0,2197.94,25.0,-39.9,157.4,0.3,0.24,111580.0,6412.09,2197.62,-39.56,-0.42,-7801.06,-0.8,0,none,10.0
1789892821.076093,Firewall,6411.55,0.0,2198.94,25.0,-39.6,160.7,0.37,0.36,111580.09,6412.04,2197.99,-39.64,-0.28,1.86,-0.4,0,none,10.0
1789892821.0786974,Firewall,6411.54,0.0,2200.05,12.5,-39.6,159.3,0.39,0.38,111581.11,6412.01,2198.65,-39.64,-0.12,3.31,0.0,0,none,10.0
1789892821.081508,Firewall,6412.02,0.0,2199.37,0.0,-39.9,157.4,0.33,0.49,111582.16,6411.93,2198.9,-39.72,-0.42,1.23,-0.4,0,none,10.0
1789892821.0841763,Firewall,6411.81,0.0,793.81,0.0,-39.9,153.9,0.26,0.36,111579.04,6411.82,1918.02,-39.78,-0.55,-1404.37,-0.3,1,dns_outage,0.0
1789892821.0868268,Firewall,6411.25,0.0,9999.0,12.5,-39.9,156.8,0.26,0.26,111576.66,6411.63,3478.23,-39.78,-0.93,7801.06,0.0,1,dns_outage,0.0
1789892821.0894322,Firewall,6410.57,0.0,9999.0,25.0,-39.7,153.8,0.51,0.32,111578.53,6411.44,5038.25,-39.8,-0.98,7800.06,-0.1,1,dns_outage,0.0
1789892821.0921364,Firewall,6410.71,0.0,624.38,25.0,-40.0,151.8,0.58,0.21,111577.5,6411.27,4723.11,-39.88,-0.83,-1575.67,-0.4,1,dns_outage,0.0
1789892821.0947413,Firewall,6410.19,0.0,804.73,25.0,-39.7,148.7,0.57,0.5,111580.01,6410.91,4444.18,-39.84,-1.83,-1394.64,0.2,1,dns_outage,0.0
1789892821.097313,Firewall,6409.45,0.0,1497.19,25.0,-40.1,149.8,0.6,0.41,111582.82,6410.43,4584.86,-39.88,-2.36,703.38,-0.2,1,dns_outage,0.0
1789892821.0999565,Firewall,6408.88,0.0,9999.0,37.5,-39.9,149.1,0.7,0.31,111586.61,6409.96,4584.86,-39.88,-2.37,0.0,0.0,1,dns_outage,0.0
1789892821.102528,Firewall,6409.13,0.0,865.42,37.5,-39.7,150.2,0.68,0.49,111592.03,6409.67,2758.14,-39.88,-1.44,-9133.58,0.0,1,dns_outage,0.0
1789892821.1050107,Firewall,6409.49,0.0,1391.11,37.5,-40.1,152.0,0.44,0.3,111587.14,6409.43,2911.49,-39.9,-1.22,766.73,-0.1,1,dns_outage,0.0
1789892821.1075523,Firewall,6409.51,0.0,9999.0,37.5,-39.9,150.6,0.25,0.26,111586.31,6409.29,4750.34,-39.94,-0.68,9194.27,-0.2,1,dns_outage,0.0
1789892821.110178,Firewall,6409.36,0.0,2135.9,25.0,-39.6,153.2,0.24,0.48,111585.34,6409.27,4878.09,-39.84,-0.09,638.71,0.5,1,dns_outage,0.0
1789892821.1127162,Firewall,6409.96,0.0,2270.56,25.0,-40.0,150.9,0.27,0.54,111581.97,6409.49,3332.4,-39.86,1.08,-7728.44,-0.1,1,,0.0
1789892821.1157136,Firewall,6410.46,0.0,2269.36,25.0,-39.6,146.9,0.41,0.34,111587.64,6409.76,3613.19,-39.84,1.33,1403.94,0.1,1,none,1.0
1789892821.118437,Firewall,6410.05,0.0,2270.46,25.0,-39.7,150.2,0.39,0.58,111586.59,6409.87,3789.06,-39.76,0.56,879.35,0.4,1,none,0.83
1789892821.121094,Firewall,6410.14,0.0,2269.03,12.5,-39.5,148.1,0.36,0.46,111581.46,6409.99,2243.06,-39.68,0.63,-7729.97,0.4,1,none,0.67
1789892821.123703,Firewall,6409.69,0.0,2268.48,12.5,-39.3,150.7,0.25,0.3,111583.74,6410.06,2269.58,-39.62,0.33,132.58,0.3,1,none,0.5
1789892821.126311,Firewall,6408.9,0.0,2268.68,12.5,-39.7,154.4,0.53,0.18,111586.1,6409.85,2269.2,-39.56,-1.06,-1.88,0.3,1,none,0.33
1789892821.1293485,Firewall,6408.63,0.0,2268.35,0.0,-40.0,157.7,0.61,0.17,111590.05,6409.48,2269.0,-39.64,-1.83,-1.01,-0.4,1,none,0.2
1789892821.1321027,Firewall,6408.99,0.0,2268.4,0.0,-39.9,154.8,0.56,0.28,111592.16,6409.27,2268.59,-39.68,-1.06,-2.06,-0.2,1,none,0.2
1789892821.1347446,Firewall,6408.68,0.0,2268.84,0.0,-39.6,151.2,0.38,0.48,111586.71,6408.98,2268.55,-39.7,-1.46,-0.19,-0.1,0,none,10.0
1789892821.137361,Firewall,6409.15,0.0,2269.19,0.0,-39.6,147.9,0.19,0.36,111588.81,6408.87,2268.69,-39.76,-0.54,0.71,-0.3,0,none,10.0
1789892821.1401198,Firewall,6408.63,0.0,2268.15,0.0,-39.6,150.9,0.21,0.49,111589.21,6408.82,2268.59,-39.74,-0.27,-0.53,0.1,0,none,10.0
1789892821.1427305,Firewall,6408.28,0.0,2267.16,0.0,-39.7,148.8,0.3,0.34,111593.39,6408.75,2268.35,-39.68,-0.35,-1.19,0.3,0,none,10.0
1789892821.1452441,Firewall,6408.73,0.0,2266.67,0.0,-39.7,147.1,0.28,0.27,111595.36,6408.69,2268.0,-39.64,-0.26,-1.73,0.2,0,none,10.0
1789892821.1478028,Firewall,6408.05,0.0,2267.41,0.0,-39.5,148.8,0.38,0.53,111590.4,6408.57,2267.72,-39.62,-0.63,-1.43,0.1,0,none,10.0
1789892821.1503425,Firewall,6420.82,0.0,2364.74,0.0,-39.3,149.7,4.96,0.46,112052.69,6410.9,2286.83,-39.56,11.67,95.55,0.3,1,traffic_overload,0.0
1789892821.1529102,Firewall,6430.62,0.0,2515.71,0.0,-39.4,147.7,9.06,0.53,112460.15,6415.3,2336.34,-39.52,21.99,247.56,0.2,1,traffic_overload,0.0
1789892821.155467,Firewall,6448.13,0.0,2625.74,0.0,-39.5,148.3,14.97,0.62,112788.2,6423.27,2408.05,-39.48,39.85,358.58,0.2,1,traffic_overload,0.0
1789892821.1580226,Firewall,6466.94,0.0,2736.4,0.0,-39.6,146.9,20.68,0.73,113150.69,6434.91,2502.0,-39.46,58.21,469.73,0.1,1,traffic_overload,0.0
1789892821.160584,Firewall,6506.25,0.0,2838.43,0.0,-39.6,146.6,30.26,0.6,113486.76,6454.55,2616.2,-39.48,98.2,571.02,-0.1,1,traffic_overload,0.0
1789892821.1631837,Firewall,6537.21,0.0,2956.78,0.0,-39.5,148.3,38.89,0.75,113764.03,6477.83,2734.61,-39.52,116.39,592.04,-0.2,1,traffic_overload,0.0
1789892821.1658142,Firewall,6551.08,0.0,3075.67,0.0,-39.5,145.6,39.49,0.71,114116.87,6501.92,2846.6,-39.54,120.46,559.96,-0.1,1,traffic_overload,0.0
1789892821.1684391,Firewall,6582.99,0.0,3251.89,0.0,-39.5,145.9,39.59,0.74,114578.15,6528.89,2971.83,-39.54,134.86,626.15,0.0,1,traffic_overload,0.0
1789892821.1711912,Firewall,6610.06,0.0,3296.47,0.0,-39.2,147.6,36.03,0.76,115066.91,6557.52,3083.85,-39.46,143.12,560.07,0.4,1,traffic_overload,0.0
1789892821.1737444,Firewall,6630.65,0.0,3341.4,0.0,-39.3,147.7,34.98,0.57,115465.97,6582.4,3184.44,-39.4,124.4,502.97,0.3,1,traffic_overload,0.0
1789892821.176779,Firewall,6649.94,0.0,3401.19,0.0,-39.4,144.2,34.91,0.37,115866.82,6604.94,3273.32,-39.38,112.73,444.41,0.1,1,traffic_overload,0.0
1789892821.1790547,Firewall,6685.23,0.0,3449.93,0.0,-39.2,147.9,34.76,0.58,116401.71,6631.77,3348.18,-39.32,134.15,374.26,0.3,1,traffic_overload,0.0
1789892821.181488,Firewall,6713.26,0.0,3573.56,0.0,-39.2,145.4,37.16,0.72,116676.4,6657.83,3412.51,-39.26,130.27,321.67,0.3,1,,0.0
1789892821.184423,Firewall,6712.84,0.0,3574.96,0.0,-39.0,147.7,33.28,0.6,116682.01,6678.38,3468.21,-39.22,102.78,278.49,0.2,0,none,10.0
1789892821.1870196,Firewall,6713.56,0.0,2291.94,0.0,-39.3,148.2,24.99,0.4,116682.35,6694.97,3258.32,-39.22,82.91,-1049.46,0.0,1,dns_outage,0.0
1789892821.1895685,Firewall,6712.85,0.0,9999.0,12.5,-38.9,152.1,11.16,0.6,116686.78,6707.55,4577.88,-39.12,62.91,6597.81,0.5,1,dns_outage,0.0
1789892821.1924179,Firewall,6713.26,0.0,741.94,12.5,-39.0,148.5,0.28,0.74,116685.13,6713.15,4036.28,-39.08,28.03,-2707.99,0.2,1,dns_outage,0.0
1789892821.1950314,Firewall,6713.82,0.0,2139.8,12.5,-38.8,150.9,0.39,0.55,116684.31,6713.27,3749.53,-39.0,0.56,-1433.76,0.4,1,dns_outage,0.0
1789892821.1976297,Firewall,6713.56,0.0,9999.0,25.0,-38.4,147.9,0.33,0.62,116684.44,6713.41,5034.34,-38.88,0.72,6424.04,0.6,1,dns_outage,0.0
1789892821.200238,Firewall,6713.29,0.0,1431.02,25.0,-38.1,146.0,0.33,0.56,116683.68,6713.36,4862.15,-38.64,-0.27,-860.92,1.2,1,dns_outage,0.0
1789892821.2029927,Firewall,6714.08,0.0,9999.0,37.5,-38.2,149.0,0.31,0.69,116684.19,6713.6,4862.15,-38.5,1.23,0.0,0.7,1,dns_outage,0.0
1789892821.2057645,Firewall,6714.65,0.0,9999.0,50.0,-38.0,145.5,0.47,0.78,116685.44,6713.88,6713.56,-38.3,1.39,9257.06,1.0,1,dns_outage,0.0
1789892821.20816,Firewall,6714.7,0.0,428.98,50.0,-38.2,148.2,0.56,0.73,116689.79,6714.06,6371.4,-38.18,0.88,-1710.82,0.6,1,dns_outage,0.0
1789892821.2105129,Firewall,6715.12,0.0,9999.0,50.0,-38.2,148.5,0.63,0.75,116684.83,6714.37,6371.4,-38.14,1.56,0.0,0.2,1,dns_outage,0.0
1789892821.2129135,Firewall,6715.9,0.0,9999.0,62.5,-37.9,147.7,0.6,0.63,116681.09,6714.89,8085.0,-38.1,2.61,8567.98,0.2,1,dns_outage,0.0
1789892821.2152996,Firewall,6715.61,0.0,9999.0,75.0,-38.3,149.1,0.5,0.38,116675.19,6715.2,8085.0,-38.12,1.53,0.0,-0.1,1,dns_outage,0.0
1789892821.2177176,Firewall,6715.44,0.0,436.47,62.5,-38.6,149.3,0.42,0.28,116671.93,6715.35,6172.49,-38.24,0.79,-9562.53,-0.6,1,dns_outage,0.0
1789892821.2206798,Firewall,6716.13,0.0,9999.0,75.0,-38.5,150.3,0.35,0.2,116675.91,6715.64,8086.49,-38.3,1.43,9570.02,-0.3,1,dns_outage,0.0
1789892821.2229245,Firewall,6715.82,0.0,9999.0,75.0,-38.3,151.5,0.24,0.42,116680.19,6715.78,8086.49,-38.32,0.7,0.0,-0.1,1,dns_outage,0.0
1789892821.225632,Firewall,6715.34,0.0,778.11,62.5,-38.0,154.0,0.28,0.46,116681.76,6715.67,6242.32,-38.34,-0.56,-9220.89,-0.1,1,dns_outage,0.0
1789892821.2283835,Firewall,6715.1,0.0,9999.0,75.0,-38.1,154.0,0.37,0.61,116685.8,6715.57,6242.32,-38.3,-0.51,0.0,0.2,1,dns_outage,0.0
1789892821.231023,Firewall,6715.36,0.0,9999.0,75.0,-37.9,156.2,0.37,0.53,116679.85,6715.55,8154.82,-38.16,-0.08,9562.53,0.7,1,,0.0
1789892821.2336397,Firewall,6714.69,0.0,777.99,62.5,-38.2,156.4,0.37,0.62,116676.54,6715.26,6310.62,-38.1,-1.44,-9221.01,0.3,0,none,10.0
1789892821.2364407,Firewall,6714.4,0.0,777.48,50.0,-38.3,156.1,0.38,0.76,116674.11,6714.98,4466.32,-38.1,-1.42,-9221.52,0.0,0,none,10.0
1789892821.2390144,Firewall,6714.43,0.0,778.44,50.0,-38.3,153.2,0.38,0.47,116671.78,6714.8,4466.38,-38.16,-0.91,0.33,-0.3,0,none,10.0
1789892821.2422516,Firewall,6714.92,0.0,777.39,37.5,-38.6,152.8,0.35,0.54,116667.22,6714.76,2622.06,-38.26,-0.18,-9221.61,-0.5,0,none,10.0
1789892821.2448568,Firewall,6714.75,0.0,777.3,25.0,-38.7,152.2,0.2,0.5,116666.19,6714.64,777.72,-38.42,-0.61,-9221.7,-0.8,0,none,10.0
1789892821.2475393,Firewall,6715.5,0.0,776.66,25.0,-38.5,149.5,0.4,0.47,116665.21,6714.8,777.45,-38.48,0.81,-1.33,-0.3,0,none,10.0
1789892821.250138,Firewall,6715.16,0.0,777.45,12.5,-38.9,151.8,0.36,0.46,116665.18,6714.95,777.45,-38.6,0.76,-0.03,-0.6,0,none,10.0
1789892821.2532158,Firewall,6715.87,0.0,778.12,0.0,-39.1,153.2,0.4,0.33,116664.47,6715.24,777.38,-38.76,1.44,-0.32,-0.8,0,none,10.0
1789892821.255825,Firewall,6715.82,0.0,779.09,0.0,-39.1,156.3,0.42,0.55,116662.72,6715.42,777.72,-38.86,0.9,1.7,-0.5,0,none,10.0
1789892821.2584343,Firewall,6716.02,0.0,779.67,0.0,-38.8,158.1,0.31,0.44,116661.59,6715.67,778.2,-38.88,1.27,2.37,-0.1,0,none,10.0
1789892821.261142,Firewall,6715.91,0.0,779.38,0.0,-39.1,156.2,0.31,0.42,116656.86,6715.76,778.74,-39.0,0.41,2.72,-0.6,0,none,10.0
1789892821.2642348,Firewall,6716.43,0.0,778.24,0.0,-39.3,158.8,0.22,0.62,116655.37,6716.01,778.9,-39.08,1.27,0.79,-0.4,0,none,10.0
1789892821.2670364,Firewall,6716.76,0.0,778.42,0.0,-39.0,159.2,0.35,0.75,116657.6,6716.19,778.96,-39.06,0.89,0.3,0.1,0,none,10.0
1789892821.2700348,Firewall,6716.12,0.0,778.84,0.0,-39.2,156.9,0.31,0.61,116652.04,6716.25,778.91,-39.08,0.3,-0.25,-0.1,0,none,10.0
1789892821.2731326,Firewall,6715.78,0.0,779.09,0.0,-38.9,153.6,0.35,0.48,116649.3,6716.2,778.79,-39.1,-0.24,-0.58,-0.1,0,none,10.0
1789892821.2759936,Firewall,6716.0,0.0,780.43,0.0,-38.6,152.0,0.34,0.64,116644.82,6716.22,779.0,-39.0,0.09,1.05,0.5,0,none,10.0
1789892821.27858,Firewall,6716.26,0.0,780.28,0.0,-38.6,151.7,0.33,0.47,116647.1,6716.18,779.41,-38.86,-0.17,2.04,0.7,0,none,10.0
1789892821.281163,Firewall,6715.74,0.0,781.48,0.0,-38.5,153.1,0.2,0.58,116643.66,6715.98,780.02,-38.76,-1.02,3.06,0.5,0,none,10.0
1789892821.2842624,Firewall,6715.29,0.0,781.9,0.0,-38.4,154.2,0.32,0.6,116644.77,6715.81,780.64,-38.6,-0.83,3.06,0.8,0,none,10.0
1789892821.2868392,Firewall,6714.55,0.0,781.5,0.0,-38.5,150.7,0.6,0.53,116649.62,6715.57,781.12,-38.52,-1.23,2.41,0.4,0,none,10.0
1789892821.2895873,Firewall,6714.38,0.0,781.21,0.0,-38.3,153.1,0.71,0.51,116647.33,6715.24,781.27,-38.46,-1.62,0.78,0.3,0,none,10.0
1789892821.2921991,Firewall,6714.74,0.0,781.63,0.0,-37.9,151.7,0.5,0.69,116652.12,6714.94,781.54,-38.32,-1.52,1.35,0.7,0,none,10.0
1789892821.2948833,Firewall,6713.97,0.0,780.93,0.0,-37.9,150.8,0.43,0.53,116649.58,6714.59,781.43,-38.2,-1.77,-0.55,0.6,0,none,10.0
1789892821.2977698,Firewall,6714.09,0.0,779.8,0.0,-37.9,150.2,0.29,0.38,116644.09,6714.35,781.01,-38.1,-1.2,-2.1,0.5,0,none,10.0
1789892821.3002527,Firewall,6729.9,0.0,888.09,0.0,-38.1,147.4,6.25,0.39,116916.7,6717.42,802.33,-38.02,15.35,106.59,0.4,1,traffic_overload,0.0
1789892821.303008,Firewall,6744.55,0.0,967.38,0.0,-38.1,144.7,12.17,0.39,117243.72,6723.45,839.57,-37.98,30.17,186.17,0.2,1,traffic_overload,0.0
1789892821.3056142,Firewall,6773.15,0.0,1044.74,0.0,-38.0,141.2,22.15,0.33,117593.13,6735.13,892.19,-38.0,58.41,263.11,-0.1,1,traffic_overload,0.0
1789892821.3082244,Firewall,6811.62,0.0,1133.95,0.0,-38.2,144.2,34.49,0.53,117916.62,6754.66,962.79,-38.06,97.65,353.02,-0.3,1,traffic_overload,0.0
1789892821.310846,Firewall,6834.94,0.0,1255.65,0.0,-38.0,141.6,39.56,0.37,118277.37,6778.83,1057.96,-38.08,120.85,475.85,-0.1,1,traffic_overload,0.0
1789892821.3136764,Firewall,6853.7,0.0,1384.01,0.0,-38.1,143.7,39.93,0.24,118746.78,6803.59,1157.15,-38.08,123.8,495.92,0.0,1,traffic_overload,0.0
1789892821.3161907,Firewall,6871.83,0.0,1527.79,0.0,-38.2,143.1,34.35,0.43,119065.83,6829.05,1269.23,-38.1,127.28,560.41,-0.1,1,traffic_overload,0.0
1789892821.3187568,Firewall,6886.1,0.0,1663.9,0.0,-37.9,145.3,26.38,0.26,119538.31,6851.64,1393.06,-38.08,112.95,619.16,0.1,1,traffic_overload,0.0
1789892821.321377,Firewall,6925.16,0.0,1766.21,0.0,-37.6,145.6,30.68,0.54,120057.52,6874.35,1519.51,-37.96,113.54,632.26,0.6,1,traffic_overload,0.0
1789892821.324103,Firewall,6950.22,0.0,1874.93,0.0,-37.4,146.4,35.36,0.67,120460.7,6897.4,1643.37,-37.84,115.28,619.28,0.6,1,traffic_overload,0.0
1789892821.3267274,Firewall,6961.87,0.0,1991.16,0.0,-37.6,150.3,35.09,0.43,120830.95,6919.04,1764.8,-37.74,108.17,607.15,0.5,1,traffic_overload,0.0
1789892821.3295426,Firewall,6979.27,0.0,2163.72,0.0,-37.2,151.8,32.4,0.56,121114.03,6940.52,1891.98,-37.54,107.44,635.93,1.0,1,traffic_overload,0.0
1789892821.332018,Firewall,6996.6,0.0,2229.2,0.0,-36.9,154.3,24.45,0.39,121538.17,6962.62,2005.04,-37.34,110.5,565.3,1.0,1,traffic_overload,0.0
1789892821.334684,Firewall,7022.49,0.0,2353.85,0.0,-37.0,150.7,25.6,0.32,121893.49,6982.09,2122.57,-37.22,97.33,587.64,0.6,1,traffic_overload,0.0
1789892821.3372917,Firewall,7044.39,0.0,2519.07,0.0,-36.7,153.1,29.55,0.56,122347.5,7000.92,2251.4,-37.08,94.17,644.14,0.7,1,traffic_overload,0.0
1789892821.3399107,Firewall,7068.52,0.0,2620.75,0.0,-36.6,153.8,32.05,0.5,122853.61,7022.25,2377.32,-36.88,106.65,629.59,1.0,1,,0.0
1789892821.3427017,Firewall,7067.84,0.0,2621.09,0.0,-36.3,151.1,27.56,0.58,122849.83,7039.97,2468.79,-36.7,88.57,457.37,0.9,1,none,0.67
1789892821.3455088,Firewall,7068.15,0.0,2621.36,0.0,-36.2,149.9,18.37,0.41,122850.81,7054.28,2547.22,-36.56,71.55,392.16,0.7,1,none,0.5
1789892821.3478556,Firewall,7067.59,0.0,2620.48,0.0,-36.4,152.3,9.46,0.52,122854.25,7063.3,2600.55,-36.44,45.1,266.63,0.6,1,none,0.33
1789892821.3503644,Firewall,7067.01,0.0,2619.3,0.0,-36.5,150.1,0.51,0.54,122857.71,7067.82,2620.6,-36.4,22.62,100.23,0.2,1,none,0.2
1789892821.3529167,Firewall,7066.41,0.0,2617.99,0.0,-36.2,151.0,0.62,0.59,122862.89,7067.4,2620.04,-36.32,-2.11,-2.76,0.4,1,none,0.2
1789892821.355445,Firewall,7065.71,0.0,898.76,0.0,-36.0,153.9,0.86,0.55,122865.42,7066.97,2275.58,-36.26,-2.13,-1722.33,0.3,1,dns_outage,0.0
1789892821.3579636,Firewall,7065.36,0.0,1847.69,0.0,-35.8,151.1,0.82,0.35,122868.93,7066.42,2120.84,-36.18,-2.79,-773.67,0.4,1,dns_outage,0.0
1789892821.3604617,Firewall,7064.84,0.0,2185.42,0.0,-36.0,150.3,0.77,0.55,122869.23,7065.87,2033.83,-36.1,-2.75,-435.06,0.4,1,dns_outage,0.0
1789892821.3628852,Firewall,7064.43,0.0,726.76,0.0,-35.7,147.5,0.69,0.34,122863.31,7065.35,1655.32,-35.94,-2.58,-1892.54,0.8,1,dns_outage,0.0
1789892821.3653622,Firewall,7064.1,0.0,9999.0,12.5,-35.8,144.8,0.59,0.31,122859.1,7064.89,3131.53,-35.86,-2.31,7381.01,0.4,1,dns_outage,0.0
1789892821.3680723,Firewall,7063.42,0.0,714.03,12.5,-35.7,144.0,0.66,0.38,122859.61,7064.43,3094.58,-35.8,-2.29,-184.73,0.3,1,dns_outage,0.0
1789892821.3706613,Firewall,7063.5,0.0,976.98,12.5,-35.4,142.1,0.54,0.56,122865.03,7064.06,2920.44,-35.72,-1.86,-870.71,0.4,1,dns_outage,0.0
1789892821.3732765,Firewall,7063.78,0.0,1712.65,12.5,-35.0,142.6,0.38,0.34,122867.22,7063.85,2825.88,-35.52,-1.06,-472.77,1.0,1,dns_outage,0.0
1789892821.3759127,Firewall,7064.34,0.0,9999.0,25.0,-35.0,140.7,0.35,0.24,122870.1,7063.83,4680.33,-35.38,-0.09,9272.24,0.7,1,dns_outage,0.0
1789892821.3793836,Firewall,7064.63,0.0,2427.99,25.0,-35.2,144.6,0.47,0.24,122874.82,7063.93,3166.13,-35.26,0.53,-7571.01,0.6,1,dns_outage,0.0
1789892821.3819435,Firewall,7064.86,0.0,497.8,25.0,-35.6,144.7,0.51,0.22,122869.36,7064.22,3122.88,-35.24,1.44,-216.23,0.1,1,dns_outage,0.0
1789892821.3846438,Firewall,7064.31,0.0,547.86,25.0,-35.9,141.3,0.36,0.22,122866.41,7064.38,3037.06,-35.34,0.81,-429.12,-0.5,1,dns_outage,0.0
1789892821.3872683,Firewall,7064.83,0.0,620.5,12.5,-35.6,139.2,0.23,0.34,122865.11,7064.59,2818.63,-35.46,1.05,-1092.15,-0.6,1,dns_outage,0.0
1789892821.3898807,Firewall,7064.75,0.0,9999.0,25.0,-35.3,139.8,0.2,0.22,122862.1,7064.68,2818.63,-35.52,0.41,0.0,-0.3,1,dns_outage,0.0
1789892821.3927152,Firewall,7064.44,0.0,9999.0,37.5,-35.2,142.1,0.22,0.51,122859.58,7064.64,4332.83,-35.52,-0.19,7571.01,0.0,1,dns_outage,0.0
1789892821.3952131,Firewall,7064.99,0.0,9999.0,50.0,-35.0,145.0,0.25,0.48,122860.49,7064.66,6233.07,-35.4,0.13,9501.2,0.6,1,,0.0
1789892821.3978934,Firewall,7064.82,0.0,623.3,37.5,-35.4,142.2,0.18,0.52,122857.5,7064.77,6248.16,-35.3,0.51,75.44,0.5,0,none,10.0
1789892821.4006608,Firewall,7064.06,0.0,623.15,37.5,-35.4,140.6,0.33,0.39,122862.43,7064.61,6248.69,-35.26,-0.77,2.65,0.2,0,none,10.0
1789892821.4033089,Firewall,7064.05,0.0,621.76,37.5,-35.7,143.7,0.38,0.31,122858.4,7064.47,4373.24,-35.34,-0.7,-9377.24,-0.4,0,none,10.0
1789892821.4060426,Firewall,7063.64,0.0,622.01,37.5,-35.8,146.6,0.51,0.4,122863.24,7064.31,2497.84,-35.46,-0.8,-9376.99,-0.6,0,none,10.0
1789892821.4084258,Firewall,7063.93,0.0,623.32,37.5,-35.6,145.8,0.39,0.39,122864.64,7064.1,622.71,-35.58,-1.06,-9375.68,-0.6,0,none,10.0
1789892821.4111202,Firewall,7063.18,0.0,622.13,25.0,-35.6,145.6,0.33,0.53,122869.35,7063.77,622.47,-35.62,-1.64,-1.17,-0.2,0,none,10.0
1789892821.4136114,Firewall,7062.52,0.0,621.74,12.5,-35.5,143.6,0.56,0.49,122866.17,7063.46,622.19,-35.64,-1.54,-1.41,-0.1,0,none,10.0
1789892821.4160237,Firewall,7061.84,0.0,620.96,0.0,-35.9,146.4,0.76,0.65,122865.77,7063.02,622.03,-35.68,-2.21,-0.8,-0.2,0,none,10.0
1789892821.4184604,Firewall,7062.5,0.0,621.95,0.0,-35.6,145.8,0.71,0.71,122865.79,7062.79,622.02,-35.64,-1.14,-0.06,0.2,0,none,10.0
1789892821.4208956,Firewall,7062.63,0.0,621.11,0.0,-35.8,146.0,0.43,0.59,122868.93,7062.53,621.58,-35.68,-1.3,-2.21,-0.2,0,none,10.0
1789892821.4235477,Firewall,7062.64,0.0,620.25,0.0,-35.5,147.7,0.3,0.57,122867.29,7062.43,621.2,-35.66,-0.54,-1.88,0.1,0,none,10.0
1789892821.4259605,Firewall,7063.43,0.0,621.45,0.0,-35.1,150.3,0.51,0.46,122861.47,7062.61,621.14,-35.58,0.91,-0.29,0.4,0,none,10.0
1789892821.4284115,Firewall,7064.19,0.0,621.99,0.0,-35.3,153.2,0.64,0.59,122858.04,7063.08,621.35,-35.46,2.35,1.03,0.6,0,none,10.0
1789892821.4308417,Firewall,7063.86,0.0,620.63,0.0,-35.0,153.3,0.63,0.59,122858.61,7063.35,621.09,-35.34,1.36,-1.32,0.6,0,none,10.0
1789892821.433295,Firewall,7064.02,0.0,619.27,0.0,-34.9,151.9,0.55,0.37,122861.99,7063.63,620.72,-35.16,1.39,-1.84,0.9,0,none,10.0
1789892821.435724,Firewall,7064.35,0.0,618.26,0.0,-34.9,149.2,0.31,0.46,122863.72,7063.97,620.32,-35.04,1.71,-1.99,0.6,0,none,10.0
1789892821.4381242,Firewall,7063.81,0.0,618.42,0.0,-34.8,149.3,0.2,0.35,122866.26,7064.05,619.71,-34.98,0.38,-3.03,0.3,0,none,10.0
1789892821.4409175,Firewall,7064.55,0.0,616.99,0.0,-34.9,147.2,0.29,0.38,122867.28,7064.12,618.71,-34.9,0.36,-5.0,0.4,0,none,10.0
1789892821.4433227,Firewall,7063.91,0.0,618.21,0.0,-34.6,150.6,0.28,0.55,122870.08,7064.13,618.23,-34.82,0.05,-2.42,0.4,0,none,10.0
1789892821.4457488,Firewall,7064.43,0.0,619.08,0.0,-34.6,147.7,0.29,0.42,122872.43,7064.21,618.19,-34.76,0.41,-0.19,0.3,0,none,10.0
1789892821.4481697,Firewall,7063.63,0.0,620.27,0.0,-34.7,144.4,0.36,0.4,122874.34,7064.07,618.59,-34.72,-0.72,2.01,0.2,0,none,10.0
1789892821.450599,Firewall,7064.01,0.0,619.54,0.0,-34.8,144.7,0.34,0.36,122868.51,7064.11,618.82,-34.72,0.2,1.12,0.0,0,none,10.0
1789892821.4532468,Firewall,7064.23,0.0,619.61,0.0,-35.0,140.8,0.27,0.53,122867.67,7064.04,619.34,-34.74,-0.32,2.62,-0.1,0,none,10.0
1789892821.4562743,Firewall,7063.93,0.0,619.11,0.0,-34.7,139.9,0.27,0.57,122870.17,7064.05,619.52,-34.76,0.02,0.9,-0.1,0,none,10.0
1789892821.4588852,Firewall,7063.18,0.0,620.48,0.0,-34.6,138.2,0.36,0.71,122874.41,7063.8,619.8,-34.76,-1.25,1.4,0.0,0,none,10.0
1789892821.4615881,Firewall,7063.24,0.0,620.79,0.0,-34.3,139.1,0.43,0.44,122879.36,7063.72,619.91,-34.68,-0.39,0.52,0.4,0,none,10.0
1789892821.464289,Firewall,7063.14,0.0,619.59,0.0,-34.3,142.3,0.45,0.57,122880.1,7063.54,619.92,-34.58,-0.87,0.05,0.5,0,none,10.0
1789892821.4669776,Firewall,7063.79,0.0,620.92,0.0,-34.0,145.8,0.34,0.72,122881.79,7063.46,620.18,-34.38,-0.44,1.31,1.0,0,none,10.0
1789892821.4694247,Firewall,7063.14,0.0,620.31,0.0,-34.0,147.1,0.25,0.65,122876.48,7063.3,620.42,-34.24,-0.79,1.2,0.7,0,none,10.0
1789892821.4718728,Firewall,7062.47,0.0,620.19,0.0,-34.0,146.7,0.42,0.77,122876.48,7063.16,620.36,-34.12,-0.71,-0.29,0.6,0,none,10.0
1789892821.47446,Firewall,7063.2,0.0,619.16,0.0,-34.4,142.8,0.42,0.84,122880.59,7063.15,620.03,-34.14,-0.04,-1.63,-0.1,0,none,10.0
1789892821.4768972,Firewall,7063.92,0.0,617.72,0.0,-34.1,143.9,0.52,0.71,122879.61,7063.3,619.66,-34.1,0.78,-1.87,0.2,0,none,10.0
1789892821.4793763,Firewall,7063.94,0.0,617.13,0.0,-34.0,140.6,0.55,0.59,122881.8,7063.33,618.9,-34.1,0.15,-3.79,0.0,0,none,10.0
1789892821.4820628,Firewall,7063.56,0.0,616.93,0.0,-33.9,140.4,0.55,0.69,122884.54,7063.42,618.23,-34.08,0.42,-3.38,0.1,0,none,10.0
1789892821.4848728,Firewall,7063.17,0.0,9999.0,12.5,-34.2,138.2,0.33,0.47,122883.44,7063.56,2493.99,-34.12,0.7,9378.81,-0.2,1,dns_outage,0.0
1789892821.4872332,Firewall,7062.4,0.0,1831.48,12.5,-34.0,138.9,0.57,0.44,122884.9,7063.4,2736.45,-34.04,-0.8,1212.32,0.4,1,dns_outage,0.0
1789892821.4896452,Firewall,7063.04,0.0,1205.1,12.5,-33.8,138.0,0.52,0.53,122888.1,7063.22,2853.93,-33.98,-0.88,587.38,0.3,1,dns_outage,0.0
1789892821.4920871,Firewall,7063.63,0.0,1414.15,12.5,-33.5,140.0,0.44,0.61,122889.87,7063.16,3013.33,-33.88,-0.31,797.02,0.5,1,dns_outage,0.0
1789892821.4945383,Firewall,7063.58,0.0,1044.29,12.5,-33.5,141.1,0.44,0.64,122895.14,7063.16,3098.8,-33.8,0.02,427.36,0.4,1,dns_outage,0.0
1789892821.497205,Firewall,7063.44,0.0,9999.0,25.0,-33.9,138.1,0.46,0.42,122897.05,7063.22,3098.8,-33.74,0.27,0.0,0.3,1,dns_outage,0.0
1789892821.4996572,Firewall,7063.62,0.0,416.86,25.0,-33.7,138.7,0.22,0.48,122893.7,7063.46,2815.88,-33.68,1.22,-1414.62,0.3,1,dns_outage,0.0
1789892821.5024672,Firewall,7063.98,0.0,937.12,25.0,-33.7,142.4,0.18,0.57,122889.43,7063.65,2762.28,-33.66,0.94,-267.98,0.1,1,dns_outage,0.0
1789892821.5049114,Firewall,7064.25,0.0,9999.0,25.0,-33.3,145.7,0.3,0.69,122886.37,7063.77,4479.25,-33.62,0.62,8584.85,0.2,1,dns_outage,0.0
1789892821.5073671,Firewall,7064.66,0.0,1613.49,25.0,-33.6,146.6,0.44,0.72,122888.75,7063.99,4593.09,-33.64,1.08,569.2,-0.1,1,dns_outage,0.0
1789892821.5098042,Firewall,7065.07,0.0,9999.0,37.5,-33.4,148.4,0.51,0.69,122892.79,7064.32,4593.09,-33.54,1.63,0.0,0.5,1,dns_outage,0.0
1789892821.5122442,Firewall,7064.34,0.0,9999.0,50.0,-33.3,149.0,0.38,0.74,122893.78,7064.46,6509.52,-33.46,0.72,9582.14,0.4,1,dns_outage,0.0
1789892821.5146809,Firewall,7064.33,0.0,2451.04,50.0,-33.2,145.7,0.31,0.81,122889.16,7064.53,6812.31,-33.36,0.35,1513.92,0.5,1,dns_outage,0.0
1789892821.5170903,Firewall,7064.51,0.0,9999.0,50.0,-33.4,148.5,0.27,0.82,122889.02,7064.58,6812.31,-33.38,0.26,0.0,-0.1,1,dns_outage,0.0
1789892821.5198617,Firewall,7063.75,0.0,1596.78,50.0,-33.1,146.1,0.42,0.55,122891.97,7064.4,6808.96,-33.28,-0.91,-16.71,0.5,1,dns_outage,0.0
1789892821.5225673,Firewall,7064.06,0.0,1613.46,50.0,-33.0,149.6,0.27,0.66,122890.09,7064.2,5131.86,-33.2,-1.01,-8385.54,0.4,1,dns_outage,0.0
1789892821.5252416,Firewall,7063.57,0.0,2055.29,37.5,-32.7,147.6,0.35,0.73,122887.33,7064.04,3543.11,-33.08,-0.77,-7943.71,0.6,1,dns_outage,0.0
1789892821.5279136,Firewall,7063.68,0.0,9999.0,50.0,-32.9,147.6,0.34,0.57,122884.84,7063.91,5052.71,-33.02,-0.65,7547.96,0.3,1,,0.0
1789892821.5306177,Firewall,7063.72,0.0,2056.31,37.5,-33.0,146.9,0.16,0.63,122882.36,7063.76,3464.17,-32.94,-0.79,-7942.69,0.4,0,none,10.0
1789892821.5333297,Firewall,7063.64,0.0,2056.69,25.0,-33.0,147.7,0.17,0.52,122882.7,7063.73,3556.15,-32.92,-0.11,459.91,0.1,0,none,10.0
1789892821.536023,Firewall,7062.92,0.0,2057.14,25.0,-32.7,148.1,0.3,0.46,122886.23,7063.51,3644.89,-32.86,-1.14,443.68,0.3,0,none,10.0
1789892821.5386817,Firewall,7063.12,0.0,2057.7,12.5,-32.5,144.2,0.33,0.63,122889.16,7063.42,3645.37,-32.82,-0.45,2.41,0.2,0,none,10.0
1789892821.5414195,Firewall,7062.55,0.0,2056.84,12.5,-32.8,145.6,0.44,0.62,122893.32,7063.19,2056.94,-32.8,-1.13,-7942.16,0.1,0,none,10.0
1789892821.5441675,Firewall,7061.89,0.0,2056.7,12.5,-33.0,145.6,0.59,0.63,122891.81,7062.82,2057.01,-32.8,-1.83,0.39,0.0,0,none,10.0
1789892821.546917,Firewall,7062.09,0.0,2057.33,12.5,-32.7,144.2,0.47,0.74,122886.49,7062.51,2057.14,-32.74,-1.55,0.64,0.3,0,none,10.0
1789892821.549677,Firewall,7062.86,0.0,2057.69,0.0,-32.6,145.7,0.46,0.58,122889.24,7062.5,2057.25,-32.72,-0.06,0.55,0.1,0,none,10.0
1789892821.552361,Firewall,7062.79,0.0,2058.13,0.0,-32.7,146.5,0.39,0.61,122889.7,7062.44,2057.34,-32.76,-0.33,0.43,-0.2,0,none,10.0
1789892821.5549781,Firewall,7062.37,0.0,2059.08,0.0,-32.5,147.9,0.38,0.6,122884.26,7062.4,2057.79,-32.7,-0.18,2.24,0.3,0,none,10.0
1789892821.557627,Firewall,7062.16,0.0,9999.0,12.5,-32.4,150.9,0.32,0.69,122889.52,7062.45,3646.25,-32.58,0.27,7942.3,0.6,1,dns_outage,0.0
1789892821.5606608,Firewall,7062.88,0.0,9999.0,25.0,-32.4,149.5,0.29,0.77,122886.84,7062.61,5234.58,-32.52,0.79,7941.67,0.3,1,dns_outage,0.0
1789892821.5632248,Firewall,7062.61,0.0,2258.9,25.0,-32.2,148.0,0.27,0.82,122890.95,7062.56,5274.82,-32.44,-0.25,201.21,0.4,1,dns_outage,0.0
1789892821.565869,Firewall,7062.28,0.0,1229.64,25.0,-31.8,146.0,0.26,0.64,122888.98,7062.46,5109.12,-32.26,-0.51,-828.49,0.9,1,dns_outage,0.0
1789892821.5684211,Firewall,7062.29,0.0,1911.0,25.0,-31.8,147.9,0.26,0.75,122888.04,7062.44,5079.51,-32.12,-0.08,-148.08,0.7,1,dns_outage,0.0
1789892821.5711036,Firewall,7061.84,0.0,2357.11,25.0,-32.1,148.7,0.35,0.56,122884.56,7062.38,3551.13,-32.06,-0.32,-7641.89,0.3,1,dns_outage,0.0
1789892821.573792,Firewall,7062.2,0.0,573.23,25.0,-32.4,148.5,0.25,0.36,122880.29,7062.24,1665.98,-32.06,-0.68,-9425.77,0.0,1,dns_outage,0.0
1789892821.576149,Firewall,7062.3,0.0,1471.47,25.0,-32.2,144.6,0.18,0.29,122884.35,7062.18,1508.49,-32.06,-0.31,-787.43,0.0,1,dns_outage,0.0
1789892821.579055,Firewall,7062.31,0.0,418.92,12.5,-32.5,145.0,0.18,0.19,122885.0,7062.19,1346.35,-32.2,0.03,-810.72,-0.7,1,dns_outage,0.0
1789892821.5812068,Firewall,7063.03,0.0,9999.0,12.5,-32.7,141.1,0.38,0.32,122885.58,7062.34,2963.95,-32.38,0.74,8088.0,-0.9,1,dns_outage,0.0
1789892821.583554,Firewall,7063.3,0.0,9999.0,25.0,-32.6,141.0,0.45,0.47,122883.41,7062.63,4492.32,-32.48,1.46,7641.89,-0.5,1,dns_outage,0.0
1789892821.585835,Firewall,7063.95,0.0,2484.01,25.0,-32.8,144.0,0.63,0.35,122885.85,7062.98,4874.48,-32.56,1.75,1910.78,-0.4,1,,0.0
1789892821.5882041,Firewall,7064.27,0.0,2484.03,25.0,-32.6,140.2,0.69,0.38,122888.33,7063.37,5076.99,-32.64,1.97,1012.56,-0.4,1,none,0.2
1789892821.5908675,Firewall,7064.53,0.0,2485.48,25.0,-32.9,140.6,0.57,0.58,122882.55,7063.82,5490.3,-32.72,2.22,2066.56,-0.4,0,none,10.0
1789892821.5932531,Firewall,7064.43,0.0,2485.62,25.0,-32.7,137.8,0.44,0.51,122888.12,7064.1,3987.63,-32.72,1.4,-7513.38,0.0,0,none,10.0
1789892821.5960088,Firewall,7063.73,0.0,2485.05,25.0,-32.9,134.1,0.3,0.38,122888.93,7064.18,2484.84,-32.78,0.43,-7513.95,-0.3,0,none,10.0
1789892821.5987513,Firewall,7063.23,0.0,2483.93,25.0,-32.9,136.0,0.49,0.26,122887.69,7064.04,2484.82,-32.8,-0.72,-0.08,-0.1,0,none,10.0
1789892821.6015024,Firewall,7062.7,0.0,2484.47,12.5,-32.6,133.2,0.7,0.46,122892.16,7063.72,2484.91,-32.8,-1.57,0.44,0.0,0,none,10.0
1789892821.6037602,Firewall,7062.05,0.0,2484.97,0.0,-32.2,132.4,0.82,0.32,122895.32,7063.23,2484.81,-32.66,-2.48,-0.51,0.7,0,none,10.0
1789892821.6062868,Firewall,7062.75,0.0,2486.22,0.0,-32.6,129.9,0.56,0.59,122890.74,7062.89,2484.93,-32.64,-1.68,0.6,0.1,0,none,10.0
1789892821.60897,Firewall,7062.3,0.0,2485.55,0.0,-32.3,129.5,0.41,0.49,122892.4,7062.61,2485.03,-32.52,-1.43,0.5,0.6,0,none,10.0
1789892821.6115801,Firewall,7061.92,0.0,2486.52,0.0,-32.1,126.9,0.33,0.45,122895.31,7062.34,2485.55,-32.36,-1.31,2.59,0.8,0,none,10.0
1789892821.614192,Firewall,7062.26,0.0,2485.42,0.0,-32.4,126.3,0.28,0.39,122895.54,7062.26,2485.74,-32.32,-0.44,0.95,0.2,0,none,10.0
1789892821.6168253,Firewall,7061.47,0.0,2485.9,0.0,-32.2,125.9,0.43,0.6,122896.86,7062.14,2485.92,-32.32,-0.58,0.93,0.0,0,none,10.0
1789892821.6194491,Firewall,7061.83,0.0,2485.48,0.0,-31.9,128.1,0.3,0.41,122894.53,7061.96,2485.77,-32.18,-0.92,-0.74,0.7,0,none,10.0
1789892821.6227508,Firewall,7061.23,0.0,2486.08,0.0,-31.8,127.9,0.36,0.27,122896.78,7061.74,2485.88,-32.08,-1.07,0.53,0.5,0,none,10.0
1789892821.6249235,Firewall,7060.65,0.0,2485.79,0.0,-31.5,128.5,0.54,0.24,122891.74,7061.49,2485.73,-31.96,-1.27,-0.73,0.6,0,none,10.0
1789892821.627108,Firewall,7060.36,0.0,2486.76,0.0,-31.2,129.0,0.53,0.31,122889.14,7061.11,2486.0,-31.72,-1.9,1.34,1.2,0,none,10.0
1789892821.6292982,Firewall,7060.58,0.0,2487.94,0.0,-31.5,125.9,0.53,0.52,122885.65,7060.93,2486.41,-31.58,-0.89,2.04,0.7,0,none,10.0
1789892821.6317947,Firewall,7060.59,0.0,2488.7,0.0,-31.1,122.3,0.29,0.43,122886.61,7060.68,2487.05,-31.42,-1.24,3.22,0.8,0,none,10.0
1789892821.6344619,Firewall,7060.8,0.0,2487.62,0.0,-31.2,121.6,0.14,0.53,122885.84,7060.6,2487.36,-31.3,-0.43,1.54,0.6,0,none,10.0
1789892821.6370223,Firewall,7060.19,0.0,2487.49,0.0,-31.0,124.0,0.21,0.72,122880.19,7060.5,2487.7,-31.2,-0.46,1.7,0.5,0,none,10.0
1789892821.6398368,Firewall,7060.77,0.0,2487.96,0.0,-30.9,125.4,0.22,0.77,122880.71,7060.59,2487.94,-31.14,0.41,1.2,0.3,0,none,10.0
1789892821.6424358,Firewall,7060.85,0.0,2489.3,0.0,-31.1,128.7,0.24,0.65,122885.3,7060.64,2488.21,-31.06,0.27,1.36,0.4,0,none,10.0
1789892821.6451936,Firewall,7061.05,0.0,2490.62,0.0,-31.5,128.2,0.29,0.59,122880.84,7060.73,2488.6,-31.14,0.46,1.92,-0.4,0,none,10.0
1789892821.647844,Firewall,7060.4,0.0,2490.33,0.0,-31.3,130.7,0.32,0.48,122882.02,7060.65,2489.14,-31.16,-0.4,2.71,-0.1,0,none,10.0
1789892821.6504602,Firewall,7061.08,0.0,2491.23,0.0,-31.0,134.2,0.25,0.34,122881.36,7060.83,2489.89,-31.16,0.89,3.74,0.0,0,none,10.0
1789892821.653287,Firewall,7061.43,0.0,2491.99,0.0,-30.8,137.8,0.34,0.45,122881.55,7060.96,2490.69,-31.14,0.66,4.03,0.1,0,none,10.0
1789892821.6562498,Firewall,7062.14,0.0,2492.04,0.0,-30.4,139.5,0.57,0.33,122875.56,7061.22,2491.24,-31.0,1.29,2.74,0.7,0,none,10.0
1789892821.6588633,Firewall,7062.17,0.0,2491.3,0.0,-30.5,140.9,0.67,0.52,122878.84,7061.44,2491.38,-30.8,1.12,0.68,1.0,0,none,10.0
1789892821.6614919,Firewall,7061.48,0.0,2491.43,0.0,-30.4,141.6,0.43,0.52,122884.34,7061.66,2491.6,-30.62,1.08,1.1,0.9,0,none,10.0
1789892821.6642826,Firewall,7061.79,0.0,2490.99,0.0,-30.6,141.4,0.31,0.62,122889.02,7061.8,2491.55,-30.54,0.71,-0.24,0.4,0,none,10.0
1789892821.666895,Firewall,7061.37,0.0,2490.42,0.0,-30.6,141.8,0.33,0.6,122891.61,7061.79,2491.24,-30.5,-0.06,-1.57,0.2,0,none,10.0
1789892821.6693947,Firewall,7061.97,0.0,2489.48,0.0,-30.8,138.5,0.3,0.54,122888.27,7061.76,2490.72,-30.58,-0.17,-2.56,-0.4,0,none,10.0
1789892821.6718447,Firewall,7062.49,0.0,2487.99,0.0,-30.9,137.9,0.4,0.62,122893.8,7061.82,2490.06,-30.66,0.32,-3.31,-0.4,0,none,10.0
1789892821.6748836,Firewall,7062.68,0.0,2486.93,0.0,-30.8,135.6,0.48,0.66,122899.38,7062.06,2489.16,-30.74,1.2,-4.5,-0.4,0,none,10.0
1789892821.677241,Firewall,7062.25,0.0,2487.51,0.0,-31.1,131.7,0.46,0.42,122898.61,7062.15,2488.47,-30.84,0.46,-3.48,-0.5,0,none,10.0
1789892821.679609,Firewall,7062.65,0.0,2487.1,0.0,-31.3,127.8,0.27,0.35,122903.76,7062.41,2487.8,-30.98,1.28,-3.32,-0.7,0,none,10.0
1789892821.68217,Firewall,7062.98,0.0,2486.39,0.0,-31.3,128.2,0.24,0.33,122903.21,7062.61,2487.18,-31.08,1.01,-3.09,-0.5,0,none,10.0
1789892821.6847634,Firewall,7063.69,0.0,2486.05,0.0,-30.9,126.7,0.48,0.2,122904.12,7062.85,2486.8,-31.08,1.2,-1.94,0.0,0,none,10.0
1789892821.6874275,Firewall,7062.92,0.0,2484.81,0.0,-31.3,123.0,0.47,0.24,122909.04,7062.9,2486.37,-31.18,0.24,-2.12,-0.5,0,none,10.0
1789892821.6901052,Firewall,7062.68,0.0,2484.0,0.0,-31.4,119.3,0.38,0.45,122903.64,7062.98,2485.67,-31.24,0.43,-3.51,-0.3,0,none,10.0
1789892821.6927228,Firewall,7062.59,0.0,2483.76,0.0,-31.3,121.8,0.39,0.47,122898.55,7062.97,2485.0,-31.24,-0.06,-3.34,0.0,0,none,10.0
1789892821.6957777,Firewall,7062.7,0.0,2483.28,0.0,-31.7,122.7,0.4,0.58,122902.87,7062.92,2484.38,-31.32,-0.28,-3.11,-0.4,0,none,10.0
1789892821.69839,Firewall,7062.28,0.0,2484.71,0.0,-31.5,121.6,0.21,0.59,122899.55,7062.63,2484.11,-31.44,-1.41,-1.34,-0.6,0,none,10.0
1789892821.7010074,Firewall,7062.61,0.0,2483.87,0.0,-31.6,124.7,0.15,0.47,122899.87,7062.57,2483.92,-31.5,-0.31,-0.94,-0.3,0,none,10.0
1789892821.7036161,Firewall,7062.7,0.0,2484.25,0.0,-32.0,121.5,0.15,0.29,122904.59,7062.58,2483.97,-31.62,0.02,0.25,-0.6,0,none,10.0
1789892821.706259,Firewall,7063.13,0.0,2483.75,0.0,-32.3,121.1,0.27,0.29,122903.86,7062.68,2483.97,-31.82,0.54,-0.01,-1.0,0,none,10.0
1789892821.7088952,Firewall,7063.75,0.0,2482.69,0.0,-32.2,124.1,0.51,0.32,122898.67,7062.89,2483.85,-31.92,1.05,-0.59,-0.5,0,none,10.0
1789892821.7118495,Firewall,7063.49,0.0,2484.0,0.0,-32.4,125.6,0.44,0.57,122896.01,7063.14,2483.71,-32.1,1.21,-0.71,-0.9,0,none,10.0
1789892821.714371,Firewall,7062.9,0.0,2484.62,0.0,-32.7,128.9,0.38,0.35,122895.53,7063.19,2483.86,-32.32,0.29,0.75,-1.1,0,none,10.0
1789892821.71707,Firewall,7062.55,0.0,2483.62,0.0,-32.7,130.5,0.43,0.52,122894.61,7063.16,2483.74,-32.46,-0.15,-0.63,-0.7,0,none,10.0
1789892821.7197325,Firewall,7062.29,0.0,2483.04,0.0,-32.8,133.0,0.55,0.57,122895.93,7063.0,2483.59,-32.56,-0.84,-0.71,-0.5,0,none,10.0
1789892821.7223737,Firewall,7062.11,0.0,2481.86,0.0,-32.9,131.0,0.49,0.59,122898.0,7062.67,2483.43,-32.7,-1.64,-0.83,-0.7,0,none,10.0
1789892821.725201,Firewall,7062.81,0.0,2480.44,0.0,-33.0,134.4,0.3,0.69,122903.15,7062.53,2482.72,-32.82,-0.68,-3.56,-0.6,0,none,10.0
1789892821.7281306,Firewall,7062.36,0.0,2480.81,0.0,-33.2,133.8,0.24,0.59,122903.04,7062.42,2481.95,-32.92,-0.54,-3.81,-0.5,0,none,10.0
1789892821.7307894,Firewall,7062.04,0.0,2479.88,0.0,-33.3,134.8,0.27,0.49,122899.48,7062.32,2481.21,-33.04,-0.51,-3.74,-0.6,0,none,10.0
1789892821.7334383,Firewall,7061.73,0.0,2478.84,0.0,-33.0,136.5,0.36,0.43,122902.04,7062.21,2480.37,-33.08,-0.56,-4.2,-0.2,0,none,10.0
1789892821.7360313,Firewall,7061.7,0.0,2477.81,0.0,-32.7,134.9,0.42,0.27,122900.88,7062.13,2479.56,-33.04,-0.41,-4.05,0.2,0,none,10.0
1789892821.73869,Firewall,7061.66,0.0,2477.1,0.0,-33.1,133.5,0.27,0.27,122901.45,7061.9,2478.89,-33.06,-1.15,-3.34,-0.1,0,none,10.0
1789892821.741342,Firewall,7061.59,0.0,2476.24,0.0,-33.3,132.1,0.15,0.21,122898.62,7061.74,2477.97,-33.08,-0.77,-4.57,-0.1,0,none,10.0
1789892821.7446547,Firewall,7061.54,0.0,2477.67,0.0,-33.0,135.3,0.07,0.41,122898.53,7061.64,2477.53,-33.02,-0.5,-2.21,0.3,0,none,10.0
1789892821.747276,Firewall,7062.12,0.0,2478.01,0.0,-32.9,134.3,0.21,0.49,122896.68,7061.72,2477.37,-33.0,0.39,-0.83,0.1,0,none,10.0
1789892821.749915,Firewall,7084.09,0.0,2571.53,0.0,-33.0,137.0,8.95,0.48,123185.63,7066.2,2496.11,-33.06,22.39,93.72,-0.3,1,traffic_overload,0.0
1789892821.7526772,Firewall,7112.2,0.0,2716.39,0.0,-33.2,140.0,19.92,0.42,123575.72,7076.31,2543.97,-33.08,50.54,239.29,-0.1,1,traffic_overload,0.0
1789892821.755332,Firewall,7130.04,0.0,2773.75,0.0,-32.9,136.8,27.27,0.59,123924.21,7090.0,2603.47,-33.0,68.45,297.51,0.4,1,traffic_overload,0.0
1789892821.7578614,Firewall,7146.92,0.0,2867.94,0.0,-32.9,137.2,30.63,0.49,124198.96,7107.07,2681.52,-32.98,85.38,390.27,0.1,1,traffic_overload,0.0
1789892821.760647,Firewall,7171.43,0.0,3004.18,0.0,-32.9,136.4,29.74,0.39,124739.7,7128.94,2786.76,-32.98,109.31,526.17,0.0,1,traffic_overload,0.0
1789892821.7629902,Firewall,7186.47,0.0,3133.11,0.0,-32.5,139.3,26.92,0.3,125292.82,7149.41,2899.07,-32.88,102.38,561.58,0.5,1,traffic_overload,0.0
1789892821.765696,Firewall,7204.8,0.0,3295.82,0.0,-32.3,137.4,26.81,0.43,125829.23,7167.93,3014.96,-32.7,92.6,579.43,0.9,1,traffic_overload,0.0
1789892821.76834,Firewall,7232.03,0.0,3465.94,0.0,-32.0,140.9,28.93,0.62,126273.74,7188.33,3153.4,-32.52,101.99,692.19,0.9,1,traffic_overload,0.0
1789892821.7709596,Firewall,7261.13,0.0,3594.33,0.0,-32.0,141.4,32.13,0.58,126732.13,7211.17,3298.68,-32.34,114.21,726.39,0.9,1,traffic_overload,0.0
1789892821.773511,Firewall,7293.08,0.0,3640.9,0.0,-32.1,142.2,38.29,0.63,127088.19,7235.5,3426.02,-32.18,121.65,636.72,0.8,1,traffic_overload,0.0
1789892821.776375,Firewall,7320.93,0.0,3683.34,0.0,-32.4,143.0,41.49,0.78,127469.65,7262.39,3536.07,-32.16,134.46,550.23,0.1,1,traffic_overload,0.0
1789892821.7788043,Firewall,7345.53,0.0,3842.37,0.0,-32.8,139.1,40.6,0.83,127906.72,7290.54,3645.38,-32.26,140.73,546.55,-0.5,1,,0.0
1789892821.781402,Firewall,7345.2,0.0,3843.85,0.0,-32.6,141.3,32.39,0.75,127902.71,7313.17,3720.96,-32.38,113.17,377.91,-0.6,1,none,0.2
1789892821.784183,Firewall,7345.57,0.0,3844.42,0.0,-32.3,139.9,20.79,0.6,127904.73,7330.06,3770.98,-32.44,84.44,250.09,-0.3,0,none,10.0
1789892821.786822,Firewall,7346.08,0.0,3845.18,0.0,-32.0,142.1,9.87,0.54,127909.08,7340.66,3811.83,-32.42,53.0,204.28,0.1,0,none,10.0
1789892821.7901876,Firewall,7345.9,0.0,3844.11,0.0,-32.1,143.4,0.31,0.62,127906.29,7345.66,3843.99,-32.36,24.97,160.77,0.3,0,none,10.0
1789892821.7928593,Firewall,7384.54,0.0,3921.21,0.0,-31.8,147.1,15.54,0.7,128193.48,7353.46,3859.75,-32.16,39.01,78.84,1.0,1,traffic_overload,0.0
1789892821.7953453,Firewall,7415.6,0.0,4019.58,0.0,-31.9,146.2,28.32,0.57,128487.01,7367.54,3894.9,-32.02,70.4,175.73,0.7,1,traffic_overload,0.0
1789892821.7980294,Firewall,7454.19,0.0,4125.93,0.0,-32.2,143.0,41.66,0.62,128955.52,7389.26,3951.2,-32.0,108.62,281.51,0.1,1,traffic_overload,0.0
1789892821.8008533,Firewall,7470.26,0.0,4259.84,0.0,-32.5,144.8,45.36,0.39,129452.8,7414.1,4034.13,-32.1,124.18,414.66,-0.5,1,traffic_overload,0.0
1789892821.8036356,Firewall,7497.89,0.0,4331.32,0.0,-32.3,146.0,40.09,0.63,129847.23,7444.5,4131.58,-32.14,151.99,487.21,-0.2,1,traffic_overload,0.0
1789892821.8062694,Firewall,7530.46,0.0,4510.96,0.0,-32.3,148.5,38.92,0.51,130161.16,7473.68,4249.53,-32.24,145.92,589.75,-0.5,1,traffic_overload,0.0
1789892821.8089027,Firewall,7561.83,0.0,4602.46,0.0,-32.2,149.2,39.23,0.65,130424.43,7502.93,4366.1,-32.3,146.23,582.88,-0.3,1,traffic_overload,0.0
1789892821.8115497,Firewall,7599.11,0.0,4667.24,0.0,-31.9,149.9,45.54,0.61,130770.56,7531.91,4474.36,-32.24,144.92,541.31,0.3,1,traffic_overload,0.0
1789892821.8142426,Firewall,7618.38,0.0,4820.76,0.0,-32.0,148.0,43.95,0.54,131216.45,7561.53,4586.55,-32.14,148.12,560.92,0.5,1,traffic_overload,0.0
1789892821.8170965,Firewall,7642.8,0.0,4921.36,0.0,-32.0,149.4,40.03,0.37,131728.86,7590.52,4704.56,-32.08,144.91,590.04,0.3,1,traffic_overload,0.0
1789892821.8197377,Firewall,7675.19,0.0,5023.75,0.0,-32.1,145.4,38.44,0.34,132255.25,7619.46,4807.11,-32.04,144.73,512.79,0.2,1,traffic_overload,0.0
1789892821.8223925,Firewall,7699.46,0.0,5091.83,0.0,-31.9,145.6,36.54,0.49,132592.13,7646.99,4904.99,-31.98,137.63,489.37,0.3,1,traffic_overload,0.0
1789892821.8250232,Firewall,7725.92,0.0,5192.16,0.0,-31.8,142.1,38.47,0.66,132914.07,7672.35,5009.97,-31.96,126.81,524.92,0.1,1,traffic_overload,0.0
1789892821.8276503,Firewall,7755.13,0.0,5353.39,0.0,-32.0,145.7,38.98,0.42,133432.99,7699.7,5116.5,-31.96,136.75,532.63,0.0,1,traffic_overload,0.0
1789892821.8300881,Firewall,7772.07,0.0,5425.07,0.0,-31.7,141.9,35.37,0.36,133886.86,7725.55,5217.24,-31.9,129.27,503.71,0.3,1,traffic_overload,0.0
1789892821.8326466,Firewall,7797.72,0.0,5565.71,0.0,-31.7,140.9,34.42,0.55,134418.47,7750.06,5325.63,-31.82,122.53,541.96,0.4,1,traffic_overload,0.0
1789892821.835278,Firewall,7827.99,0.0,5721.18,0.0,-31.6,143.0,35.02,0.5,134860.87,7775.77,5451.5,-31.76,128.53,629.35,0.3,1,traffic_overload,0.0
1789892821.8379078,Firewall,7864.16,0.0,5794.63,0.0,-31.7,143.2,39.09,0.57,135186.76,7803.41,5572.0,-31.74,138.24,602.47,0.1,1,,0.0
1789892821.8405542,Firewall,7864.38,0.0,5794.01,0.0,-31.8,146.9,36.44,0.42,135182.4,7825.26,5660.12,-31.7,109.25,440.62,0.2,0,none,10.0
1789892821.843298,Firewall,7864.07,0.0,5794.73,0.0,-31.7,148.3,26.92,0.64,135181.73,7843.66,5734.05,-31.7,92.0,369.66,0.0,0,none,10.0
1789892821.8456805,Firewall,7863.86,0.0,5794.98,0.0,-31.4,144.8,14.45,0.57,135182.77,7856.89,5779.91,-31.64,66.14,229.27,0.3,0,none,10.0
1789892821.848784,Firewall,7864.53,0.0,5795.07,0.0,-31.5,143.3,0.24,0.52,135184.01,7864.2,5794.68,-31.62,36.54,73.89,0.1,0,none,10.0
1789892821.8515124,Firewall,7863.88,0.0,5795.77,0.0,-31.7,146.5,0.27,0.66,135181.57,7864.14,5794.91,-31.62,-0.28,1.14,0.0,0,none,10.0
1789892821.85449,Firewall,7864.64,0.0,5795.19,0.0,-32.1,143.1,0.33,0.49,135182.53,7864.2,5795.15,-31.68,0.26,1.18,-0.3,0,none,10.0
1789892821.8571892,Firewall,7864.61,0.0,5796.18,0.0,-32.0,140.9,0.36,0.49,135184.13,7864.3,5795.44,-31.74,0.54,1.45,-0.3,0,none,10.0
1789892821.8599195,Firewall,7864.91,0.0,5795.01,0.0,-31.8,144.8,0.34,0.43,135179.73,7864.51,5795.44,-31.82,1.05,0.03,-0.4,0,none,10.0
1789892821.862533,Firewall,7865.26,0.0,5796.02,0.0,-32.0,143.0,0.46,0.43,135180.99,7864.66,5795.63,-31.92,0.73,0.95,-0.5,0,none,10.0
1789892821.8653338,Firewall,7864.86,0.0,5796.05,0.0,-32.1,143.8,0.24,0.3,135180.96,7864.86,5795.69,-32.0,0.98,0.28,-0.4,0,none,10.0
1789892821.8679612,Firewall,7864.68,0.0,5794.68,0.0,-31.9,140.8,0.23,0.2,135185.41,7864.86,5795.59,-31.96,0.04,-0.51,0.2,0,none,10.0
1789892821.8705738,Firewall,7864.59,0.0,5795.78,0.0,-32.2,142.4,0.23,0.23,135190.2,7864.86,5795.51,-32.0,-0.02,-0.4,-0.2,0,none,10.0
1789892821.8731914,Firewall,7863.82,0.0,5796.2,0.0,-31.9,144.9,0.47,0.49,135191.05,7864.64,5795.75,-32.02,-1.09,1.19,-0.1,0,none,10.0
1789892821.8758261,Firewall,7864.15,0.0,5796.67,0.0,-32.0,144.1,0.38,0.54,135186.08,7864.42,5795.88,-32.02,-1.11,0.65,0.0,0,none,10.0
1789892821.8787367,Firewall,7863.72,0.0,5795.96,0.0,-32.1,144.8,0.39,0.5,135182.58,7864.19,5795.86,-32.02,-1.14,-0.09,0.0,0,none,10.0
1789892821.8813398,Firewall,7863.99,0.0,5796.19,0.0,-32.4,144.8,0.3,0.38,135188.49,7864.05,5796.16,-32.12,-0.69,1.51,-0.5,0,none,10.0
1789892821.8843772,Firewall,7863.92,0.0,5796.74,0.0,-32.2,140.9,0.15,0.46,135191.88,7863.92,5796.35,-32.12,-0.67,0.96,0.0,0,none,10.0
1789892821.8869889,Firewall,7864.15,0.0,5796.95,0.0,-32.3,144.1,0.16,0.5,135191.04,7863.99,5796.5,-32.2,0.33,0.75,-0.4,0,none,10.0
1789892821.8896236,Firewall,7864.54,0.0,5797.04,0.0,-32.2,141.2,0.27,0.3,135195.84,7864.06,5796.58,-32.24,0.39,0.37,-0.2,0,none,10.0
1789892821.892245,Firewall,7864.34,0.0,5795.91,0.0,-32.1,141.5,0.23,0.24,135196.97,7864.19,5796.57,-32.24,0.62,-0.05,0.0,0,none,10.0
1789892821.8950207,Firewall,7863.67,0.0,5797.0,0.0,-32.2,145.5,0.3,0.42,135195.12,7864.12,5796.73,-32.2,-0.32,0.81,0.2,0,none,10.0
1789892821.8977287,Firewall,7862.89,0.0,5798.08,0.0,-32.4,148.7,0.59,0.64,135189.99,7863.92,5797.0,-32.24,-1.03,1.34,-0.2,0,none,10.0
1789892821.9004188,Firewall,7863.37,0.0,5798.08,0.0,-32.5,147.5,0.61,0.4,135190.51,7863.76,5797.22,-32.28,-0.78,1.13,-0.2,0,none,10.0
1789892821.90306,Firewall,7863.86,0.0,5797.38,0.0,-32.5,145.9,0.49,0.6,135196.51,7863.63,5797.29,-32.34,-0.68,0.34,-0.3,0,none,10.0
1789892821.9056666,Firewall,7863.24,0.0,5797.93,0.0,-32.6,145.3,0.34,0.69,135198.4,7863.41,5797.69,-32.44,-1.1,2.02,-0.5,0,none,10.0
1789892821.9082778,Firewall,7863.71,0.0,5798.08,0.0,-33.0,144.4,0.34,0.69,135198.94,7863.41,5797.91,-32.6,0.04,1.08,-0.8,0,none,10.0
1789892821.9114397,Firewall,7864.47,0.0,5796.8,0.0,-33.2,147.9,0.43,0.56,135197.46,7863.73,5797.65,-32.76,1.58,-1.28,-0.8,0,none,10.0
1789892821.9140806,Firewall,7864.27,0.0,5796.61,0.0,-33.6,147.5,0.44,0.56,135201.66,7863.91,5797.36,-32.98,0.9,-1.47,-1.1,0,none,10.0
1789892821.9167125,Firewall,7864.26,0.0,5797.0,0.0,-33.3,146.9,0.46,0.53,135207.64,7863.99,5797.28,-33.14,0.4,-0.38,-0.8,0,none,10.0
1789892821.919452,Firewall,7863.96,0.0,5798.49,0.0,-33.1,144.2,0.27,0.72,135206.41,7864.13,5797.4,-33.24,0.72,0.56,-0.5,0,none,10.0
1789892821.922082,Firewall,7863.84,0.0,5797.62,0.0,-33.4,142.7,0.23,0.83,135210.85,7864.16,5797.3,-33.32,0.13,-0.46,-0.4,0,none,10.0
1789892821.9248745,Firewall,7863.51,0.0,5798.14,0.0,-33.1,141.2,0.28,0.68,135214.72,7863.97,5797.57,-33.3,-0.96,1.34,0.1,0,none,10.0
1789892821.9273946,Firewall,7863.98,0.0,5797.3,0.0,-33.2,140.1,0.24,0.73,135220.27,7863.91,5797.71,-33.22,-0.29,0.69,0.4,0,none,10.0
1789892821.9304733,Firewall,7863.97,0.0,5796.74,0.0,-33.1,141.3,0.18,0.55,135219.11,7863.85,5797.66,-33.18,-0.29,-0.26,0.2,0,none,10.0
1789892821.9331725,Firewall,7864.04,0.0,5797.15,0.0,-33.4,139.1,0.19,0.66,135216.01,7863.87,5797.39,-33.24,0.08,-1.34,-0.3,0,none,10.0
1789892821.935896,Firewall,7863.67,0.0,5796.2,0.0,-33.3,142.6,0.21,0.74,135210.9,7863.83,5797.11,-33.22,-0.17,-1.42,0.1,0,none,10.0
1789892821.9386652,Firewall,7863.28,0.0,5797.31,0.0,-33.5,143.1,0.28,0.73,135207.45,7863.79,5796.94,-33.3,-0.23,-0.83,-0.4,0,none,10.0
1789892821.9416578,Firewall,7863.29,0.0,5797.39,0.0,-33.9,141.2,0.32,0.82,135212.04,7863.65,5796.96,-33.44,-0.69,0.09,-0.7,0,none,10.0
1789892821.9443834,Firewall,7863.83,0.0,5798.27,0.0,-33.6,139.5,0.3,0.8,135217.33,7863.62,5797.26,-33.54,-0.14,1.53,-0.5,0,none,10.0
1789892821.9469128,Firewall,7863.8,0.0,5798.6,0.0,-33.9,137.2,0.24,0.66,135223.28,7863.57,5797.55,-33.64,-0.24,1.45,-0.5,0,none,10.0
1789892821.9497037,Firewall,7863.44,0.0,5800.07,0.0,-34.1,136.9,0.24,0.77,135224.97,7863.53,5798.33,-33.8,-0.23,3.87,-0.8,0,none,10.0
1789892821.9524827,Firewall,7863.7,0.0,5800.46,0.0,-34.3,140.2,0.21,0.61,135229.04,7863.61,5798.96,-33.96,0.42,3.15,-0.8,0,none,10.0
1789892821.9553168,Firewall,7863.29,0.0,5801.32,0.0,-34.3,139.9,0.21,0.63,135233.31,7863.61,5799.74,-34.04,0.0,3.93,-0.4,0,none,10.0
1789892821.9580178,Firewall,7862.49,0.0,5800.86,0.0,-34.1,140.5,0.46,0.68,135232.57,7863.34,5800.26,-34.14,-1.34,2.59,-0.5,0,none,10.0
1789892821.9612007,Firewall,7862.97,0.0,5800.92,0.0,-34.1,142.8,0.42,0.79,135235.75,7863.18,5800.73,-34.18,-0.83,2.32,-0.2,0,none,10.0
1789892821.9638512,Firewall,7862.29,0.0,5799.63,0.0,-34.0,139.3,0.51,0.78,135231.26,7862.95,5800.64,-34.16,-1.15,-0.44,0.1,0,none,10.0
1789892821.96652,Firewall,7862.95,0.0,5799.05,0.0,-34.2,138.4,0.36,0.76,135228.13,7862.8,5800.36,-34.14,-0.75,-1.41,0.1,0,none,10.0
1789892821.9692547,Firewall,7863.72,0.0,5799.66,0.0,-34.6,137.3,0.49,0.6,135222.38,7862.88,5800.02,-34.2,0.43,-1.66,-0.3,0,none,10.0
1789892821.9719992,Firewall,7863.2,0.0,5800.01,0.0,-34.5,141.1,0.46,0.45,135219.94,7863.03,5799.85,-34.28,0.71,-0.85,-0.4,0,none,10.0
1789892821.9747448,Firewall,7863.86,0.0,5799.1,0.0,-34.1,137.8,0.57,0.47,135217.31,7863.2,5799.49,-34.28,0.89,-1.82,0.0,0,none,10.0
1789892821.9775398,Firewall,7864.11,0.0,5799.7,0.0,-34.0,137.7,0.43,0.41,135219.45,7863.57,5799.5,-34.28,1.82,0.07,0.0,0,none,10.0
1789892821.980136,Firewall,7864.52,0.0,5800.59,0.0,-33.8,137.0,0.43,0.35,135225.14,7863.88,5799.81,-34.2,1.57,1.54,0.4,0,none,10.0
1789892821.9829345,Firewall,7864.75,0.0,5800.42,0.0,-33.9,138.5,0.54,0.37,135223.73,7864.09,5799.96,-34.06,1.03,0.76,0.7,0,none,10.0
1789892821.985721,Firewall,7864.06,0.0,5799.61,0.0,-34.2,138.9,0.33,0.59,135226.52,7864.26,5799.88,-34.0,0.86,-0.4,0.3,0,none,10.0
1789892821.9883444,Firewall,7864.86,0.0,5798.62,0.0,-34.0,140.9,0.33,0.43,135223.41,7864.46,5799.79,-33.98,1.0,-0.48,0.1,0,none,10.0
1789892821.9909775,Firewall,7864.24,0.0,5797.85,0.0,-33.9,143.8,0.3,0.6,135217.91,7864.49,5799.42,-33.96,0.13,-1.85,0.1,0,none,10.0
1789892821.9935052,Firewall,7863.7,0.0,5798.95,0.0,-34.2,142.2,0.43,0.63,135221.11,7864.32,5799.09,-34.04,-0.82,-1.64,-0.4,0,none,10.0
1789892821.9958935,Firewall,7864.35,0.0,5797.83,0.0,-34.2,143.9,0.38,0.43,135221.7,7864.24,5798.57,-34.1,-0.4,-2.59,-0.3,0,none,10.0
1789892821.998614,Firewall,7863.98,0.0,5799.28,0.0,-34.5,140.1,0.39,0.32,135218.72,7864.23,5798.51,-34.16,-0.08,-0.33,-0.3,0,none,10.0
1789892822.0012927,Firewall,7863.72,0.0,5798.14,0.0,-34.2,143.6,0.26,0.2,135222.98,7864.0,5798.41,-34.2,-1.14,-0.48,-0.2,0,none,10.0
1789892822.0039346,Firewall,7864.14,0.0,5798.94,0.0,-34.5,144.5,0.25,0.46,135222.52,7863.98,5798.63,-34.32,-0.1,1.09,-0.6,0,none,10.0
1789892822.0065818,Firewall,7864.01,0.0,5797.58,0.0,-34.4,145.8,0.21,0.66,135225.47,7864.04,5798.35,-34.36,0.31,-1.37,-0.2,0,none,10.0
1789892822.0094926,Firewall,7863.94,0.0,5797.49,0.0,-34.7,144.1,0.13,0.42,135227.68,7863.96,5798.29,-34.46,-0.41,-0.34,-0.5,0,none,10.0
1789892822.0120165,Firewall,7864.04,0.0,5797.24,0.0,-35.0,147.3,0.14,0.56,135228.89,7863.97,5797.88,-34.56,0.06,-2.04,-0.5,0,none,10.0
1789892822.014771,Firewall,7864.03,0.0,5797.68,0.0,-35.3,148.1,0.06,0.7,135228.91,7864.03,5797.79,-34.78,0.31,-0.46,-1.1,0,none,10.0
1789892822.0174139,Firewall,7900.84,0.0,5881.37,0.0,-35.5,146.3,14.73,0.74,135659.81,7871.37,5814.27,-34.98,36.7,82.43,-1.0,1,traffic_overload,0.0
1789892822.0200772,Firewall,7925.37,0.0,5989.15,0.0,-35.2,146.2,25.27,0.51,135920.95,7883.64,5852.59,-35.14,61.36,191.57,-0.8,1,traffic_overload,0.0
1789892822.0233393,Firewall,7941.07,0.0,6095.46,0.0,-34.8,148.3,31.35,0.61,136387.36,7899.07,5912.18,-35.16,77.13,297.97,-0.1,1,traffic_overload,0.0
1789892822.0259688,Firewall,7973.84,0.0,6262.84,0.0,-34.9,144.5,37.06,0.41,136929.89,7921.03,6005.3,-35.14,109.8,465.6,0.1,1,traffic_overload,0.0
1789892822.0285828,Firewall,7992.77,0.0,6400.68,0.0,-35.3,145.1,33.01,0.53,137232.79,7946.78,6125.9,-35.14,128.74,603.0,0.0,1,traffic_overload,0.0
1789892822.0312674,Firewall,8028.3,0.0,6490.77,0.0,-35.3,145.1,36.7,0.35,137616.06,7972.27,6247.78,-35.1,127.46,609.4,0.2,1,traffic_overload,0.0
1789892822.0338933,Firewall,8038.71,0.0,6569.23,0.0,-35.7,142.5,35.72,0.59,137975.81,7994.94,6363.8,-35.2,113.34,580.08,-0.5,1,traffic_overload,0.0
1789892822.0365338,Firewall,8066.17,0.0,6728.72,0.0,-35.5,140.5,32.93,0.4,138514.6,8019.96,6490.45,-35.34,125.1,633.26,-0.7,1,traffic_overload,0.0
1789892822.0394514,Firewall,8099.54,0.0,6876.75,0.0,-35.5,140.9,35.97,0.3,139033.49,8045.1,6613.23,-35.46,125.7,613.91,-0.6,1,traffic_overload,0.0
1789892822.0421329,Firewall,8126.2,0.0,7054.35,0.0,-35.2,144.2,36.73,0.5,139341.72,8071.78,6743.96,-35.44,133.43,653.67,0.1,1,traffic_overload,0.0
1789892822.0449028,Firewall,8160.55,0.0,7126.08,0.0,-35.3,147.5,42.98,0.38,139682.26,8098.23,6871.03,-35.44,132.25,635.31,0.0,1,traffic_overload,0.0
1789892822.047563,Firewall,8191.14,0.0,7284.88,0.0,-35.2,146.0,44.0,0.32,140029.14,8128.72,7014.16,-35.34,152.43,715.65,0.5,1,traffic_overload,0.0
1789892822.0501883,Firewall,8202.27,0.0,7390.06,0.0,-35.5,143.3,38.66,0.22,140413.07,8155.94,7146.42,-35.34,136.1,661.34,0.0,1,traffic_overload,0.0
1789892822.052835,Firewall,8218.55,0.0,7529.86,0.0,-35.1,141.0,32.8,0.48,140798.17,8179.74,7277.05,-35.26,119.01,653.11,0.4,1,,0.0
1789892822.0553665,Firewall,8234.16,0.0,7579.61,0.0,-34.9,140.5,25.07,0.46,141269.76,8201.33,7382.1,-35.2,107.96,525.26,0.3,1,traffic_overload,0.0
1789892822.0584824,Firewall,8244.13,0.0,7732.18,0.0,-34.5,139.1,19.56,0.49,141742.99,8218.05,7503.32,-35.04,83.58,606.1,0.8,1,traffic_overload,0.0
1789892822.0612104,Firewall,8254.51,0.0,7796.26,0.0,-34.3,141.9,18.52,0.63,142266.58,8230.72,7605.59,-34.86,63.37,511.38,0.9,1,traffic_overload,0.0
1789892822.0644732,Firewall,8272.21,0.0,7886.78,0.0,-34.5,139.2,18.15,0.63,142769.45,8244.71,7704.94,-34.66,69.94,496.72,1.0,1,traffic_overload,0.0
1789892822.0669622,Firewall,8309.27,0.0,8052.7,0.0,-34.1,135.8,26.4,0.62,143087.58,8262.86,7809.51,-34.46,90.72,522.84,1.0,1,traffic_overload,0.0
1789892822.069923,Firewall,8328.0,0.0,8106.66,0.0,-34.1,137.1,32.08,0.56,143475.04,8281.62,7914.92,-34.3,93.84,527.05,0.8,1,traffic_overload,0.0
1789892822.072361,Firewall,8357.02,0.0,8204.22,0.0,-34.0,138.8,37.08,0.34,143788.59,8304.2,8009.32,-34.2,112.89,472.04,0.5,1,traffic_overload,0.0
1789892822.075208,Firewall,8373.22,0.0,8380.67,0.0,-34.2,140.6,35.64,0.55,144117.64,8327.94,8126.21,-34.18,118.71,584.41,0.1,1,traffic_overload,0.0
1789892822.0781162,Firewall,8390.08,0.0,8480.71,0.0,-33.8,143.4,29.42,0.7,144440.4,8351.52,8244.99,-34.04,117.87,593.93,0.7,1,traffic_overload,0.0
1789892822.080526,Firewall,8403.63,0.0,8659.6,0.0,-33.6,143.2,26.37,0.6,144962.85,8370.39,8366.37,-33.94,94.36,606.9,0.5,1,traffic_overload,0.0
1789892822.0833225,Firewall,8425.44,0.0,8821.09,0.0,-33.6,144.8,23.71,0.41,145476.32,8389.88,8509.26,-33.84,97.44,714.43,0.5,1,traffic_overload,0.0
1789892822.085984,Firewall,8461.43,0.0,8864.94,0.0,-33.6,141.5,30.56,0.47,145923.02,8410.76,8641.4,-33.76,104.41,660.72,0.4,1,traffic_overload,0.0
1789892822.0886521,Firewall,8472.63,0.0,9012.53,0.0,-33.5,144.5,31.98,0.63,146182.54,8430.64,8767.77,-33.62,99.41,631.86,0.7,1,traffic_overload,0.0
1789892822.0914967,Firewall,8500.41,0.0,9138.65,0.0,-33.6,146.0,34.35,0.67,146528.61,8452.71,8899.36,-33.58,110.33,657.94,0.2,1,traffic_overload,0.0
1789892822.0941248,Firewall,8511.39,0.0,9262.45,0.0,-34.0,148.6,30.38,0.43,146852.2,8474.26,9019.93,-33.66,107.76,602.85,-0.4,1,,0.0
1789892822.0967593,Firewall,8511.4,0.0,9263.15,0.0,-34.4,148.7,20.65,0.56,146853.44,8491.45,9108.34,-33.82,85.96,442.06,-0.8,0,none,10.0
1789892822.0993729,Firewall,8511.23,0.0,9263.09,0.0,-34.3,152.7,15.0,0.58,146851.37,8501.41,9187.97,-33.96,49.8,398.15,-0.7,0,none,10.0
1789892822.1019995,Firewall,8511.65,0.0,9262.52,0.0,-34.3,154.8,4.41,0.51,146850.96,8509.22,9237.97,-34.12,39.02,249.99,-0.8,0,none,10.0
1789892822.10469,Firewall,8511.65,0.0,9261.42,0.0,-34.3,154.2,0.16,0.42,146850.37,8511.46,9262.53,-34.26,11.24,122.77,-0.7,0,none,10.0
1789892822.1072779,Firewall,8511.62,0.0,9262.28,0.0,-34.5,156.8,0.17,0.52,146853.62,8511.51,9262.49,-34.36,0.23,-0.17,-0.5,0,none,10.0
1789892822.1099775,Firewall,8511.56,0.0,9261.15,0.0,-34.1,157.8,0.16,0.34,146854.88,8511.54,9262.09,-34.3,0.16,-2.0,0.3,0,none,10.0
1789892822.1125913,Firewall,8511.64,0.0,9262.13,0.0,-33.9,156.9,0.03,0.39,146856.96,8511.62,9261.9,-34.22,0.41,-0.96,0.4,0,none,10.0
1789892822.115387,Firewall,8512.28,0.0,9263.15,0.0,-34.0,157.8,0.27,0.3,146860.15,8511.75,9262.03,-34.16,0.63,0.63,0.3,0,none,10.0
1789892822.1187932,Firewall,8512.68,0.0,9263.88,0.0,-33.9,159.0,0.44,0.24,146865.35,8511.96,9262.52,-34.08,1.03,2.46,0.4,0,none,10.0
1789892822.1211689,Firewall,8512.34,0.0,9263.16,0.0,-34.3,159.4,0.43,0.38,146871.06,8512.1,9262.69,-34.04,0.72,0.88,0.2,0,none,10.0
1789892822.1238313,Firewall,8512.66,0.0,9262.33,0.0,-34.6,159.4,0.37,0.53,146876.04,8512.32,9262.93,-34.14,1.1,1.18,-0.5,0,none,10.0
1789892822.1267738,Firewall,8512.81,0.0,9263.6,0.0,-34.8,162.3,0.21,0.63,146875.4,8512.55,9263.22,-34.32,1.17,1.47,-0.9,0,none,10.0
1789892822.1294332,Firewall,8512.21,0.0,9264.37,0.0,-35.1,162.7,0.23,0.68,146879.36,8512.54,9263.47,-34.54,-0.07,1.22,-1.1,0,none,10.0
1789892822.1320448,Firewall,8512.29,0.0,9265.46,0.0,-34.9,161.2,0.23,0.76,146876.41,8512.46,9263.78,-34.74,-0.39,1.58,-1.0,0,none,10.0
1789892822.1347933,Firewall,8511.62,0.0,9266.53,0.0,-34.8,157.6,0.41,0.49,146881.42,8512.32,9264.46,-34.84,-0.72,3.37,-0.5,0,none,10.0
1789892822.137662,Firewall,8511.57,0.0,9266.54,0.0,-34.6,159.1,0.46,0.37,146876.65,8512.1,9265.3,-34.84,-1.09,4.21,0.0,0,none,10.0
1789892822.1402905,Firewall,8511.54,0.0,9266.68,0.0,-34.9,159.7,0.33,0.4,146881.06,8511.85,9265.92,-34.86,-1.27,3.08,-0.1,0,none,10.0
1789892822.1430137,Firewall,8511.39,0.0,9267.2,0.0,-34.8,160.0,0.31,0.58,146886.15,8511.68,9266.48,-34.8,-0.82,2.83,0.3,0,none,10.0
1789892822.1454418,Firewall,8511.54,0.0,9266.27,0.0,-34.7,156.0,0.08,0.58,146888.09,8511.53,9266.64,-34.76,-0.75,0.81,0.2,0,none,10.0
1789892822.1480863,Firewall,8510.91,0.0,9265.47,0.0,-34.7,157.3,0.25,0.38,146884.1,8511.39,9266.43,-34.74,-0.71,-1.06,0.1,0,none,10.0
1789892822.1507525,Firewall,8510.45,0.0,9266.7,0.0,-34.8,157.2,0.43,0.37,146886.76,8511.17,9266.46,-34.78,-1.12,0.16,-0.2,0,none,10.0
1789892822.153643,Firewall,8509.87,0.0,9265.89,0.0,-35.1,156.8,0.61,0.53,146886.57,8510.83,9266.31,-34.82,-1.67,-0.79,-0.2,0,none,10.0
1789892822.1562715,Firewall,8510.03,0.0,9265.75,0.0,-35.2,158.0,0.61,0.69,146887.52,8510.56,9266.02,-34.9,-1.36,-1.45,-0.4,0,none,10.0
1789892822.1594114,Firewall,8510.69,0.0,9265.08,0.0,-34.9,155.9,0.39,0.63,146891.27,8510.39,9265.78,-34.94,-0.85,-1.19,-0.2,0,none,10.0
1789892822.1621468,Firewall,8510.45,0.0,9265.16,0.0,-35.2,156.9,0.3,0.57,146889.38,8510.3,9265.72,-35.04,-0.46,-0.31,-0.5,0,none,10.0
1789892822.1649907,Firewall,8510.34,0.0,9264.62,0.0,-35.2,159.4,0.29,0.53,146884.54,8510.28,9265.3,-35.12,-0.11,-2.08,-0.4,0,none,10.0
1789892822.167639,Firewall,8509.57,0.0,9265.12,0.0,-35.1,158.8,0.39,0.61,146886.57,8510.22,9265.15,-35.12,-0.3,-0.77,0.0,0,none,10.0
1789892822.170256,Firewall,8509.25,0.0,9266.12,0.0,-35.3,157.1,0.55,0.45,146885.56,8510.06,9265.22,-35.14,-0.78,0.37,-0.1,0,none,10.0
1789892822.1728907,Firewall,8509.08,0.0,9266.38,0.0,-35.3,160.8,0.56,0.58,146881.17,8509.74,9265.48,-35.22,-1.61,1.3,-0.4,0,none,10.0
1789892822.1753376,Firewall,8508.36,0.0,9266.64,0.0,-35.2,157.1,0.64,0.43,146875.96,8509.32,9265.78,-35.22,-2.09,1.48,0.0,0,none,10.0
1789892822.1786468,Firewall,8508.52,0.0,9265.6,0.0,-35.3,160.8,0.45,0.44,146873.39,8508.96,9265.97,-35.24,-1.82,0.98,-0.1,0,none,10.0
1789892822.1815953,Firewall,8508.49,0.0,9264.26,0.0,-35.4,162.3,0.35,0.64,146878.13,8508.74,9265.8,-35.3,-1.08,-0.86,-0.3,0,none,10.0
1789892822.1842294,Firewall,8508.15,0.0,9264.19,0.0,-35.4,161.3,0.31,0.72,146880.85,8508.52,9265.41,-35.32,-1.1,-1.93,-0.1,0,none,10.0
1789892822.1868374,Firewall,8507.56,0.0,9264.89,0.0,-35.2,157.8,0.35,0.52,146875.61,8508.22,9265.12,-35.3,-1.52,-1.49,0.1,0,none,10.0
1789892822.1894526,Firewall,8507.41,0.0,9263.4,0.0,-34.8,159.2,0.46,0.43,146881.22,8508.03,9264.47,-35.22,-0.95,-3.24,0.4,0,none,10.0
1789892822.1921036,Firewall,8507.48,0.0,9262.39,0.0,-34.8,156.0,0.43,0.64,146877.99,8507.82,9263.83,-35.12,-1.04,-3.21,0.5,0,none,10.0
1789892822.1948018,Firewall,8507.44,0.0,9263.32,0.0,-34.7,157.5,0.28,0.79,146876.88,8507.61,9263.64,-34.98,-1.05,-0.94,0.7,0,none,10.0
1789892822.1974843,Firewall,8507.45,0.0,9262.19,0.0,-34.6,155.7,0.05,0.54,146877.95,8507.47,9263.24,-34.82,-0.7,-2.0,0.8,0,none,10.0
1789892822.2003222,Firewall,8507.45,0.0,9260.91,0.0,-34.2,153.5,0.02,0.39,146881.68,8507.45,9262.44,-34.62,-0.11,-3.98,1.0,0,none,10.0
1789892822.2032647,Firewall,8506.96,0.0,9261.97,0.0,-34.1,154.8,0.2,0.58,146881.16,8507.36,9262.16,-34.48,-0.45,-1.43,0.7,0,none,10.0
1789892822.206305,Firewall,8507.14,0.0,9261.42,0.0,-34.0,151.2,0.2,0.49,146877.12,8507.29,9261.96,-34.32,-0.34,-0.97,0.8,0,none,10.0
1789892822.208954,Firewall,8506.62,0.0,9261.95,0.0,-33.9,154.1,0.32,0.56,146882.54,8507.12,9261.69,-34.16,-0.82,-1.37,0.8,0,none,10.0
1789892822.2118225,Firewall,8507.15,0.0,9263.29,0.0,-34.1,155.2,0.27,0.69,146888.35,8507.06,9261.91,-34.06,-0.3,1.1,0.5,0,none,10.0
1789892822.2145474,Firewall,8506.55,0.0,9261.8,0.0,-34.2,159.0,0.26,0.61,146888.44,8506.88,9262.09,-34.06,-0.9,0.89,0.0,0,none,10.0
1789892822.2173977,Firewall,8506.28,0.0,9261.74,0.0,-34.1,157.1,0.34,0.51,146891.61,8506.75,9262.04,-34.06,-0.68,-0.23,0.0,0,none,10.0
1789892822.2203672,Firewall,8505.78,0.0,9262.4,0.0,-34.5,159.7,0.45,0.54,146890.75,8506.48,9262.24,-34.16,-1.36,0.98,-0.5,0,none,10.0
1789892822.2235718,Firewall,8505.36,0.0,9263.03,0.0,-34.7,156.4,0.62,0.58,146888.95,8506.22,9262.45,-34.32,-1.26,1.08,-0.8,0,none,10.0
1789892822.22661,Firewall,8505.84,0.0,9262.16,0.0,-34.5,153.0,0.41,0.75,146885.19,8505.96,9262.23,-34.4,-1.31,-1.13,-0.4,0,none,10.0
1789892822.2292664,Firewall,8505.27,0.0,9262.9,0.0,-34.1,153.7,0.36,0.49,146889.99,8505.71,9262.45,-34.38,-1.28,1.1,0.1,0,none,10.0
1789892822.2319183,Firewall,8505.29,0.0,9263.37,0.0,-33.7,152.7,0.25,0.44,146886.71,8505.51,9262.77,-34.3,-0.99,1.63,0.4,0,none,10.0
1789892822.234498,Firewall,8505.04,0.0,9261.99,0.0,-33.8,155.0,0.26,0.44,146887.3,8505.36,9262.69,-34.16,-0.74,-0.41,0.7,0,none,10.0
1789892822.2372093,Firewall,8505.17,0.0,9262.64,0.0,-33.5,155.2,0.27,0.46,146892.12,8505.32,9262.61,-33.92,-0.19,-0.39,1.2,0,none,10.0
1789892822.23985,Firewall,8504.89,0.0,9262.1,0.0,-33.5,157.3,0.15,0.62,146896.78,8505.13,9262.6,-33.72,-0.95,-0.06,1.0,0,none,10.0
1789892822.2425919,Firewall,8505.29,0.0,9261.07,0.0,-33.1,155.8,0.15,0.44,146900.86,8505.14,9262.23,-33.52,0.02,-1.83,1.0,0,none,10.0
1789892822.2452137,Firewall,8506.04,0.0,9260.7,0.0,-33.0,152.6,0.4,0.5,146896.32,8505.29,9261.7,-33.38,0.75,-2.67,0.7,0,none,10.0
1789892822.2478204,Firewall,8505.9,0.0,9260.83,0.0,-32.7,150.5,0.44,0.31,146899.8,8505.46,9261.47,-33.16,0.86,-1.16,1.1,0,none,10.0
1789892822.250697,Firewall,8505.52,0.0,9259.38,0.0,-33.0,148.3,0.42,0.56,146899.5,8505.53,9260.82,-33.06,0.35,-3.26,0.5,0,none,10.0
1789892822.253446,Firewall,8505.82,0.0,9259.43,0.0,-33.0,145.3,0.27,0.57,146905.28,8505.71,9260.28,-32.96,0.93,-2.67,0.5,0,none,10.0
1789892822.2560563,Firewall,8505.32,0.0,9260.62,0.0,-32.9,146.3,0.26,0.7,146907.4,8505.72,9260.19,-32.92,0.03,-0.45,0.2,0,none,10.0
1789892822.258699,Firewall,8505.34,0.0,9259.61,0.0,-32.5,147.6,0.24,0.57,146906.39,8505.58,9259.97,-32.82,-0.7,-1.09,0.5,0,none,10.0
1789892822.2617126,Firewall,8505.57,0.0,9258.88,0.0,-32.2,148.6,0.18,0.53,146904.74,8505.51,9259.58,-32.72,-0.33,-1.95,0.5,0,none,10.0
1789892822.2644215,Firewall,8505.25,0.0,9258.28,0.0,-32.3,148.1,0.21,0.38,146900.04,8505.46,9259.36,-32.58,-0.27,-1.1,0.7,0,none,10.0
1789892822.2670481,Firewall,8505.39,0.0,9259.24,0.0,-32.7,146.9,0.11,0.46,146897.58,8505.37,9259.33,-32.52,-0.43,-0.19,0.3,0,none,10.0
1789892822.2696545,Firewall,8504.66,0.0,9258.75,0.0,-32.7,143.1,0.31,0.62,146900.91,8505.24,9258.95,-32.48,-0.66,-1.87,0.2,0,none,10.0
1789892822.272426,Firewall,8504.42,0.0,9258.85,0.0,-32.8,145.0,0.44,0.53,146901.39,8505.06,9258.8,-32.54,-0.92,-0.76,-0.3,0,none,10.0
1789892822.2750204,Firewall,8504.69,0.0,9258.64,0.0,-32.9,145.4,0.37,0.35,146904.0,8504.88,9258.75,-32.68,-0.88,-0.24,-0.7,0,none,10.0
1789892822.2776675,Firewall,8504.8,0.0,9257.49,0.0,-32.9,141.8,0.32,0.53,146905.02,8504.79,9258.59,-32.8,-0.45,-0.79,-0.6,0,none,10.0
1789892822.280049,Firewall,8505.29,0.0,9258.6,0.0,-32.8,139.4,0.28,0.47,146904.84,8504.77,9258.47,-32.82,-0.1,-0.64,-0.1,0,none,10.0
1789892822.282763,Firewall,8505.62,0.0,9259.47,0.0,-32.4,135.7,0.43,0.44,146901.19,8504.96,9258.61,-32.76,0.96,0.72,0.3,0,none,10.0
1789892822.2853792,Firewall,8505.12,0.0,9258.29,0.0,-32.5,134.7,0.33,0.51,146904.42,8505.1,9258.5,-32.7,0.7,-0.56,0.3,0,none,10.0
1789892822.2879684,Firewall,8505.43,0.0,9257.64,0.0,-32.7,136.8,0.28,0.5,146906.68,8505.25,9258.3,-32.66,0.74,-1.0,0.2,0,none,10.0
1789892822.2908208,Firewall,8505.61,0.0,9256.88,0.0,-33.1,140.6,0.19,0.54,146907.18,8505.41,9258.18,-32.7,0.81,-0.61,-0.2,0,none,10.0
1789892822.2934794,Firewall,8505.95,0.0,9258.12,0.0,-33.0,144.5,0.27,0.34,146905.08,8505.55,9258.08,-32.74,0.66,-0.48,-0.2,0,none,10.0
1789892822.2961333,Firewall,8505.47,0.0,9258.33,0.0,-32.8,146.7,0.27,0.38,146910.92,8505.52,9257.85,-32.82,-0.15,-1.14,-0.4,0,none,10.0
1789892822.2988272,Firewall,8505.9,0.0,9259.02,0.0,-32.8,144.1,0.22,0.24,146911.59,8505.67,9258.0,-32.88,0.78,0.73,-0.3,0,none,10.0
1789892822.3015037,Firewall,8505.15,0.0,9259.35,0.0,-32.8,147.2,0.29,0.32,146915.71,8505.62,9258.34,-32.9,-0.28,1.71,-0.1,0,none,10.0
1789892822.304199,Firewall,8505.12,0.0,9259.34,0.0,-32.9,145.0,0.36,0.54,146914.65,8505.52,9258.83,-32.86,-0.49,2.46,0.2,0,none,10.0
1789892822.3067174,Firewall,8505.55,0.0,9258.43,0.0,-33.1,145.1,0.29,0.54,146909.44,8505.44,9258.89,-32.88,-0.4,0.31,-0.1,0,none,10.0
1789892822.309498,Firewall,8505.14,0.0,9259.7,0.0,-32.8,142.8,0.31,0.43,146911.79,8505.37,9259.17,-32.88,-0.33,1.37,0.0,0,none,10.0
1789892822.312031,Firewall,8505.76,0.0,9259.52,0.0,-32.7,146.0,0.26,0.61,146910.1,8505.34,9259.27,-32.86,-0.14,0.5,0.1,0,none,10.0
1789892822.31478,Firewall,8506.3,0.0,9260.83,0.0,-32.8,147.4,0.44,0.72,146915.3,8505.57,9259.56,-32.86,1.15,1.48,0.0,0,none,10.0
1789892822.3175204,Firewall,8506.55,0.0,9260.12,0.0,-33.1,150.8,0.51,0.58,146914.02,8505.86,9259.72,-32.9,1.43,0.78,-0.2,0,none,10.0
1789892822.3199055,Firewall,8506.42,0.0,9261.4,0.0,-33.0,153.0,0.52,0.49,146909.08,8506.03,9260.31,-32.88,0.87,2.97,0.1,0,none,10.0
1789892822.3223755,Firewall,8505.66,0.0,9262.9,0.0,-32.9,155.0,0.36,0.62,146912.52,8506.14,9260.95,-32.9,0.52,3.2,-0.1,0,none,10.0
1789892822.3250854,Firewall,8504.91,0.0,9264.06,0.0,-32.9,151.8,0.61,0.7,146907.11,8505.97,9261.86,-32.94,-0.85,4.54,-0.2,0,none,10.0
1789892822.3277032,Firewall,8504.29,0.0,9263.67,0.0,-32.6,150.2,0.87,0.67,146905.91,8505.57,9262.43,-32.9,-2.01,2.84,0.2,0,none,10.0
1789892822.330288,Firewall,8505.05,0.0,9263.78,0.0,-32.9,153.7,0.72,0.62,146901.09,8505.27,9263.16,-32.86,-1.5,3.66,0.2,0,none,10.0
1789892822.3333669,Firewall,8504.33,0.0,9262.52,0.0,-33.2,154.9,0.5,0.4,146900.97,8504.85,9263.39,-32.9,-2.09,1.12,-0.2,0,none,10.0
1789892822.3359916,Firewall,8505.08,0.0,9262.91,0.0,-33.4,158.1,0.35,0.47,146905.48,8504.73,9263.39,-33.0,-0.58,0.01,-0.5,0,none,10.0
1789892822.3386178,Firewall,8535.89,0.0,9439.02,0.0,-33.8,158.5,12.49,0.34,147315.03,8510.93,9298.38,-33.18,30.98,174.96,-0.9,1,traffic_overload,0.0
1789892822.3412924,Firewall,8574.51,0.0,9500.23,0.0,-34.0,161.0,27.54,0.26,147712.41,8524.97,9345.69,-33.46,70.22,236.56,-1.4,1,traffic_overload,0.0
1789892822.3437743,Firewall,8614.2,0.0,9630.98,0.0,-34.3,164.8,42.36,0.48,148135.49,8546.8,9419.13,-33.74,109.15,367.2,-1.4,1,traffic_overload,0.0
1789892822.3463874,Firewall,8651.9,0.0,9807.33,0.0,-34.4,164.4,52.65,0.39,148671.73,8576.32,9528.09,-33.98,147.57,544.81,-1.2,1,traffic_overload,0.0
1789892822.349004,Firewall,8666.29,0.0,9951.53,0.0,-34.3,166.6,48.34,0.54,149201.03,8608.56,9665.82,-34.16,161.21,688.62,-0.9,1,traffic_overload,0.0
1789892822.3517144,Firewall,8686.39,0.0,9999.0,0.0,-34.4,163.1,39.83,0.7,149717.97,8638.66,9777.81,-34.28,150.5,559.98,-0.6,1,traffic_overload,0.0
1789892822.3542323,Firewall,8726.01,0.0,9999.0,0.0,-34.6,160.4,37.03,0.51,150143.25,8668.96,9877.57,-34.4,151.5,498.77,-0.6,1,traffic_overload,0.0
1789892822.356946,Firewall,8749.42,0.0,9999.0,0.0,-34.3,161.4,36.53,0.37,150656.72,8696.0,9951.17,-34.4,135.22,368.02,0.0,1,traffic_overload,0.0
1789892822.3595688,Firewall,8769.38,0.0,9999.0,0.0,-34.7,160.2,38.35,0.59,151076.41,8719.5,9989.51,-34.46,117.48,191.67,-0.3,1,traffic_overload,0.0
1789892822.3620265,Firewall,8808.26,0.0,9999.0,0.0,-34.4,163.1,40.92,0.7,151631.08,8747.89,9999.0,-34.48,141.97,47.47,-0.1,1,traffic_overload,0.0
1789892822.364657,Firewall,8840.53,0.0,9999.0,0.0,-34.1,162.4,41.03,0.67,152180.12,8778.72,9999.0,-34.42,154.14,0.0,0.3,1,,0.0
1789892822.3673973,Firewall,8840.76,0.0,9999.0,0.0,-34.0,161.7,37.02,0.74,152181.57,8801.67,9999.0,-34.3,114.75,0.0,0.6,1,none,1.67
1789892822.3700457,Firewall,8841.05,0.0,9999.0,0.0,-33.8,161.0,28.27,0.58,152186.74,8820.0,9999.0,-34.2,91.63,0.0,0.5,1,none,1.5
1789892822.3723118,Firewall,8840.47,0.0,9999.0,0.0,-33.7,157.3,12.98,0.7,152186.62,8834.21,9999.0,-34.0,71.09,0.0,1.0,1,none,1.33
1789892822.374806,Firewall,8839.98,0.0,9998.47,0.0,-34.1,157.8,0.35,0.75,152181.49,8840.56,9998.89,-33.94,31.72,-0.53,0.3,1,none,1.17
1789892822.377476,Firewall,8839.43,0.0,9997.72,0.0,-34.3,155.5,0.58,0.65,152183.25,8840.34,9998.64,-33.98,-1.1,-1.28,-0.2,1,none,1.0
1789892822.3801482,Firewall,8839.03,0.0,9998.68,0.0,-34.4,154.2,0.72,0.69,152177.79,8839.99,9998.57,-34.06,-1.73,-0.32,-0.4,1,none,0.83
1789892822.382895,Firewall,8838.87,0.0,9999.0,0.0,-34.7,150.5,0.6,0.54,152178.53,8839.56,9998.57,-34.24,-2.18,0.0,-0.9,1,none,0.67
1789892822.385864,Firewall,8839.18,0.0,9998.81,0.0,-34.9,149.4,0.39,0.6,152172.95,8839.3,9998.54,-34.48,-1.29,-0.19,-1.2,1,none,0.5
1789892822.3885374,Firewall,8838.73,0.0,9998.78,0.0,-35.0,148.6,0.24,0.75,152169.44,8839.05,9998.6,-34.66,-1.25,0.31,-0.9,1,none,0.33
1789892822.3914216,Firewall,8838.99,0.0,9999.0,0.0,-35.4,150.3,0.15,0.62,152168.52,8838.96,9998.85,-34.88,-0.44,1.28,-1.1,1,none,0.2
1789892822.3941226,Firewall,8839.06,0.0,9997.85,0.0,-35.6,149.6,0.16,0.61,152169.57,8838.97,9998.69,-35.12,0.03,-0.83,-1.2,1,none,0.2
1789892822.397025,Firewall,8839.7,0.0,9997.86,0.0,-35.3,147.5,0.32,0.7,152173.84,8839.13,9998.46,-35.24,0.83,-1.14,-0.6,0,none,10.0
1789892822.399689,Firewall,8839.22,0.0,9997.85,0.0,-35.5,146.5,0.32,0.65,152178.66,8839.14,9998.27,-35.36,0.04,-0.96,-0.6,0,none,10.0
1789892822.4021564,Firewall,8839.08,0.0,9996.71,0.0,-35.8,149.2,0.26,0.65,152183.95,8839.21,9997.85,-35.52,0.35,-2.07,-0.8,0,none,10.0
1789892822.4047713,Firewall,8839.53,0.0,9998.05,0.0,-36.1,146.0,0.26,0.71,152185.29,8839.32,9997.66,-35.66,0.54,-0.95,-0.7,0,none,10.0
1789892822.4074621,Firewall,8838.94,0.0,9997.68,0.0,-36.4,145.0,0.28,0.72,152182.44,8839.29,9997.63,-35.82,-0.12,-0.17,-0.8,0,none,10.0
1789892822.4101028,Firewall,8839.43,0.0,9998.75,0.0,-36.2,141.6,0.22,0.63,152183.93,8839.24,9997.81,-36.0,-0.27,0.89,-0.9,0,none,10.0
1789892822.4125116,Firewall,8838.8,0.0,9997.8,0.0,-35.9,145.4,0.28,0.76,152181.91,8839.16,9997.8,-36.08,-0.42,-0.05,-0.4,0,none,10.0
1789892822.4151123,Firewall,8839.0,0.0,9998.47,0.0,-36.0,143.3,0.29,0.53,152176.84,8839.14,9998.15,-36.12,-0.08,1.76,-0.2,0,none,10.0
1789892822.417898,Firewall,8838.71,0.0,9998.23,0.0,-35.6,145.8,0.25,0.41,152176.09,8838.98,9998.19,-36.02,-0.82,0.18,0.5,0,none,10.0
1789892822.4205072,Firewall,8838.44,0.0,9998.58,0.0,-35.9,149.0,0.33,0.63,152178.66,8838.88,9998.37,-35.92,-0.5,0.9,0.5,0,none,10.0
1789892822.4231298,Firewall,8838.23,0.0,9997.14,0.0,-36.2,148.4,0.27,0.74,152183.52,8838.64,9998.04,-35.92,-1.2,-1.61,0.0,0,none,10.0
1789892822.4257715,Firewall,8838.55,0.0,9998.4,0.0,-36.1,146.7,0.26,0.59,152187.04,8838.59,9998.16,-35.96,-0.25,0.6,-0.2,0,none,10.0
1789892822.4285219,Firewall,8839.31,0.0,9998.31,0.0,-35.8,145.6,0.37,0.49,152182.23,8838.65,9998.13,-35.92,0.31,-0.16,0.2,0,none,10.0
1789892822.4311447,Firewall,8838.53,0.0,9997.94,0.0,-35.6,146.9,0.37,0.66,152176.62,8838.61,9998.07,-35.92,-0.18,-0.29,0.0,0,none,10.0
1789892822.4338381,Firewall,8839.02,0.0,9996.97,0.0,-35.8,150.2,0.39,0.57,152179.58,8838.73,9997.75,-35.9,0.58,-1.61,0.1,0,none,10.0
1789892822.4365404,Firewall,8838.47,0.0,9997.28,0.0,-35.9,151.8,0.33,0.72,152180.45,8838.78,9997.78,-35.84,0.24,0.14,0.3,0,none,10.0
1789892822.4391685,Firewall,8838.14,0.0,9997.91,0.0,-36.0,153.8,0.42,0.67,152177.9,8838.69,9997.68,-35.82,-0.41,-0.49,0.1,0,none,10.0
1789892822.4417715,Firewall,8838.23,0.0,9999.0,0.0,-35.8,153.3,0.31,0.64,152177.12,8838.48,9997.82,-35.82,-1.08,0.69,0.0,0,none,10.0
1789892822.444189,Firewall,8838.34,0.0,9998.65,0.0,-35.8,150.2,0.31,0.41,152177.23,8838.44,9997.96,-35.86,-0.19,0.71,-0.2,0,none,10.0
1789892822.4467647,Firewall,8839.02,0.0,9999.0,0.0,-35.6,150.6,0.31,0.58,152171.61,8838.44,9998.37,-35.82,0.0,2.03,0.2,0,none,10.0
1789892822.4499078,Firewall,8838.55,0.0,9999.0,0.0,-35.5,146.7,0.31,0.44,152169.07,8838.46,9998.71,-35.74,0.08,1.72,0.4,0,none,10.0
1789892822.4525638,Firewall,8838.87,0.0,9997.67,0.0,-35.6,143.0,0.3,0.61,152172.81,8838.6,9998.66,-35.66,0.73,-0.24,0.4,0,none,10.0
1789892822.4551747,Firewall,8839.43,0.0,9997.27,0.0,-35.7,145.2,0.38,0.73,152169.37,8838.84,9998.32,-35.64,1.2,-1.73,0.1,0,none,10.0
1789892822.457956,Firewall,8838.82,0.0,9998.07,0.0,-35.8,148.2,0.29,0.8,152173.98,8838.94,9998.2,-35.64,0.48,-0.58,0.0,0,none,10.0
1789892822.460568,Firewall,8838.23,0.0,9996.82,0.0,-35.5,146.5,0.39,0.86,152177.8,8838.78,9997.77,-35.62,-0.79,-2.18,0.1,0,none,10.0
1789892822.4633377,Firewall,8838.68,0.0,9997.92,0.0,-35.3,143.6,0.38,0.67,152177.59,8838.81,9997.55,-35.58,0.13,-1.08,0.2,0,none,10.0
1789892822.4659436,Firewall,8838.09,0.0,9997.87,0.0,-35.7,142.2,0.47,0.5,152176.16,8838.65,9997.59,-35.6,-0.78,0.2,-0.1,0,none,10.0
1789892822.4685907,Firewall,8838.23,0.0,9998.57,0.0,-35.7,143.1,0.29,0.33,152182.15,8838.41,9997.85,-35.6,-1.2,1.3,0.0,0,none,10.0
1789892822.4712203,Firewall,8837.76,0.0,9998.66,0.0,-35.9,139.4,0.3,0.48,152187.72,8838.2,9997.97,-35.62,-1.06,0.59,-0.1,0,none,10.0
1789892822.4740787,Firewall,8837.46,0.0,9997.73,0.0,-35.9,136.9,0.42,0.6,152184.92,8838.04,9998.15,-35.7,-0.77,0.91,-0.4,0,none,10.0
1789892822.4765482,Firewall,8838.08,0.0,9996.97,0.0,-36.1,138.4,0.28,0.75,152190.25,8837.92,9997.96,-35.86,-0.6,-0.95,-0.8,0,none,10.0
1789892822.4793255,Firewall,8837.38,0.0,9997.62,0.0,-36.4,135.9,0.33,0.75,152190.63,8837.78,9997.91,-36.0,-0.71,-0.25,-0.7,0,none,10.0
1789892822.4818573,Firewall,8837.43,0.0,9998.36,0.0,-36.7,138.8,0.27,0.55,152193.26,8837.62,9997.87,-36.2,-0.8,-0.21,-1.0,0,none,10.0
1789892822.4847994,Firewall,8836.85,0.0,9999.0,0.0,-36.4,139.7,0.39,0.45,152198.28,8837.44,9997.94,-36.3,-0.91,0.34,-0.5,0,none,10.0
1789892822.4874747,Firewall,8837.09,0.0,9998.48,0.0,-36.6,137.1,0.41,0.6,152194.34,8837.37,9998.09,-36.44,-0.37,0.75,-0.7,0,none,10.0
1789892822.4898982,Firewall,8837.15,0.0,9997.32,0.0,-36.4,133.5,0.21,0.36,152195.46,8837.18,9998.16,-36.5,-0.93,0.35,-0.3,0,none,10.0
1789892822.4922974,Firewall,8836.75,0.0,9997.05,0.0,-36.4,130.0,0.24,0.39,152190.71,8837.05,9998.04,-36.5,-0.63,-0.57,0.0,0,none,10.0
1789892822.4945567,Firewall,8835.97,0.0,9995.92,0.0,-36.2,128.6,0.42,0.25,152186.04,8836.76,9997.55,-36.4,-1.46,-2.44,0.5,0,none,10.0
1789892822.49685,Firewall,8835.49,0.0,9996.67,0.0,-36.3,126.5,0.65,0.2,152184.64,8836.49,9997.09,-36.38,-1.36,-2.33,0.1,0,none,10.0
1789892822.4991484,Firewall,8835.71,0.0,9998.12,0.0,-36.1,126.5,0.63,0.12,152184.5,8836.21,9997.02,-36.28,-1.38,-0.36,0.5,0,none,10.0
1789892822.5014691,Firewall,8835.57,0.0,9997.33,0.0,-36.2,125.9,0.46,0.4,152184.05,8835.9,9997.02,-36.24,-1.58,0.01,0.2,0,none,10.0
1789892822.5041115,Firewall,8836.1,0.0,9996.97,0.0,-36.4,124.6,0.23,0.36,152185.98,8835.77,9997.0,-36.24,-0.65,-0.08,0.0,0,none,10.0
1789892822.5067463,Firewall,8836.28,0.0,9996.7,0.0,-36.8,123.6,0.31,0.61,152191.28,8835.83,9997.16,-36.36,0.31,0.78,-0.6,0,none,10.0
1789892822.5096784,Firewall,8836.43,0.0,9997.98,0.0,-36.6,127.0,0.33,0.61,152192.58,8836.02,9997.42,-36.42,0.94,1.31,-0.3,0,none,10.0
1789892822.5123777,Firewall,8835.73,0.0,9998.27,0.0,-36.2,128.3,0.33,0.61,152193.33,8836.02,9997.45,-36.44,0.02,0.15,-0.1,0,none,10.0
1789892822.515125,Firewall,8835.13,0.0,9997.91,0.0,-36.4,128.7,0.46,0.73,152196.39,8835.93,9997.57,-36.48,-0.44,0.58,-0.2,0,none,10.0
1789892822.5178795,Firewall,8834.62,0.0,9999.0,0.0,-36.5,129.5,0.68,0.5,152193.95,8835.64,9997.97,-36.5,-1.48,2.03,-0.1,0,none,10.0
1789892822.5207243,Firewall,8834.03,0.0,9997.8,0.0,-36.6,130.1,0.84,0.56,152199.54,8835.19,9998.19,-36.46,-2.25,1.1,0.2,0,none,10.0
1789892822.5231586,Firewall,8834.15,0.0,9999.0,0.0,-36.9,129.2,0.63,0.42,152194.31,8834.73,9998.4,-36.52,-2.28,1.02,-0.3,0,none,10.0
1789892822.5258398,Firewall,8834.35,0.0,9999.0,0.0,-36.5,127.3,0.39,0.56,152188.84,8834.46,9998.54,-36.58,-1.38,0.73,-0.3,0,none,10.0
1789892822.5284843,Firewall,8834.39,0.0,9997.63,0.0,-36.8,123.7,0.21,0.4,152193.69,8834.31,9998.49,-36.66,-0.74,-0.28,-0.4,0,none,10.0
1789892822.531147,Firewall,8833.78,0.0,9999.0,0.0,-36.9,124.7,0.22,0.52,152195.56,8834.14,9998.49,-36.74,-0.84,0.0,-0.4,0,none,10.0
1789892822.5334246,Firewall,8834.42,0.0,9999.0,0.0,-37.2,122.7,0.24,0.44,152195.35,8834.22,9998.73,-36.86,0.39,1.2,-0.6,0,none,10.0
1789892822.5360308,Firewall,8834.56,0.0,9999.0,0.0,-37.5,119.5,0.27,0.49,152195.85,8834.3,9998.73,-36.98,0.41,0.0,-0.6,0,none,10.0
1789892822.538676,Firewall,8834.46,0.0,9999.0,0.0,-37.2,116.0,0.28,0.63,152191.75,8834.32,9998.73,-37.12,0.11,0.0,-0.7,0,none,10.0
1789892822.5408113,Firewall,8834.27,0.0,9999.0,0.0,-37.4,116.2,0.28,0.46,152194.66,8834.3,9999.0,-37.24,-0.12,1.37,-0.6,0,none,10.0
1789892822.5435603,Firewall,8834.56,0.0,9999.0,0.0,-37.8,117.7,0.11,0.33,152195.28,8834.45,9999.0,-37.42,0.78,0.0,-0.9,0,none,10.0
1789892822.5460982,Firewall,8835.02,0.0,9997.55,0.0,-38.1,115.6,0.25,0.32,152198.8,8834.57,9998.71,-37.6,0.6,-1.45,-0.9,0,none,10.0
1789892822.5487623,Firewall,8835.24,0.0,9997.49,0.0,-38.1,119.3,0.36,0.56,152199.09,8834.71,9998.41,-37.72,0.68,-1.51,-0.6,0,none,10.0
1789892822.551186,Firewall,8835.24,0.0,9996.37,0.0,-37.9,117.2,0.39,0.59,152193.95,8834.87,9997.88,-37.86,0.78,-2.63,-0.7,0,none,10.0
1789892822.553903,Firewall,8835.26,0.0,9997.32,0.0,-38.1,117.0,0.27,0.48,152198.2,8835.06,9997.55,-38.0,0.99,-1.68,-0.7,0,none,10.0
1789892822.5565143,Firewall,8834.6,0.0,9998.32,0.0,-37.7,113.6,0.25,0.37,152195.53,8835.07,9997.41,-37.98,0.04,-0.68,0.1,0,none,10.0
1789892822.559129,Firewall,8835.1,0.0,9999.0,0.0,-37.9,112.1,0.25,0.4,152199.62,8835.09,9997.7,-37.94,0.08,1.45,0.2,0,none,10.0
1789892822.5617785,Firewall,8834.78,0.0,9999.0,0.0,-38.2,115.9,0.26,0.48,152198.06,8835.0,9998.0,-37.96,-0.46,1.51,-0.1,0,none,10.0
1789892822.5647528,Firewall,8834.33,0.0,9997.58,0.0,-37.9,116.6,0.34,0.31,152203.94,8834.81,9998.24,-37.96,-0.91,1.21,0.0,0,none,10.0
1789892822.5671945,Firewall,8833.63,0.0,9997.36,0.0,-37.6,116.5,0.5,0.47,152207.15,8834.49,9998.25,-37.86,-1.63,0.04,0.5,0,none,10.0
1789892822.5698001,Firewall,8833.45,0.0,9997.82,0.0,-37.9,118.8,0.64,0.5,152203.61,8834.26,9998.15,-37.9,-1.15,-0.5,-0.2,0,none,10.0
1789892822.57243,Firewall,8833.23,0.0,9996.42,0.0,-38.3,121.9,0.58,0.66,152208.14,8833.88,9997.64,-37.98,-1.87,-2.58,-0.4,0,none,10.0
1789892822.57504,Firewall,8832.64,0.0,9995.06,0.0,-38.7,121.8,0.55,0.48,152207.96,8833.46,9996.85,-38.08,-2.14,-3.94,-0.5,0,none,10.0
1789892822.5774086,Firewall,8832.41,0.0,9996.19,0.0,-38.4,125.4,0.47,0.35,152213.01,8833.07,9996.57,-38.18,-1.92,-1.39,-0.5,0,none,10.0
1789892822.5801365,Firewall,8833.09,0.0,9997.54,0.0,-38.1,124.1,0.38,0.49,152209.91,8832.96,9996.61,-38.28,-0.54,0.18,-0.5,0,none,10.0
1789892822.5830948,Firewall,8833.23,0.0,9997.9,0.0,-38.0,124.8,0.33,0.39,152212.44,8832.92,9996.62,-38.3,-0.22,0.08,-0.1,0,none,10.0
1789892822.5857549,Firewall,8833.95,0.0,9999.0,0.0,-38.0,128.0,0.53,0.61,152208.15,8833.06,9997.14,-38.24,0.72,2.58,0.3,0,none,10.0
1789892822.5884101,Firewall,8834.25,0.0,9997.93,0.0,-38.1,131.6,0.65,0.47,152213.24,8833.39,9997.71,-38.12,1.61,2.87,0.6,0,none,10.0
1789892822.5912898,Firewall,8833.85,0.0,9999.0,0.0,-38.1,129.3,0.44,0.29,152214.6,8833.67,9998.27,-38.06,1.44,2.81,0.3,0,none,10.0
1789892822.5939236,Firewall,8833.82,0.0,9999.0,0.0,-38.1,132.1,0.33,0.55,152211.49,8833.82,9998.57,-38.06,0.73,1.46,0.0,0,none,10.0
1789892822.5966098,Firewall,8833.27,0.0,9999.0,0.0,-38.3,131.7,0.32,0.6,152210.77,8833.83,9998.79,-38.12,0.04,1.1,-0.3,0,none,10.0
1789892822.5992947,Firewall,8832.75,0.0,9999.0,0.0,-38.2,129.2,0.52,0.44,152206.93,8833.59,9998.79,-38.16,-1.2,0.0,-0.2,0,none,10.0
1789892822.602109,Firewall,8833.38,0.0,9998.41,0.0,-38.1,132.8,0.4,0.3,152204.91,8833.41,9998.88,-38.16,-0.87,0.48,0.0,0,none,10.0
1789892822.605036,Firewall,8833.79,0.0,9996.95,0.0,-38.4,134.2,0.39,0.52,152209.07,8833.4,9998.47,-38.22,-0.06,-2.05,-0.3,0,none,10.0
1789892822.608106,Firewall,8834.09,0.0,9996.86,0.0,-38.3,133.1,0.46,0.59,152209.99,8833.46,9998.04,-38.26,0.27,-2.14,-0.2,0,none,10.0
1789892822.6111665,Firewall,8834.76,0.0,9996.8,0.0,-38.0,134.6,0.68,0.69,152204.31,8833.75,9997.6,-38.2,1.49,-2.2,0.3,0,none,10.0
1789892822.6137466,Firewall,8834.52,0.0,9997.56,0.0,-38.2,134.3,0.5,0.71,152205.28,8834.11,9997.32,-38.2,1.77,-1.44,0.0,0,none,10.0
1789892822.6163805,Firewall,8835.03,0.0,9998.76,0.0,-38.1,133.8,0.45,0.66,152202.32,8834.44,9997.39,-38.2,1.65,0.35,0.0,0,none,10.0
1789892822.6191165,Firewall,8835.63,0.0,9999.0,0.0,-38.3,132.1,0.51,0.49,152200.91,8834.81,9997.8,-38.18,1.84,2.05,0.1,0,none,10.0
1789892822.6212838,Firewall,8836.4,0.0,9998.84,0.0,-38.7,134.1,0.67,0.36,152195.6,8835.27,9998.19,-38.26,2.31,1.98,-0.4,0,none,10.0
1789892822.6239498,Firewall,8836.36,0.0,9999.0,0.0,-39.0,132.3,0.74,0.26,152192.75,8835.59,9998.63,-38.46,1.6,2.2,-1.0,0,none,10.0
1789892822.6276324,Firewall,8835.73,0.0,9999.0,0.0,-39.2,132.3,0.51,0.42,152198.68,8835.83,9998.92,-38.66,1.21,1.44,-1.0,0,none,10.0
1789892822.630106,Firewall,8835.95,0.0,9999.0,0.0,-39.0,131.5,0.32,0.62,152197.93,8836.01,9998.97,-38.84,0.92,0.24,-0.9,0,none,10.0
1789892822.6334834,Firewall,8835.82,0.0,9999.0,0.0,-39.3,133.2,0.28,0.52,152194.78,8836.05,9998.97,-39.04,0.19,0.0,-1.0,0,none,10.0
1789892822.636153,Firewall,8836.51,0.0,9999.0,0.0,-39.0,130.5,0.31,0.46,152191.76,8836.07,9999.0,-39.1,0.11,0.16,-0.3,0,none,10.0
1789892822.6388488,Firewall,8836.76,0.0,9998.68,0.0,-38.9,133.0,0.41,0.4,152187.76,8836.15,9998.94,-39.08,0.4,-0.32,0.1,0,none,10.0
1789892822.641515,Firewall,8836.21,0.0,9997.48,0.0,-38.8,134.7,0.35,0.34,152192.54,8836.25,9998.63,-39.0,0.48,-1.52,0.4,0,none,10.0
1789892822.6443155,Firewall,8836.64,0.0,9998.06,0.0,-38.7,133.6,0.34,0.29,152194.57,8836.39,9998.44,-38.94,0.69,-0.94,0.3,0,none,10.0
1789892822.6470113,Firewall,8836.53,0.0,9997.92,0.0,-38.9,136.6,0.18,0.48,152194.64,8836.53,9998.23,-38.86,0.71,-1.08,0.4,0,none,10.0
1789892822.6497314,Firewall,8836.69,0.0,9997.5,0.0,-38.8,138.0,0.19,0.37,152194.18,8836.57,9997.93,-38.82,0.18,-1.5,0.2,0,none,10.0
1789892822.6523077,Firewall,8836.77,0.0,9998.2,0.0,-39.0,140.3,0.19,0.25,152196.49,8836.57,9997.83,-38.84,0.01,-0.48,-0.1,0,none,10.0
1789892822.654992,Firewall,8857.9,0.0,9999.0,0.0,-39.1,140.4,8.5,0.25,152682.09,8840.91,9998.14,-38.9,21.69,1.52,-0.3,1,traffic_overload,0.0
1789892822.657765,Firewall,8878.64,0.0,9999.0,0.0,-39.4,137.5,16.82,0.4,152994.64,8849.31,9998.32,-39.04,42.0,0.94,-0.7,1,traffic_overload,0.0
1789892822.6602154,Firewall,8896.66,0.0,9999.0,0.0,-39.7,138.7,23.54,0.39,153304.79,8861.33,9998.54,-39.2,60.13,1.08,-0.8,1,traffic_overload,0.0
1789892822.6626391,Firewall,8907.9,0.0,9999.0,0.0,-39.7,135.5,25.76,0.3,153571.17,8875.57,9998.84,-39.38,71.21,1.5,-0.9,1,traffic_overload,0.0
1789892822.664814,Firewall,8945.1,0.0,9999.0,0.0,-39.7,137.0,29.32,0.39,154099.55,8897.24,9999.0,-39.52,108.33,0.8,-0.7,1,traffic_overload,0.0
1789892822.6675003,Firewall,8971.0,0.0,9999.0,0.0,-39.6,138.0,33.56,0.54,154651.34,8919.86,9999.0,-39.62,113.1,0.0,-0.5,1,traffic_overload,0.0
1789892822.6696966,Firewall,9007.52,0.0,9999.0,0.0,-39.2,139.9,33.56,0.58,154921.87,8945.64,9999.0,-39.58,128.88,0.0,0.2,1,traffic_overload,0.0
1789892822.6723833,Firewall,9023.52,0.0,9999.0,0.0,-39.5,141.7,33.56,0.62,155216.28,8971.01,9999.0,-39.54,126.86,0.0,0.2,1,traffic_overload,0.0
1789892822.6746101,Firewall,9043.89,0.0,9999.0,0.0,-39.7,142.6,33.56,0.54,155574.41,8998.21,9999.0,-39.54,135.99,0.0,0.0,1,traffic_overload,0.0
1789892822.6773584,Firewall,9080.75,0.0,9999.0,0.0,-39.6,142.1,33.56,0.55,155914.38,9025.34,9999.0,-39.52,135.65,0.0,0.1,1,traffic_overload,0.0
1789892822.6799083,Firewall,9097.27,0.0,9999.0,0.0,-39.9,138.8,33.56,0.46,156291.3,9050.59,9999.0,-39.58,126.27,0.0,-0.3,1,traffic_overload,0.0
1789892822.682599,Firewall,9115.86,0.0,9999.0,0.0,-39.8,136.1,33.56,0.37,156571.28,9072.26,9999.0,-39.7,108.34,0.0,-0.6,1,traffic_overload,0.0
1789892822.6847956,Firewall,9147.66,0.0,9999.0,0.0,-40.1,139.1,33.56,0.49,157079.13,9097.09,9999.0,-39.82,124.14,0.0,-0.6,1,traffic_overload,0.0
1789892822.687468,Firewall,9183.85,0.0,9999.0,0.0,-40.2,142.8,33.56,0.63,157390.7,9125.08,9999.0,-39.92,139.96,0.0,-0.5,1,traffic_overload,0.0
1789892822.6901557,Firewall,9219.31,0.0,9999.0,0.0,-40.2,146.5,33.56,0.68,157840.7,9152.79,9999.0,-40.04,138.56,0.0,-0.6,1,,0.0
1789892822.6927626,Firewall,9219.64,0.0,9997.66,0.0,-40.2,147.3,33.56,0.47,157845.2,9177.26,9998.73,-40.1,122.37,-1.34,-0.3,1,none,0.33
1789892822.6949759,Firewall,9219.48,0.0,9997.66,0.0,-39.9,150.6,33.56,0.66,157849.44,9197.99,9998.46,-40.12,103.62,-1.34,-0.1,1,none,0.2
1789892822.697118,Firewall,9219.52,0.0,9996.95,0.0,-39.5,153.8,33.56,0.74,157855.32,9212.36,9998.05,-40.0,71.86,-2.05,0.6,1,none,0.2
1789892822.6997886,Firewall,9219.95,0.0,9998.33,0.0,-39.5,152.2,33.56,0.68,157850.5,9219.58,9997.92,-39.86,36.1,-0.67,0.7,0,none,10.0
1789892822.7025156,Firewall,9220.52,0.0,9997.84,0.0,-39.3,153.9,33.56,0.43,157851.86,9219.82,9997.69,-39.68,1.21,-1.16,0.9,0,none,10.0
1789892822.7049403,Firewall,9220.43,0.0,9996.98,0.0,-39.0,155.8,33.56,0.51,157850.41,9219.98,9997.55,-39.44,0.79,-0.68,1.2,0,none,10.0
1789892822.7071497,Firewall,9221.1,0.0,9997.98,0.0,-38.8,154.8,33.56,0.42,157845.2,9220.3,9997.62,-39.22,1.62,0.32,1.1,0,none,10.0
1789892822.7097435,Firewall,9220.95,0.0,9998.58,0.0,-38.4,154.4,33.56,0.35,157843.17,9220.59,9997.94,-39.0,1.43,1.63,1.1,0,none,10.0
1789892822.7118745,Firewall,9221.43,0.0,9999.0,0.0,-38.1,153.1,33.56,0.49,157844.0,9220.89,9998.08,-38.72,1.48,0.67,1.4,0,none,10.0
1789892822.7145565,Firewall,9221.91,0.0,9999.0,0.0,-37.7,153.4,33.56,0.37,157842.11,9221.16,9998.31,-38.4,1.39,1.16,1.6,0,none,10.0
1789892822.71676,Firewall,9222.55,0.0,9997.94,0.0,-37.9,149.8,33.56,0.57,157845.5,9221.59,9998.5,-38.18,2.12,0.96,1.1,0,none,10.0
1789892822.71897,Firewall,9221.82,0.0,9999.0,0.0,-37.9,153.8,33.56,0.62,157841.1,9221.73,9998.7,-38.0,0.72,1.02,0.9,0,none,10.0
1789892822.721611,Firewall,9221.49,0.0,9997.66,0.0,-38.1,155.9,33.56,0.54,157839.92,9221.84,9998.52,-37.94,0.54,-0.92,0.3,0,none,10.0
1789892822.7243037,Firewall,9220.79,0.0,9998.05,0.0,-38.2,153.8,33.56,0.51,157835.9,9221.71,9998.33,-37.96,-0.64,-0.95,-0.1,0,none,10.0
1789892822.7269444,Firewall,9221.02,0.0,9997.32,0.0,-38.0,157.1,33.56,0.44,157835.22,9221.53,9997.99,-38.02,-0.89,-1.68,-0.3,0,none,10.0
1789892822.7295954,Firewall,9220.97,0.0,9996.44,0.0,-38.0,155.8,33.56,0.32,157830.45,9221.22,9997.69,-38.04,-1.58,-1.5,-0.1,0,none,10.0
1789892822.7321472,Firewall,9220.72,0.0,9995.65,0.0,-38.2,154.2,33.56,0.31,157833.7,9221.0,9997.02,-38.1,-1.1,-3.35,-0.3,0,none,10.0
1789892822.734826,Firewall,9221.02,0.0,9994.45,0.0,-38.5,157.0,33.56,0.58,157836.35,9220.9,9996.38,-38.18,-0.47,-3.21,-0.4,0,none,10.0
1789892822.7375333,Firewall,9221.39,0.0,9992.96,0.0,-38.2,154.8,33.56,0.39,157834.23,9221.02,9995.36,-38.18,0.6,-5.09,0.0,0,none,10.0
1789892822.7402854,Firewall,9220.61,0.0,9993.27,0.0,-38.0,151.5,33.56,0.56,157831.12,9220.94,9994.55,-38.18,-0.41,-4.05,0.0,0,none,10.0
1789892822.7426872,Firewall,9220.81,0.0,9992.37,0.0,-37.9,148.5,33.56,0.48,157826.15,9220.91,9993.74,-38.16,-0.16,-4.07,0.1,0,none,10.0
1789892822.7454152,Firewall,9220.42,0.0,9991.79,0.0,-38.1,147.6,33.56,0.39,157823.88,9220.85,9992.97,-38.14,-0.3,-3.86,0.1,0,none,10.0
1789892822.74798,Firewall,9257.82,0.0,9999.0,0.0,-38.1,147.9,33.56,0.62,158244.68,9228.21,9993.88,-38.06,36.8,4.55,0.4,1,traffic_overload,0.0
1789892822.7507014,Firewall,9269.52,0.0,9999.0,0.0,-37.7,147.9,33.56,0.43,158808.12,9237.84,9995.09,-37.96,48.13,6.04,0.5,1,traffic_overload,0.0
1789892822.753399,Firewall,9282.33,0.0,9999.0,0.0,-37.7,149.2,33.56,0.27,159298.74,9250.18,9996.23,-37.9,61.72,5.73,0.3,1,traffic_overload,0.0
1789892822.7558236,Firewall,9312.78,0.0,9999.0,0.0,-37.3,152.3,33.56,0.47,159826.47,9268.57,9997.56,-37.78,91.97,6.63,0.6,1,traffic_overload,0.0
1789892822.7586222,Firewall,9349.69,0.0,9999.0,0.0,-36.9,151.1,33.56,0.64,160223.73,9294.43,9999.0,-37.54,129.27,7.21,1.2,1,traffic_overload,0.0
1789892822.761395,Firewall,9388.17,0.0,9999.0,0.0,-36.7,152.6,33.56,0.72,160676.85,9320.5,9999.0,-37.26,130.35,0.0,1.4,1,traffic_overload,0.0
1789892822.7637758,Firewall,9418.09,0.0,9999.0,0.0,-36.9,155.2,33.56,0.8,160942.8,9350.21,9999.0,-37.1,148.57,0.0,0.8,1,traffic_overload,0.0
1789892822.766443,Firewall,9438.97,0.0,9999.0,0.0,-36.6,157.3,33.56,0.67,161259.75,9381.54,9999.0,-36.88,156.64,0.0,1.1,1,traffic_overload,0.0
1789892822.7687552,Firewall,9465.04,0.0,9999.0,0.0,-37.0,156.9,33.56,0.64,161590.65,9411.99,9999.0,-36.82,152.26,0.0,0.3,1,traffic_overload,0.0
1789892822.7714148,Firewall,9503.02,0.0,9999.0,0.0,-37.3,157.4,33.56,0.52,161942.44,9442.66,9999.0,-36.9,153.33,0.0,-0.4,1,traffic_overload,0.0
1789892822.7739794,Firewall,9519.12,0.0,9999.0,0.0,-37.0,154.0,33.56,0.37,162341.02,9468.85,9999.0,-36.96,130.95,0.0,-0.3,1,traffic_overload,0.0
1789892822.7767258,Firewall,9542.46,0.0,9999.0,0.0,-37.3,152.4,33.56,0.53,162725.03,9493.72,9999.0,-37.04,124.37,0.0,-0.4,1,traffic_overload,0.0
1789892822.7794743,Firewall,9556.47,0.0,9999.0,0.0,-37.4,152.1,33.56,0.66,163005.0,9517.22,9999.0,-37.2,117.5,0.0,-0.8,1,,0.0
1789892822.7818432,Firewall,9556.15,0.0,9999.0,0.0,-37.4,148.1,33.56,0.46,163005.5,9535.44,9999.0,-37.28,91.11,0.0,-0.4,1,none,1.33
1789892822.7846062,Firewall,9556.79,0.0,9999.0,0.0,-37.5,144.8,33.56,0.5,162999.94,9546.2,9999.0,-37.32,53.77,0.0,-0.2,1,none,1.17
1789892822.787345,Firewall,9556.85,0.0,9999.0,0.0,-37.4,148.7,33.56,0.63,163003.28,9553.74,9999.0,-37.4,37.73,0.0,-0.4,1,none,1.0
1789892822.7901325,Firewall,9557.37,0.0,9999.0,0.0,-37.7,150.6,33.56,0.4,163000.16,9556.73,9999.0,-37.48,14.91,0.0,-0.4,1,none,0.83
1789892822.7925014,Firewall,9557.83,0.0,9999.0,0.0,-38.1,147.8,33.56,0.39,163004.84,9557.0,9999.0,-37.62,1.36,0.0,-0.7,1,none,0.67
1789892822.7952516,Firewall,9557.39,0.0,9998.2,0.0,-38.5,146.7,33.56,0.34,163004.27,9557.25,9998.84,-37.84,1.24,-0.8,-1.1,1,none,0.5
1789892822.7980192,Firewall,9557.45,0.0,9996.72,0.0,-38.4,146.4,33.56,0.5,163007.03,9557.38,9998.38,-38.02,0.66,-2.28,-0.9,1,none,0.33
1789892822.8007042,Firewall,9558.22,0.0,9996.82,0.0,-38.4,148.6,33.56,0.6,163004.93,9557.65,9997.95,-38.22,1.37,-2.18,-1.0,1,none,0.2
1789892822.803457,Firewall,9557.89,0.0,9997.11,0.0,-38.6,149.9,33.56,0.37,163010.38,9557.76,9997.57,-38.4,0.52,-1.89,-0.9,1,none,0.2
1789892822.8065505,Firewall,9557.99,0.0,9996.25,0.0,-38.2,150.1,33.56,0.53,163013.34,9557.79,9997.02,-38.42,0.16,-2.75,-0.1,0,none,10.0
1789892822.8092506,Firewall,9557.97,0.0,9996.47,0.0,-38.3,147.8,33.56,0.44,163011.41,9557.9,9996.67,-38.38,0.58,-1.73,0.2,0,none,10.0
1789892822.8119507,Firewall,9558.39,0.0,9996.89,0.0,-38.3,150.4,33.56,0.55,163012.49,9558.09,9996.71,-38.36,0.94,0.17,0.1,0,none,10.0
1789892822.8144395,Firewall,9558.08,0.0,9996.41,0.0,-38.0,151.6,33.56,0.38,163009.05,9558.06,9996.63,-38.28,-0.14,-0.41,0.4,0,none,10.0
1789892822.8169758,Firewall,9557.77,0.0,9995.69,0.0,-38.3,152.0,33.56,0.54,163003.93,9558.04,9996.34,-38.22,-0.12,-1.42,0.3,0,none,10.0
1789892822.8196132,Firewall,9558.54,0.0,9995.78,0.0,-38.7,150.9,33.56,0.35,163006.19,9558.15,9996.25,-38.32,0.55,-0.47,-0.5,0,none,10.0
1789892822.822321,Firewall,9558.41,0.0,9994.58,0.0,-38.7,149.4,33.56,0.28,163005.56,9558.24,9995.87,-38.4,0.44,-1.89,-0.4,0,none,10.0
1789892822.8247073,Firewall,9559.12,0.0,9994.41,0.0,-38.5,146.8,33.56,0.33,163009.06,9558.38,9995.37,-38.44,0.73,-2.48,-0.2,0,none,10.0
1789892822.827214,Firewall,9558.34,0.0,9993.07,0.0,-38.2,149.1,33.56,0.24,163012.21,9558.44,9994.71,-38.48,0.26,-3.34,-0.2,0,none,10.0
1789892822.8293924,Firewall,9559.12,0.0,9992.0,0.0,-38.0,152.9,33.56,0.49,163015.37,9558.71,9993.97,-38.42,1.35,-3.69,0.3,0,none,10.0
1789892822.831852,Firewall,9559.33,0.0,9991.74,0.0,-37.6,152.3,33.56,0.34,163012.43,9558.86,9993.16,-38.2,0.79,-4.04,1.1,0,none,10.0
1789892822.8340566,Firewall,9559.49,0.0,9990.54,0.0,-37.7,155.0,33.56,0.58,163015.22,9559.08,9992.35,-38.0,1.08,-4.04,1.0,0,none,10.0
1789892822.836532,Firewall,9558.8,0.0,9991.86,0.0,-37.4,155.3,33.56,0.65,163020.15,9559.02,9991.84,-37.78,-0.32,-2.55,1.1,0,none,10.0
1789892822.839129,Firewall,9558.13,0.0,9991.44,0.0,-37.5,157.1,33.56,0.68,163020.91,9558.97,9991.52,-37.64,-0.21,-1.63,0.7,0,none,10.0
1789892822.8416824,Firewall,9557.47,0.0,9991.41,0.0,-37.8,153.6,33.56,0.55,163015.95,9558.64,9991.4,-37.6,-1.65,-0.59,0.2,0,none,10.0
1789892822.8444448,Firewall,9557.19,0.0,9990.51,0.0,-37.4,154.7,33.56,0.62,163017.39,9558.22,9991.15,-37.56,-2.14,-1.23,0.2,0,none,10.0
1789892822.8472142,Firewall,9557.87,0.0,9989.1,0.0,-37.0,152.5,33.56,0.74,163014.32,9557.89,9990.86,-37.42,-1.62,-1.44,0.7,0,none,10.0
1789892822.849938,Firewall,9558.44,0.0,9988.12,0.0,-37.2,151.3,33.56,0.51,163010.73,9557.82,9990.12,-37.38,-0.36,-3.74,0.2,0,none,10.0
1789892822.8526096,Firewall,9559.0,0.0,9989.01,0.0,-37.2,155.1,33.56,0.66,163015.26,9557.99,9989.63,-37.32,0.87,-2.43,0.3,0,none,10.0
1789892822.8549924,Firewall,9559.55,0.0,9990.09,0.0,-36.9,157.3,33.56,0.54,163019.81,9558.41,9989.37,-37.14,2.08,-1.32,0.9,0,none,10.0
1789892822.8576736,Firewall,9559.25,0.0,9989.81,0.0,-36.8,157.6,33.56,0.53,163017.99,9558.82,9989.23,-37.02,2.06,-0.7,0.6,0,none,10.0
1789892822.8604233,Firewall,9559.95,0.0,9988.45,0.0,-36.5,158.5,33.56,0.41,163012.37,9559.24,9989.1,-36.92,2.08,-0.65,0.5,0,none,10.0
1789892822.8631914,Firewall,9559.46,0.0,9987.47,0.0,-36.4,159.2,33.56,0.54,163017.19,9559.44,9988.97,-36.76,1.02,-0.65,0.8,0,none,10.0
1789892822.8659406,Firewall,9559.99,0.0,9987.33,0.0,-36.0,162.8,33.56,0.38,163017.53,9559.64,9988.63,-36.52,0.99,-1.68,1.2,0,none,10.0
1789892822.8686907,Firewall,9559.69,0.0,9987.01,0.0,-36.1,163.8,33.56,0.33,163016.96,9559.67,9988.01,-36.36,0.14,-3.08,0.8,0,none,10.0
1789892822.8711243,Firewall,9558.9,0.0,9988.11,0.0,-36.4,167.4,33.56,0.53,163017.17,9559.6,9987.67,-36.28,-0.35,-1.7,0.4,0,none,10.0
1789892822.8738277,Firewall,9577.07,0.0,9999.0,0.0,-36.0,167.3,33.56,0.53,163437.11,9563.02,9989.78,-36.18,17.12,10.55,0.5,1,traffic_overload,0.0
1789892822.8765948,Firewall,9607.35,0.0,9999.0,0.0,-36.2,169.9,33.56,0.69,163855.4,9572.6,9992.09,-36.14,47.89,11.53,0.2,1,traffic_overload,0.0
1789892822.8793392,Firewall,9632.78,0.0,9999.0,0.0,-36.6,173.6,33.56,0.8,164161.77,9587.16,9994.42,-36.26,72.79,11.67,-0.6,1,traffic_overload,0.0
1789892822.8819532,Firewall,9669.4,0.0,9999.0,0.0,-36.8,174.7,33.56,0.53,164664.43,9609.1,9996.82,-36.4,109.71,11.99,-0.7,1,traffic_overload,0.0
1789892822.8851354,Firewall,9686.29,0.0,9999.0,0.0,-37.0,176.6,33.56,0.45,165124.75,9634.58,9999.0,-36.52,127.39,10.89,-0.6,1,traffic_overload,0.0
1789892822.8881195,Firewall,9719.82,0.0,9999.0,0.0,-37.3,176.8,33.56,0.51,165480.5,9663.13,9999.0,-36.78,142.75,0.0,-1.3,1,traffic_overload,0.0
1789892822.8907413,Firewall,9750.82,0.0,9999.0,0.0,-37.5,180.3,33.56,0.42,165757.45,9691.82,9999.0,-37.04,143.47,0.0,-1.3,1,traffic_overload,0.0
1789892822.8934498,Firewall,9771.39,0.0,9999.0,0.0,-37.1,180.3,33.56,0.42,166078.79,9719.54,9999.0,-37.14,138.61,0.0,-0.5,1,traffic_overload,0.0
1789892822.8958943,Firewall,9789.68,0.0,9999.0,0.0,-37.1,179.1,33.56,0.49,166520.26,9743.6,9999.0,-37.2,120.28,0.0,-0.3,1,traffic_overload,0.0
1789892822.8986273,Firewall,9815.18,0.0,9999.0,0.0,-37.3,176.6,33.56,0.6,166980.95,9769.38,9999.0,-37.26,128.89,0.0,-0.3,1,traffic_overload,0.0
1789892822.9013782,Firewall,9836.58,0.0,9999.0,0.0,-37.1,179.7,33.56,0.45,167253.14,9792.73,9999.0,-37.22,116.76,0.0,0.2,1,traffic_overload,0.0
1789892822.9039834,Firewall,9859.05,0.0,9999.0,0.0,-37.3,181.0,33.56,0.49,167610.14,9814.38,9999.0,-37.18,108.23,0.0,0.2,1,traffic_overload,0.0
1789892822.9066312,Firewall,9874.6,0.0,9999.0,0.0,-37.5,184.2,33.56,0.37,167883.43,9835.02,9999.0,-37.26,103.21,0.0,-0.4,1,traffic_overload,0.0
1789892822.9089718,Firewall,9912.34,0.0,9999.0,0.0,-37.6,185.6,33.56,0.48,168240.73,9859.55,9999.0,-37.36,122.66,0.0,-0.5,1,traffic_overload,0.0
1789892822.911434,Firewall,9939.94,0.0,9999.0,0.0,-37.7,186.0,33.56,0.36,168648.87,9884.5,9999.0,-37.44,124.76,0.0,-0.4,1,traffic_overload,0.0
1789892822.9144092,Firewall,9960.07,0.0,9999.0,0.0,-37.6,187.7,33.56,0.55,168988.08,9909.2,9999.0,-37.54,123.49,0.0,-0.5,1,,0.0
1789892822.9170885,Firewall,9959.73,0.0,9998.16,0.0,-37.9,185.0,33.56,0.63,168989.21,9929.34,9998.83,-37.66,100.68,-0.84,-0.6,0,none,10.0
1789892822.9198287,Firewall,9959.98,0.0,9997.0,0.0,-37.7,182.9,33.56,0.62,168983.83,9946.41,9998.43,-37.7,85.38,-2.0,-0.2,0,none,10.0
1789892822.922566,Firewall,9959.72,0.0,9996.01,0.0,-38.0,185.5,33.56,0.69,168986.07,9955.89,9997.83,-37.78,47.38,-2.99,-0.4,0,none,10.0
1789892822.9253032,Firewall,9959.18,0.0,9994.86,0.0,-37.7,184.1,33.56,0.49,168980.12,9959.74,9997.01,-37.78,19.24,-4.14,0.0,0,none,10.0
1789892822.9279854,Firewall,9959.26,0.0,9994.07,0.0,-37.9,186.1,33.56,0.48,168985.42,9959.57,9996.02,-37.84,-0.81,-4.93,-0.3,0,none,10.0
1789892822.9306505,Firewall,9959.45,0.0,9994.33,0.0,-38.0,186.5,33.56,0.64,168983.88,9959.52,9995.25,-37.86,-0.28,-3.83,-0.1,0,none,10.0
1789892822.9334035,Firewall,9959.95,0.0,9995.82,0.0,-38.2,187.0,33.56,0.74,168984.26,9959.51,9995.02,-37.96,-0.03,-1.18,-0.5,0,none,10.0
1789892822.936188,Firewall,9960.18,0.0,9995.06,0.0,-37.9,184.5,33.56,0.52,168982.92,9959.6,9994.83,-37.94,0.46,-0.95,0.1,0,none,10.0
1789892822.9389372,Firewall,9959.61,0.0,9995.8,0.0,-38.1,183.0,33.56,0.43,168980.65,9959.69,9995.02,-38.02,0.43,0.94,-0.4,0,none,10.0
1789892822.9416916,Firewall,9959.75,0.0,9996.51,0.0,-37.8,185.0,33.56,0.48,168977.83,9959.79,9995.5,-38.0,0.49,2.44,0.1,0,none,10.0
1789892822.9445298,Firewall,9960.05,0.0,9996.6,0.0,-37.9,182.7,33.56,0.41,168982.2,9959.91,9995.96,-37.98,0.6,2.27,0.1,0,none,10.0
1789892822.9469056,Firewall,9960.69,0.0,9995.61,0.0,-37.8,182.8,33.56,0.52,168982.57,9960.06,9995.92,-37.9,0.74,-0.21,0.4,0,none,10.0
1789892822.9498472,Firewall,9960.79,0.0,9995.07,0.0,-37.4,179.0,33.56,0.41,168981.19,9960.18,9995.92,-37.8,0.61,0.01,0.5,0,none,10.0
1789892822.9526498,Firewall,9961.32,0.0,9994.43,0.0,-37.5,175.1,33.56,0.45,168986.14,9960.52,9995.64,-37.68,1.71,-1.37,0.6,0,none,10.0
1789892822.9553866,Firewall,9960.89,0.0,9995.13,0.0,-37.8,177.8,33.56,0.55,168986.02,9960.75,9995.37,-37.68,1.14,-1.38,0.0,0,none,10.0
1789892822.9581132,Firewall,9961.43,0.0,9993.83,0.0,-38.1,180.9,33.56,0.69,168987.08,9961.02,9994.81,-37.72,1.38,-2.77,-0.2,0,none,10.0
1789892822.9610453,Firewall,9961.76,0.0,9995.08,0.0,-38.5,181.0,33.56,0.81,168987.32,9961.24,9994.71,-37.86,1.07,-0.53,-0.7,0,none,10.0
1789892822.9638324,Firewall,9961.32,0.0,9995.78,0.0,-38.4,184.5,33.56,0.57,168981.42,9961.34,9994.85,-38.06,0.53,0.71,-1.0,0,none,10.0
1789892822.9665732,Firewall,9961.24,0.0,9994.93,0.0,-38.2,181.3,33.56,0.58,168975.96,9961.33,9994.95,-38.2,-0.08,0.5,-0.7,0,none,10.0
1789892822.9693174,Firewall,9961.15,0.0,9996.29,0.0,-38.4,184.0,33.56,0.58,168972.67,9961.38,9995.18,-38.32,0.26,1.16,-0.6,0,none,10.0
1789892822.9720962,Firewall,9960.44,0.0,9997.0,0.0,-38.4,184.2,33.56,0.64,168970.39,9961.18,9995.82,-38.38,-0.99,3.17,-0.3,0,none,10.0
1789892822.9750075,Firewall,9960.51,0.0,9998.15,0.0,-38.3,181.0,33.56,0.69,168971.41,9960.93,9996.43,-38.34,-1.25,3.07,0.2,0,none,10.0
1789892822.9775379,Firewall,9959.93,0.0,9997.17,0.0,-38.1,183.8,33.56,0.8,168975.41,9960.65,9996.71,-38.28,-1.39,1.39,0.3,0,none,10.0
1789892822.9800878,Firewall,9959.59,0.0,9997.68,0.0,-38.3,182.3,33.56,0.69,168974.02,9960.32,9997.26,-38.3,-1.65,2.75,-0.1,0,none,10.0
1789892822.982721,Firewall,9960.14,0.0,9996.19,0.0,-38.4,186.2,33.56,0.81,168972.19,9960.12,9997.24,-38.3,-1.01,-0.1,0.0,0,none,10.0
1789892822.985361,Firewall,9959.47,0.0,9995.27,0.0,-38.5,182.9,33.56,0.49,168976.24,9959.93,9996.89,-38.32,-0.97,-1.73,-0.1,0,none,10.0
1789892822.9880903,Firewall,9959.23,0.0,9995.74,0.0,-38.5,182.5,33.56,0.58,168976.59,9959.67,9996.41,-38.36,-1.28,-2.41,-0.2,0,none,10.0
1789892822.9907687,Firewall,9959.95,0.0,9995.06,0.0,-38.4,184.9,33.56,0.43,168978.39,9959.68,9995.99,-38.42,0.02,-2.11,-0.3,0,none,10.0
1789892822.9934688,Firewall,9960.49,0.0,9994.59,0.0,-38.3,183.9,33.56,0.41,168980.87,9959.86,9995.37,-38.42,0.9,-3.09,0.0,0,none,10.0
1789892822.996148,Firewall,9961.01,0.0,9995.18,0.0,-38.2,181.2,33.56,0.44,168982.26,9960.03,9995.17,-38.38,0.87,-1.01,0.2,0,none,10.0
1789892822.9987872,Firewall,9960.56,0.0,9994.74,0.0,-38.6,182.9,33.56,0.49,168983.65,9960.25,9995.06,-38.4,1.09,-0.53,-0.1,0,none,10.0
1789892823.0013983,Firewall,9960.13,0.0,9995.84,0.0,-38.7,180.4,33.56,0.41,168984.69,9960.43,9995.08,-38.44,0.9,0.1,-0.2,0,none,10.0
1789892823.0041687,Firewall,9959.6,0.0,9995.31,0.0,-38.4,176.6,33.56,0.32,168979.61,9960.36,9995.13,-38.44,-0.35,0.25,0.0,0,none,10.0
1789892823.0071018,Firewall,9960.0,0.0,1663.56,0.0,-38.3,172.6,33.56,0.28,168979.63,9960.26,8328.93,-38.44,-0.49,-8331.03,0.0,1,dns_outage,0.0
1789892823.0097687,Firewall,9960.35,0.0,9999.0,12.5,-37.9,171.3,33.56,0.23,168976.21,9960.13,8329.69,-38.38,-0.66,3.82,0.3,1,dns_outage,0.0
1789892823.0123775,Firewall,9959.82,0.0,492.06,12.5,-38.3,170.8,33.56,0.28,168970.65,9959.98,6429.15,-38.32,-0.74,-9502.68,0.3,1,dns_outage,0.0
1789892823.0150104,Firewall,9960.04,0.0,9999.0,25.0,-38.4,171.4,33.56,0.32,168975.12,9959.96,6429.79,-38.26,-0.09,3.16,0.3,1,dns_outage,0.0
1789892823.0176792,Firewall,9960.61,0.0,901.95,25.0,-38.8,172.9,33.56,0.5,168970.29,9960.16,4611.11,-38.34,1.01,-9093.36,-0.4,1,dns_outage,0.0
1789892823.0203264,Firewall,9960.0,0.0,9999.0,37.5,-38.4,170.0,33.56,0.45,168968.07,9960.16,6278.2,-38.36,0.0,8335.44,-0.1,1,dns_outage,0.0
1789892823.0229554,Firewall,9960.03,0.0,969.57,37.5,-38.8,168.9,33.56,0.55,168972.04,9960.1,4472.32,-38.54,-0.32,-9029.43,-0.9,1,dns_outage,0.0
1789892823.0256298,Firewall,9959.97,0.0,1845.64,37.5,-38.5,165.0,33.56,0.64,168971.83,9960.13,4743.03,-38.58,0.15,1353.58,-0.2,1,dns_outage,0.0
1789892823.0282385,Firewall,9959.47,0.0,9999.0,50.0,-38.4,161.9,33.56,0.74,168976.45,9960.02,4743.03,-38.58,-0.57,0.0,0.0,1,dns_outage,0.0
1789892823.0309167,Firewall,9959.86,0.0,9999.0,50.0,-38.0,161.8,33.56,0.46,168971.62,9959.87,6562.44,-38.42,-0.75,9097.05,0.8,1,dns_outage,0.0
1789892823.0336494,Firewall,9959.14,0.0,9999.0,62.5,-37.6,161.4,33.56,0.38,168967.09,9959.69,6562.44,-38.26,-0.86,0.0,0.8,1,dns_outage,0.0
1789892823.0363023,Firewall,9959.09,0.0,485.72,50.0,-37.5,163.8,33.56,0.46,168967.75,9959.51,6465.67,-38.0,-0.94,-483.85,1.3,1,dns_outage,0.0
1789892823.0389352,Firewall,9958.33,0.0,9999.0,62.5,-37.4,164.9,33.56,0.33,168971.03,9959.18,8096.34,-37.78,-1.64,8153.36,1.1,1,,0.0
1789892823.0419846,Firewall,9958.35,0.0,488.5,50.0,-37.1,165.5,33.56,0.22,168970.2,9958.95,6194.24,-37.52,-1.12,-9510.5,1.3,1,none,0.33
1789892823.0446792,Firewall,9958.2,0.0,489.86,50.0,-36.8,166.6,33.56,0.46,168964.29,9958.62,4292.42,-37.28,-1.66,-9509.14,1.2,1,none,0.2
1789892823.0474305,Firewall,9958.36,0.0,490.93,50.0,-36.9,163.7,33.56,0.33,168967.21,9958.47,2390.8,-37.14,-0.78,-9508.07,0.7,1,none,0.2
1789892823.0503337,Firewall,9958.7,0.0,489.97,37.5,-36.5,165.2,33.56,0.57,168961.29,9958.39,2391.65,-36.94,-0.39,4.25,1.0,0,none,10.0
1789892823.0533416,Firewall,9957.93,0.0,489.41,25.0,-36.5,162.9,33.56,0.6,168962.55,9958.31,489.73,-36.76,-0.4,-9509.59,0.9,0,none,10.0
1789892823.0559945,Firewall,9957.9,0.0,489.79,12.5,-36.8,162.5,33.56,0.5,168960.93,9958.22,489.99,-36.7,-0.45,1.29,0.3,0,none,10.0
1789892823.0585537,Firewall,9957.47,0.0,490.35,12.5,-36.6,159.4,33.56,0.41,168966.71,9958.07,490.09,-36.66,-0.73,0.49,0.2,0,none,10.0
1789892823.0613148,Firewall,9957.73,0.0,490.72,0.0,-36.9,159.6,33.56,0.45,168969.98,9957.95,490.05,-36.66,-0.63,-0.21,0.0,0,none,10.0
1789892823.0640123,Firewall,9958.2,0.0,492.21,0.0,-37.3,160.9,33.56,0.57,168968.86,9957.85,490.5,-36.82,-0.5,2.24,-0.8,0,none,10.0
1789892823.066689,Firewall,9958.53,0.0,492.79,0.0,-37.0,160.9,33.56,0.61,168965.33,9957.97,491.17,-36.92,0.6,3.38,-0.5,0,none,10.0
1789892823.069618,Firewall,9958.83,0.0,493.19,0.0,-37.0,158.4,33.56,0.71,168965.46,9958.15,491.85,-36.96,0.93,3.4,-0.2,0,none,10.0
1789892823.0720365,Firewall,9958.75,0.0,494.32,0.0,-36.7,159.5,33.56,0.72,168970.82,9958.41,492.65,-36.98,1.28,3.97,-0.1,0,none,10.0
1789892823.0747347,Firewall,9958.18,0.0,493.87,0.0,-36.4,162.9,33.56,0.64,168971.31,9958.5,493.28,-36.88,0.45,3.15,0.5,0,none,10.0
1789892823.0774302,Firewall,9958.8,0.0,493.32,0.0,-36.3,162.9,33.56,0.66,168973.88,9958.62,493.5,-36.68,0.6,1.11,1.0,0,none,10.0
1789892823.0801806,Firewall,9959.06,0.0,494.29,0.0,-36.4,161.6,33.56,0.43,168971.27,9958.72,493.8,-36.56,0.53,1.5,0.6,0,none,10.0
1789892823.0828967,Firewall,9958.54,0.0,495.59,0.0,-36.2,163.7,33.56,0.49,168967.48,9958.67,494.28,-36.4,-0.29,2.4,0.8,0,none,10.0
1789892823.0856378,Firewall,9957.88,0.0,496.9,0.0,-36.4,163.2,33.56,0.58,168965.92,9958.49,494.79,-36.34,-0.87,2.58,0.3,0,none,10.0
1789892823.0884035,Firewall,9957.76,0.0,497.92,0.0,-36.1,161.7,33.56,0.43,168963.46,9958.41,495.6,-36.28,-0.42,4.05,0.3,0,none,10.0
1789892823.0909293,Firewall,9957.33,0.0,498.38,0.0,-36.0,163.3,33.56,0.29,168961.16,9958.11,496.62,-36.22,-1.47,5.06,0.3,0,none,10.0
1789892823.0938048,Firewall,9956.72,0.0,497.58,0.0,-36.0,165.8,33.56,0.53,168966.0,9957.65,497.27,-36.14,-2.34,3.29,0.4,0,none,10.0
1789892823.0962138,Firewall,9984.93,0.0,672.31,0.0,-35.9,163.2,33.56,0.42,169432.64,9962.92,532.62,-36.08,26.39,176.72,0.3,1,traffic_overload,0.0
1789892823.0991316,Firewall,9999.0,0.0,760.01,0.0,-35.8,161.7,33.56,0.27,169897.99,9971.15,585.24,-35.96,41.12,263.11,0.6,1,traffic_overload,0.0
1789892823.1018093,Firewall,9999.0,0.0,877.86,0.0,-35.8,165.0,33.56,0.32,170186.65,9979.4,661.23,-35.9,41.24,379.94,0.3,1,traffic_overload,0.0
1789892823.1044838,Firewall,9999.0,0.0,1008.56,0.0,-36.2,162.1,33.56,0.53,170672.42,9987.73,763.26,-35.94,41.67,510.18,-0.2,1,traffic_overload,0.0
1789892823.1074924,Firewall,9999.0,0.0,1151.37,0.0,-36.0,159.4,33.56,0.52,171175.03,9996.19,894.02,-35.94,42.28,653.79,0.0,1,traffic_overload,0.0
1789892823.110194,Firewall,9999.0,0.0,1280.66,0.0,-35.6,156.5,33.56,0.56,171591.89,9999.0,1015.69,-35.88,14.07,608.35,0.3,1,traffic_overload,0.0
1789892823.113114,Firewall,9999.0,0.0,1323.7,0.0,-35.3,155.8,33.56,0.72,172116.72,9999.0,1128.43,-35.78,0.0,563.69,0.5,1,traffic_overload,0.0
1789892823.1158202,Firewall,9999.0,0.0,1480.02,0.0,-35.4,153.8,33.56,0.58,172647.12,9999.0,1248.86,-35.7,0.0,602.16,0.4,1,traffic_overload,0.0
1789892823.118617,Firewall,9999.0,0.0,1658.41,0.0,-35.1,151.8,33.56,0.6,173171.72,9999.0,1378.83,-35.48,0.0,649.85,1.1,1,traffic_overload,0.0
1789892823.1212077,Firewall,9999.0,0.0,1758.36,0.0,-34.9,151.5,33.56,0.42,173654.53,9999.0,1500.23,-35.26,0.0,606.99,1.1,1,traffic_overload,0.0
1789892823.1236284,Firewall,9999.0,0.0,1849.47,0.0,-34.6,152.8,33.56,0.29,174069.84,9999.0,1613.99,-35.06,0.0,568.81,1.0,1,traffic_overload,0.0
1789892823.126364,Firewall,9999.0,0.0,1993.26,0.0,-34.4,149.2,33.56,0.47,174376.17,9999.0,1747.9,-34.88,0.0,669.56,0.9,1,traffic_overload,0.0
1789892823.1288962,Firewall,9999.0,0.0,2144.78,0.0,-34.5,151.0,33.56,0.65,174821.84,9999.0,1880.86,-34.7,0.0,664.76,0.9,1,traffic_overload,0.0
1789892823.1316557,Firewall,9999.0,0.0,2219.72,0.0,-34.1,147.7,33.56,0.53,175142.18,9999.0,1993.12,-34.5,0.0,561.31,1.0,1,traffic_overload,0.0
1789892823.1343517,Firewall,9999.0,0.0,2322.12,0.0,-33.9,148.8,33.56,0.37,175514.48,9999.0,2105.87,-34.3,0.0,563.76,1.0,1,traffic_overload,0.0
1789892823.1370194,Firewall,9999.0,0.0,2366.06,0.0,-34.2,146.5,33.56,0.31,175977.54,9999.0,2209.19,-34.22,0.0,516.59,0.4,1,traffic_overload,0.0
1789892823.1399798,Firewall,9999.0,0.0,2476.7,0.0,-34.1,143.7,33.56,0.2,176287.8,9999.0,2305.88,-34.16,0.0,483.44,0.3,1,traffic_overload,0.0
1789892823.1426933,Firewall,9999.0,0.0,2556.94,0.0,-34.0,144.5,33.56,0.28,176633.9,9999.0,2388.31,-34.06,0.0,412.16,0.5,1,,0.0
1789892823.1453383,Firewall,9998.8,0.0,2556.17,0.0,-33.7,141.6,33.56,0.39,176630.57,9998.96,2455.6,-33.98,-0.2,336.45,0.4,0,none,10.0
1789892823.1481194,Firewall,9998.39,0.0,2557.13,0.0,-33.6,140.4,33.56,0.33,176636.35,9998.84,2502.6,-33.92,-0.61,235.01,0.3,0,none,10.0
1789892823.1508086,Firewall,9997.65,0.0,2557.45,0.0,-33.4,138.6,33.56,0.53,176639.23,9998.57,2540.88,-33.76,-1.35,191.39,0.8,0,none,10.0
1789892823.1539073,Firewall,9997.97,0.0,2556.16,0.0,-33.3,141.0,33.56,0.53,176637.26,9998.36,2556.77,-33.6,-1.03,79.46,0.8,0,none,10.0
1789892823.1567314,Firewall,9998.4,0.0,2557.17,0.0,-33.4,144.8,33.56,0.34,176639.79,9998.24,2556.82,-33.48,-0.6,0.23,0.6,0,none,10.0
1789892823.1596258,Firewall,9998.42,0.0,2558.06,0.0,-33.1,148.1,33.56,0.23,176640.75,9998.17,2557.19,-33.36,-0.38,1.89,0.6,0,none,10.0
1789892823.1626246,Firewall,9999.0,0.0,2557.09,0.0,-33.0,149.6,33.56,0.29,176637.59,9998.29,2557.19,-33.24,0.61,-0.04,0.6,0,none,10.0
1789892823.1653244,Firewall,9998.48,0.0,2558.48,0.0,-33.3,149.7,33.56,0.29,176636.45,9998.45,2557.39,-33.22,0.83,1.03,0.1,0,none,10.0
1789892823.1681771,Firewall,9998.06,0.0,2558.48,0.0,-33.5,149.5,33.56,0.35,176641.1,9998.47,2557.86,-33.26,0.09,2.32,-0.2,0,none,10.0
1789892823.1708255,Firewall,9998.86,0.0,2559.02,0.0,-33.4,146.1,33.56,0.22,176641.17,9998.56,2558.23,-33.26,0.46,1.85,0.0,0,none,10.0
1789892823.1732981,Firewall,9998.19,0.0,2560.01,0.0,-33.7,147.6,33.56,0.39,176638.54,9998.52,2558.62,-33.38,-0.23,1.95,-0.6,0,none,10.0
1789892823.1754909,Firewall,9998.12,0.0,2561.24,0.0,-34.0,145.2,33.56,0.54,176636.34,9998.34,2559.45,-33.58,-0.88,4.15,-1.0,0,none,10.0
1789892823.1782727,Firewall,9997.88,0.0,2560.89,0.0,-34.1,149.1,33.56,0.43,176638.2,9998.22,2559.93,-33.74,-0.6,2.41,-0.8,0,none,10.0
1789892823.1812105,Firewall,9998.5,0.0,2562.05,0.0,-34.4,145.3,33.56,0.61,176639.03,9998.31,2560.64,-33.92,0.44,3.57,-0.9,0,none,10.0
1789892823.1839802,Firewall,9998.41,0.0,2561.21,0.0,-34.6,143.6,33.56,0.74,176643.13,9998.22,2561.08,-34.16,-0.45,2.19,-1.2,0,none,10.0
1789892823.1866002,Firewall,9998.74,0.0,2561.67,0.0,-34.9,143.0,33.56,0.72,176644.27,9998.33,2561.41,-34.4,0.55,1.66,-1.2,0,none,10.0
1789892823.1892254,Firewall,9998.8,0.0,2561.9,0.0,-34.9,141.1,33.56,0.62,176649.53,9998.47,2561.54,-34.58,0.68,0.66,-0.9,0,none,10.0
1789892823.1916478,Firewall,9999.0,0.0,2561.51,0.0,-35.3,140.5,33.56,0.46,176647.35,9998.69,2561.67,-34.82,1.12,0.62,-1.2,0,none,10.0
1789892823.1948001,Firewall,9999.0,0.0,2560.88,0.0,-35.2,142.7,33.56,0.49,176649.67,9998.79,2561.43,-34.98,0.5,-1.17,-0.8,0,none,10.0
1789892823.1974552,Firewall,9999.0,0.0,2559.82,0.0,-35.3,140.7,33.56,0.47,176654.98,9998.91,2561.16,-35.12,0.59,-1.39,-0.7,0,none,10.0
1789892823.2001686,Firewall,9998.56,0.0,2559.35,0.0,-35.4,144.3,33.56,0.32,176658.11,9998.87,2560.69,-35.22,-0.18,-2.32,-0.5,0,none,10.0
1789892823.202671,Firewall,9998.33,0.0,2559.06,0.0,-35.7,141.1,33.56,0.24,176660.14,9998.78,2560.12,-35.38,-0.47,-2.84,-0.8,0,none,10.0
1789892823.205277,Firewall,9999.0,0.0,2560.03,0.0,-35.8,142.6,33.56,0.36,176657.3,9998.78,2559.83,-35.48,0.0,-1.48,-0.5,0,none,10.0
1789892823.208257,Firewall,9998.54,0.0,2560.17,0.0,-35.5,142.5,33.56,0.61,176653.73,9998.69,2559.69,-35.54,-0.46,-0.71,-0.3,0,none,10.0
1789892823.2111845,Firewall,9998.85,0.0,2559.82,0.0,-35.8,140.2,33.56,0.44,176653.0,9998.66,2559.69,-35.64,-0.15,0.0,-0.5,0,none,10.0
1789892823.2139418,Firewall,9998.13,0.0,2558.94,0.0,-35.6,141.3,33.56,0.5,176655.77,9998.57,2559.6,-35.68,-0.43,-0.41,-0.2,0,none,10.0
1789892823.2165868,Firewall,9998.63,0.0,9999.0,12.5,-35.4,142.2,33.56,0.64,176661.26,9998.63,4047.59,-35.62,0.3,7439.94,0.3,1,dns_outage,0.0
1789892823.2197733,Firewall,9998.71,0.0,9999.0,25.0,-35.8,143.5,33.56,0.44,176664.37,9998.57,5535.39,-35.62,-0.29,7438.97,0.0,1,dns_outage,0.0
1789892823.2224119,Firewall,9998.56,0.0,1793.99,25.0,-35.9,144.8,33.56,0.58,176667.26,9998.58,5382.15,-35.7,0.02,-766.18,-0.4,1,dns_outage,0.0
1789892823.225207,Firewall,9998.63,0.0,2265.29,25.0,-35.6,148.0,33.56,0.51,176671.39,9998.53,5323.24,-35.66,-0.22,-294.53,0.2,1,dns_outage,0.0
1789892823.2280107,Firewall,9998.97,0.0,983.66,25.0,-36.0,148.2,33.56,0.49,176666.6,9998.7,5008.19,-35.74,0.84,-1575.28,-0.4,1,dns_outage,0.0
1789892823.2306378,Firewall,9998.75,0.0,9999.0,37.5,-35.7,150.7,33.56,0.3,176668.01,9998.72,5008.19,-35.8,0.12,0.0,-0.3,1,dns_outage,0.0
1789892823.2332542,Firewall,9999.0,0.0,1979.08,37.5,-35.4,150.9,33.56,0.53,176663.13,9998.78,3404.2,-35.72,0.29,-8019.92,0.4,1,dns_outage,0.0
1789892823.2362263,Firewall,9998.5,0.0,9999.0,50.0,-35.7,153.3,33.56,0.58,176668.54,9998.77,5045.21,-35.68,-0.06,8205.01,0.2,1,dns_outage,0.0
1789892823.2388706,Firewall,9997.95,0.0,2098.18,37.5,-35.4,149.7,33.56,0.68,176673.18,9998.63,5011.78,-35.64,-0.68,-167.11,0.2,1,dns_outage,0.0
1789892823.241488,Firewall,9997.75,0.0,1474.02,25.0,-35.2,148.1,33.56,0.5,176675.73,9998.39,5109.86,-35.48,-1.22,490.36,0.8,1,dns_outage,0.0
1789892823.2443292,Firewall,9997.16,0.0,9999.0,37.5,-35.2,149.3,33.56,0.5,176669.8,9998.07,5109.86,-35.38,-1.59,0.0,0.5,1,dns_outage,0.0
1789892823.2469542,Firewall,9997.62,0.0,720.48,37.5,-35.3,152.8,33.56,0.42,176666.98,9997.8,4858.14,-35.36,-1.38,-1258.6,0.1,1,dns_outage,0.0
1789892823.2495923,Firewall,9998.27,0.0,1565.04,37.5,-35.6,151.7,33.56,0.35,176663.44,9997.75,3171.34,-35.34,-0.23,-8433.96,0.1,1,dns_outage,0.0
1789892823.2522924,Firewall,9997.68,0.0,2312.56,25.0,-35.8,155.1,33.56,0.21,176667.55,9997.7,3214.22,-35.42,-0.27,214.38,-0.4,1,dns_outage,0.0
1789892823.2549224,Firewall,9997.96,0.0,1417.66,25.0,-35.6,158.5,33.56,0.33,176664.72,9997.74,3202.95,-35.5,0.21,-56.36,-0.4,1,dns_outage,0.0
1789892823.2575395,Firewall,9998.26,0.0,9999.0,25.0,-35.5,157.0,33.56,0.47,176666.17,9997.96,3202.95,-35.56,1.1,0.0,-0.3,1,,0.0
1789892823.260235,Firewall,9999.0,0.0,1422.04,25.0,-35.1,155.7,33.56,0.41,176668.63,9998.23,3343.26,-35.52,1.38,701.56,0.2,1,none,0.67
1789892823.2628405,Firewall,9999.0,0.0,1422.78,25.0,-34.9,158.7,33.56,0.6,176673.78,9998.38,3314.81,-35.38,0.73,-142.26,0.7,1,none,0.5
1789892823.2654562,Firewall,9999.0,0.0,1421.72,12.5,-34.8,161.4,33.56,0.64,176677.27,9998.64,3136.64,-35.18,1.32,-890.84,1.0,1,none,0.33
1789892823.268083,Firewall,9998.81,0.0,1420.81,12.5,-34.7,160.4,33.56,0.49,176671.33,9998.81,3137.27,-35.0,0.85,3.15,0.9,1,none,0.2
1789892823.2707243,Firewall,9999.0,0.0,1422.03,12.5,-34.6,158.1,33.56,0.49,176677.13,9998.96,1421.88,-34.82,0.74,-8576.97,0.9,1,none,0.2
1789892823.2735462,Firewall,9999.0,0.0,1421.71,12.5,-34.9,160.5,33.56,0.39,176680.15,9998.96,1421.81,-34.78,0.0,-0.33,0.2,0,none,10.0
1789892823.2764964,Firewall,9998.23,0.0,1420.75,12.5,-35.0,159.2,33.56,0.54,176679.02,9998.81,1421.4,-34.8,-0.77,-2.03,-0.1,0,none,10.0
1789892823.2792675,Firewall,9998.67,0.0,1422.14,0.0,-34.9,155.6,33.56,0.65,176684.41,9998.74,1421.49,-34.82,-0.33,0.42,-0.1,0,none,10.0
1789892823.2818885,Firewall,9999.0,0.0,1420.68,0.0,-34.6,153.6,33.56,0.5,176686.13,9998.78,1421.46,-34.8,0.19,-0.13,0.1,0,none,10.0
1789892823.2845237,Firewall,9998.41,0.0,1421.66,0.0,-34.5,156.4,33.56,0.66,176683.19,9998.66,1421.39,-34.78,-0.59,-0.37,0.1,0,none,10.0
1789892823.287141,Firewall,9998.52,0.0,1422.09,0.0,-34.6,158.4,33.56,0.63,176681.03,9998.57,1421.46,-34.72,-0.48,0.38,0.3,0,none,10.0
1789892823.2897723,Firewall,9998.19,0.0,9999.0,12.5,-34.6,155.8,33.56,0.42,176683.32,9998.56,3137.11,-34.64,-0.04,8578.25,0.4,1,dns_outage,0.0
1789892823.2925828,Firewall,9997.59,0.0,2486.89,12.5,-34.8,156.8,33.56,0.31,176688.02,9998.34,3350.06,-34.62,-1.08,1064.75,0.1,1,dns_outage,0.0
1789892823.2953448,Firewall,9997.49,0.0,9999.0,25.0,-34.7,157.9,33.56,0.48,176691.48,9998.04,5065.73,-34.64,-1.51,8578.32,-0.1,1,dns_outage,0.0
1789892823.2979903,Firewall,9997.63,0.0,9999.0,37.5,-34.3,160.0,33.56,0.38,176685.74,9997.88,6781.2,-34.6,-0.78,8577.34,0.2,1,dns_outage,0.0
1789892823.3006139,Firewall,9997.96,0.0,1969.1,37.5,-34.1,159.4,33.56,0.47,176684.86,9997.77,6890.6,-34.5,-0.56,547.01,0.5,1,dns_outage,0.0
1789892823.303382,Firewall,9998.69,0.0,2197.76,37.5,-34.1,159.1,33.56,0.36,176681.77,9997.87,5330.35,-34.4,0.5,-7801.24,0.5,1,dns_outage,0.0
1789892823.3060317,Firewall,9998.98,0.0,2282.43,37.5,-34.3,161.1,33.56,0.39,176683.74,9998.15,5289.46,-34.3,1.39,-204.46,0.5,1,dns_outage,0.0
1789892823.3090057,Firewall,9998.77,0.0,1080.57,37.5,-34.1,161.8,33.56,0.45,176679.69,9998.41,3505.77,-34.18,1.28,-8918.43,0.6,1,dns_outage,0.0
1789892823.3116183,Firewall,9999.0,0.0,1004.01,25.0,-34.1,159.8,33.56,0.63,176684.26,9998.68,1706.77,-34.14,1.37,-8994.99,0.2,1,dns_outage,0.0
1789892823.314381,Firewall,9999.0,0.0,2087.01,25.0,-34.0,161.2,33.56,0.69,176680.23,9998.89,1730.36,-34.12,1.04,117.91,0.1,1,dns_outage,0.0
1789892823.3170166,Firewall,9998.89,0.0,9999.0,25.0,-34.0,160.8,33.56,0.71,176686.17,9998.93,3290.6,-34.1,0.2,7801.24,0.1,1,dns_outage,0.0
1789892823.3196566,Firewall,9999.0,0.0,1970.56,12.5,-33.7,158.9,33.56,0.74,176690.07,9998.93,3228.23,-33.98,0.02,-311.87,0.6,1,dns_outage,0.0
1789892823.3223922,Firewall,9998.46,0.0,9999.0,25.0,-33.7,162.6,33.56,0.47,176692.28,9998.87,5011.92,-33.9,-0.31,8918.43,0.4,1,dns_outage,0.0
1789892823.3256948,Firewall,9998.87,0.0,9999.0,37.5,-33.5,163.6,33.56,0.54,176691.43,9998.84,6810.91,-33.78,-0.13,8994.99,0.6,1,dns_outage,0.0
1789892823.3284106,Firewall,9999.0,0.0,2479.6,37.5,-33.8,164.6,33.56,0.67,176691.78,9998.84,6889.43,-33.74,0.0,392.59,0.2,1,dns_outage,0.0
1789892823.3310795,Firewall,9998.33,0.0,897.03,37.5,-33.9,166.4,33.56,0.79,176686.14,9998.73,5069.04,-33.72,-0.56,-9101.97,0.1,1,,0.0
1789892823.3338413,Firewall,9997.9,0.0,896.8,37.5,-34.1,165.4,33.56,0.74,176690.86,9998.51,4854.29,-33.8,-1.1,-1073.76,-0.4,1,none,0.67
1789892823.3364673,Firewall,9997.4,0.0,897.97,37.5,-34.1,164.4,33.56,0.49,176693.93,9998.3,3034.08,-33.88,-1.06,-9101.03,-0.4,1,none,0.5
1789892823.3390894,Firewall,9997.73,0.0,897.08,25.0,-33.9,163.5,33.56,0.6,176695.55,9998.07,1213.7,-33.96,-1.14,-9101.92,-0.4,1,none,0.33
1789892823.341733,Firewall,9998.17,0.0,898.56,25.0,-33.8,159.8,33.56,0.42,176695.34,9997.91,897.49,-33.96,-0.83,-1581.04,0.0,1,none,0.2
1789892823.344486,Firewall,9998.09,0.0,899.47,12.5,-33.5,158.0,33.56,0.34,176693.18,9997.86,897.98,-33.88,-0.24,2.44,0.4,1,none,0.2
1789892823.3471122,Firewall,9997.43,0.0,898.47,0.0,-33.8,154.2,33.56,0.36,176698.4,9997.76,898.31,-33.82,-0.47,1.67,0.3,0,none,10.0
1789892823.350036,Firewall,9997.77,0.0,899.33,0.0,-33.4,151.7,33.56,0.47,176696.64,9997.84,898.58,-33.68,0.37,1.36,0.7,0,none,10.0
1789892823.3527756,Firewall,9997.18,0.0,898.78,0.0,-33.8,153.8,33.56,0.67,176698.32,9997.73,898.92,-33.66,-0.55,1.7,0.1,0,none,10.0
1789892823.3554978,Firewall,9996.99,0.0,897.32,0.0,-33.7,150.3,33.56,0.67,176697.69,9997.49,898.67,-33.64,-1.18,-1.24,0.1,0,none,10.0
1789892823.3584816,Firewall,9996.38,0.0,897.01,0.0,-33.4,146.8,33.56,0.49,176697.68,9997.15,898.18,-33.62,-1.71,-2.46,0.1,0,none,10.0
1789892823.361308,Firewall,9996.8,0.0,898.35,0.0,-33.4,146.4,33.56,0.69,176693.3,9997.02,898.16,-33.54,-0.63,-0.12,0.4,0,none,10.0
1789892823.363677,Firewall,9996.32,0.0,898.01,0.0,-33.5,143.1,33.56,0.56,176688.17,9996.73,897.89,-33.56,-1.45,-1.32,-0.1,0,none,10.0
1789892823.3661075,Firewall,9996.01,0.0,898.7,0.0,-33.3,146.4,33.56,0.55,176693.23,9996.5,897.88,-33.46,-1.17,-0.08,0.5,0,none,10.0
1789892823.3688693,Firewall,9996.12,0.0,899.02,0.0,-33.3,143.6,33.56,0.68,176689.96,9996.33,898.22,-33.38,-0.87,1.7,0.4,0,none,10.0
1789892823.3716595,Firewall,9995.65,0.0,897.62,0.0,-33.5,145.8,33.56,0.52,176694.28,9996.18,898.34,-33.4,-0.73,0.61,-0.1,0,none,10.0
1789892823.3745053,Firewall,9995.87,0.0,898.18,0.0,-33.4,144.8,33.56,0.61,176698.77,9995.99,898.31,-33.4,-0.93,-0.17,0.0,0,none,10.0
1789892823.3772142,Firewall,9995.43,0.0,899.33,0.0,-33.1,141.6,33.56,0.61,176695.57,9995.82,898.57,-33.32,-0.89,1.32,0.4,0,none,10.0
1789892823.3796036,Firewall,9996.09,0.0,899.27,0.0,-33.3,143.0,33.56,0.74,176689.77,9995.83,898.68,-33.32,0.08,0.57,0.0,0,none,10.0
1789892823.3822365,Firewall,9996.37,0.0,899.82,0.0,-33.2,143.4,33.56,0.76,176684.98,9995.88,898.84,-33.3,0.25,0.8,0.1,0,none,10.0
1789892823.3849115,Firewall,9996.46,0.0,900.65,0.0,-33.4,144.8,33.56,0.75,176689.76,9996.04,899.45,-33.28,0.81,3.03,0.1,0,none,10.0
1789892823.3875759,Firewall,9995.89,0.0,902.05,0.0,-33.6,143.3,33.56,0.73,176690.01,9996.05,900.22,-33.32,0.02,3.87,-0.2,0,none,10.0
1789892823.3901906,Firewall,9996.09,0.0,900.64,0.0,-34.0,145.3,33.56,0.48,176686.1,9996.18,900.49,-33.5,0.66,1.31,-0.9,0,none,10.0
1789892823.3927584,Firewall,9996.72,0.0,901.12,0.0,-34.3,143.3,33.56,0.5,176688.74,9996.31,900.86,-33.7,0.63,1.85,-1.0,0,none,10.0
1789892823.395377,Firewall,9996.44,0.0,901.62,0.0,-34.5,143.5,33.56,0.57,176693.2,9996.32,901.22,-33.96,0.07,1.8,-1.3,0,none,10.0
1789892823.3986235,Firewall,9996.59,0.0,900.21,0.0,-34.5,140.8,33.56,0.49,176693.99,9996.35,901.13,-34.18,0.13,-0.44,-1.1,0,none,10.0
